path,verdict,useless,reason,action,bytes,lines,parse_status,sha256_12
.dockerignore,KEEP,NO,Repository-level operational configuration.,Keep; update if pipeline paths change.,280,33,text-read,b33a3ff2e3ca
.env.example,KEEP,NO,Repository-level operational configuration.,Keep; update if pipeline paths change.,1167,53,text-read,b1d60fe01ecd
.github/ISSUE_TEMPLATE/abuse_report.yml,KEEP,NO,GitHub workflow/template/release automation.,Keep unless process is intentionally simplified.,1166,42,valid-yaml,87ea5132f3df
.github/ISSUE_TEMPLATE/config.yml,KEEP,NO,GitHub workflow/template/release automation.,Keep unless process is intentionally simplified.,249,5,valid-yaml,00c31577c907
.github/ISSUE_TEMPLATE/data_correction.yml,KEEP,NO,GitHub workflow/template/release automation.,Keep unless process is intentionally simplified.,1242,42,valid-yaml,0b35c8adf461
.github/ISSUE_TEMPLATE/privacy_request.yml,KEEP,NO,GitHub workflow/template/release automation.,Keep unless process is intentionally simplified.,1178,42,valid-yaml,d69f14281b5a
.github/pull_request_template.md,KEEP,NO,GitHub workflow/template/release automation.,Keep unless process is intentionally simplified.,1339,56,text-read,e25e8753c3bd
.github/release-drafter.yml,KEEP,NO,GitHub workflow/template/release automation.,Keep unless process is intentionally simplified.,1477,80,valid-yaml,845f56039240
.github/release.yml,KEEP,NO,GitHub workflow/template/release automation.,Keep unless process is intentionally simplified.,628,32,valid-yaml,f001bb57c625
.github/workflows/auto-label.yml,KEEP,NO,GitHub workflow/template/release automation.,Keep unless process is intentionally simplified.,3328,96,valid-yaml,6a7e8a530991
.github/workflows/ci.yml,KEEP,NO,GitHub workflow/template/release automation.,Keep unless process is intentionally simplified.,3948,159,valid-yaml,88bcd25a4245
.github/workflows/deploy.yml,FIX,NO,Deploy workflow path conflicts with infra deploy script default path.,Unify /opt/bracc vs /opt/coacc.,606,22,valid-yaml,b6e27e111e3a
.github/workflows/docker-ci.yml,KEEP,NO,GitHub workflow/template/release automation.,Keep unless process is intentionally simplified.,2959,90,valid-yaml,309a854ae7ef
.github/workflows/publish-release.yml,KEEP,NO,GitHub workflow/template/release automation.,Keep unless process is intentionally simplified.,5952,193,valid-yaml,d591bcd30d90
.github/workflows/release-drafter.yml,KEEP,NO,GitHub workflow/template/release automation.,Keep unless process is intentionally simplified.,381,20,valid-yaml,ab3ab28ad4cb
.github/workflows/release-label-policy.yml,KEEP,NO,GitHub workflow/template/release automation.,Keep unless process is intentionally simplified.,1319,43,valid-yaml,f743a0294493
.github/workflows/security.yml,FIX,NO,"Security workflow is useful, but current repo fails two of its gates.",Fix compliance docs and public privacy query violations.,3816,144,valid-yaml,b5bcf56d6d33
.gitignore,KEEP,NO,Repository-level operational configuration.,Keep; update if pipeline paths change.,1469,108,text-read,378be6aa0bcb
.gitleaksignore,KEEP,NO,Repository-level operational configuration.,Keep; update if pipeline paths change.,503,8,text-read,88da4fed6bc0
ABUSE_RESPONSE.md,KEEP,NO,Governance/legal public-surface document.,Keep; update alongside compliance gate.,1647,54,text-read,14611d74c98b
CHANGELOG.md,KEEP,NO,Governance/legal public-surface document.,Keep; update alongside compliance gate.,3413,84,text-read,44a8e20ec353
CONTRIBUTING.md,KEEP,NO,Governance/legal public-surface document.,Keep; update alongside compliance gate.,1413,50,text-read,5fd70b1f81a6
DISCLAIMER.md,KEEP,NO,Governance/legal public-surface document.,Keep; update alongside compliance gate.,987,33,text-read,5268baeed077
ETHICS.md,KEEP,NO,Governance/legal public-surface document.,Keep; update alongside compliance gate.,1737,51,text-read,95b2c1b04e9c
LGPD.md,KEEP,NO,Governance/legal public-surface document.,Keep; update alongside compliance gate.,1994,54,text-read,1320d007ac3d
LICENSE,KEEP,NO,Governance/legal public-surface document.,Keep; update alongside compliance gate.,34523,661,text-read,0d96a4ff68ad
Makefile,KEEP,NO,Repository-level operational configuration.,Keep; update if pipeline paths change.,3830,118,text-read,463e5a0c82b6
PRIVACY.md,KEEP,NO,Governance/legal public-surface document.,Keep; update alongside compliance gate.,1190,32,text-read,3d5fdc71bcc7
README.md,FIX,NO,"Primary repo documentation, but compliance gate says it lacks the expected Legal & Ethics section.",Add/update legal section or change the gate.,8511,201,text-read,ed424411744d
SECURITY.md,KEEP,NO,Governance/legal public-surface document.,Keep; update alongside compliance gate.,917,33,text-read,499ae7880059
TERMS.md,KEEP,NO,Governance/legal public-surface document.,Keep; update alongside compliance gate.,2011,56,text-read,fae648a98ec2
api/Dockerfile,FIX,NO,API image omits repo config files needed by signal registry at runtime.,Copy/mount config or make path configurable.,514,20,text-read,3cd09e7e93df
api/pyproject.toml,KEEP,NO,"Active API source, test, config, lockfile, data, or template.",Keep; normal maintenance only.,1371,61,text-read,2f3f98a9c8b2
api/scripts/build_watchlist_snapshots.py,KEEP,NO,"Active API source, test, config, lockfile, data, or template.",Keep; normal maintenance only.,4706,142,valid-python,9887143cb2d2
api/scripts/materialize_signals.py,KEEP,NO,"Active API source, test, config, lockfile, data, or template.",Keep; normal maintenance only.,7921,212,valid-python,562e1db9188f
api/scripts/validate_signal_registry.py,KEEP,NO,"Active API source, test, config, lockfile, data, or template.",Keep; normal maintenance only.,3893,119,valid-python,d7ad13a56f4c
api/src/coacc/__init__.py,KEEP,NO,"Active API source, test, config, lockfile, data, or template.",Keep; normal maintenance only.,0,0,valid-python,e3b0c44298fc
api/src/coacc/config.py,KEEP,NO,"Active API source, test, config, lockfile, data, or template.",Keep; normal maintenance only.,2312,63,valid-python,08b473ecf9bb
api/src/coacc/constants.py,KEEP,NO,"Active API source, test, config, lockfile, data, or template.",Keep; normal maintenance only.,276,16,valid-python,deca1f61cac0
api/src/coacc/data/watchlists/buyers.json,KEEP,NO,"Active API source, test, config, lockfile, data, or template.",Keep; normal maintenance only.,701837,15642,valid-json,1e767588b676
api/src/coacc/data/watchlists/companies.json,KEEP,NO,"Active API source, test, config, lockfile, data, or template.",Keep; normal maintenance only.,2758211,68538,valid-json,87c52af5526a
api/src/coacc/data/watchlists/people.json,KEEP,NO,"Active API source, test, config, lockfile, data, or template.",Keep; normal maintenance only.,531887,12757,valid-json,024a24f877df
api/src/coacc/data/watchlists/territories.json,KEEP,NO,"Active API source, test, config, lockfile, data, or template.",Keep; normal maintenance only.,347225,7727,valid-json,040a9125a22e
api/src/coacc/dependencies.py,KEEP,NO,"Active API source, test, config, lockfile, data, or template.",Keep; normal maintenance only.,3818,119,valid-python,3915a5d6c8aa
api/src/coacc/i18n/__init__.py,KEEP,NO,"Active API source, test, config, lockfile, data, or template.",Keep; normal maintenance only.,0,0,valid-python,e3b0c44298fc
api/src/coacc/main.py,KEEP,NO,"Active API source, test, config, lockfile, data, or template.",Keep; normal maintenance only.,3959,123,valid-python,c94aa3784742
api/src/coacc/middleware/__init__.py,KEEP,NO,"Active API source, test, config, lockfile, data, or template.",Keep; normal maintenance only.,0,0,valid-python,e3b0c44298fc
api/src/coacc/middleware/rate_limit.py,KEEP,NO,"Active API source, test, config, lockfile, data, or template.",Keep; normal maintenance only.,950,28,valid-python,d8f742907a2e
api/src/coacc/middleware/security_headers.py,KEEP,NO,"Active API source, test, config, lockfile, data, or template.",Keep; normal maintenance only.,2149,61,valid-python,173042a98ddc
api/src/coacc/models/__init__.py,KEEP,NO,"Active API source, test, config, lockfile, data, or template.",Keep; normal maintenance only.,0,0,valid-python,e3b0c44298fc
api/src/coacc/models/baseline.py,KEEP,NO,"Active API source, test, config, lockfile, data, or template.",Keep; normal maintenance only.,562,25,valid-python,4620ef7836c0
api/src/coacc/models/case.py,KEEP,NO,"Active API source, test, config, lockfile, data, or template.",Keep; normal maintenance only.,1406,52,valid-python,3d50cecb2fdb
api/src/coacc/models/dashboard.py,KEEP,NO,"Active API source, test, config, lockfile, data, or template.",Keep; normal maintenance only.,5636,191,valid-python,5a9bab8e11c9
api/src/coacc/models/entity.py,KEEP,NO,"Active API source, test, config, lockfile, data, or template.",Keep; normal maintenance only.,2493,110,valid-python,a1cdaf42876b
api/src/coacc/models/graph.py,KEEP,NO,"Active API source, test, config, lockfile, data, or template.",Keep; normal maintenance only.,706,31,valid-python,5c4891447d56
api/src/coacc/models/investigation.py,KEEP,NO,"Active API source, test, config, lockfile, data, or template.",Keep; normal maintenance only.,1165,53,valid-python,d57a56f4ca71
api/src/coacc/models/pattern.py,KEEP,NO,"Active API source, test, config, lockfile, data, or template.",Keep; normal maintenance only.,15663,388,valid-python,dbb6b5e1e279
api/src/coacc/models/search.py,KEEP,NO,"Active API source, test, config, lockfile, data, or template.",Keep; normal maintenance only.,449,21,valid-python,14ac3ee704bb
api/src/coacc/models/signal.py,KEEP,NO,"Active API source, test, config, lockfile, data, or template.",Keep; normal maintenance only.,6464,186,valid-python,f4116986930f
api/src/coacc/models/user.py,KEEP,NO,"Active API source, test, config, lockfile, data, or template.",Keep; normal maintenance only.,468,23,valid-python,dc2fba35d01e
api/src/coacc/queries/acto_o_gaceta_contractual.cypher,KEEP_BLOCKED,NO_BUT_BLOCKED,"Cypher query is part of API surface, but useful only after Neo4j is populated from lake/curated.",Keep; validate after graph-loader Phase 11.,2953,51,text-read,e18a8bff1c84
api/src/coacc/queries/adverse_media_supplier_review_only.cypher,KEEP_BLOCKED,NO_BUT_BLOCKED,"Cypher query is part of API surface, but useful only after Neo4j is populated from lake/curated.",Keep; validate after graph-loader Phase 11.,1834,36,text-read,5560e985c715
api/src/coacc/queries/annotation_create.cypher,KEEP_BLOCKED,NO_BUT_BLOCKED,"Cypher query is part of API surface, but useful only after Neo4j is populated from lake/curated.",Keep; validate after graph-loader Phase 11.,372,13,text-read,7b704d05fe15
api/src/coacc/queries/annotation_delete.cypher,KEEP_BLOCKED,NO_BUT_BLOCKED,"Cypher query is part of API surface, but useful only after Neo4j is populated from lake/curated.",Keep; validate after graph-loader Phase 11.,182,4,text-read,7fcfee0f6679
api/src/coacc/queries/annotation_list.cypher,KEEP_BLOCKED,NO_BUT_BLOCKED,"Cypher query is part of API surface, but useful only after Neo4j is populated from lake/curated.",Keep; validate after graph-loader Phase 11.,297,7,text-read,66126796485e
api/src/coacc/queries/baseline_region.cypher,KEEP_BLOCKED,NO_BUT_BLOCKED,"Cypher query is part of API surface, but useful only after Neo4j is populated from lake/curated.",Keep; validate after graph-loader Phase 11.,2023,46,text-read,53d0630090e9
api/src/coacc/queries/baseline_sector.cypher,KEEP_BLOCKED,NO_BUT_BLOCKED,"Cypher query is part of API surface, but useful only after Neo4j is populated from lake/curated.",Keep; validate after graph-loader Phase 11.,2022,44,text-read,48dc9c31ffb2
api/src/coacc/queries/beneficial_ownership_overlap_review_only.cypher,KEEP_BLOCKED,NO_BUT_BLOCKED,"Cypher query is part of API surface, but useful only after Neo4j is populated from lake/curated.",Keep; validate after graph-loader Phase 11.,1872,36,text-read,1e54c195f3d2
api/src/coacc/queries/case_events.cypher,KEEP_BLOCKED,NO_BUT_BLOCKED,"Cypher query is part of API surface, but useful only after Neo4j is populated from lake/curated.",Keep; validate after graph-loader Phase 11.,629,14,text-read,364195c17400
api/src/coacc/queries/case_refresh_attach.cypher,KEEP_BLOCKED,NO_BUT_BLOCKED,"Cypher query is part of API surface, but useful only after Neo4j is populated from lake/curated.",Keep; validate after graph-loader Phase 11.,756,20,text-read,f1c67398ae7a
api/src/coacc/queries/case_refresh_reset.cypher,KEEP_BLOCKED,NO_BUT_BLOCKED,"Cypher query is part of API surface, but useful only after Neo4j is populated from lake/curated.",Keep; validate after graph-loader Phase 11.,367,12,text-read,f13bcf4827b0
api/src/coacc/queries/case_signal_hits.cypher,KEEP_BLOCKED,NO_BUT_BLOCKED,"Cypher query is part of API surface, but useful only after Neo4j is populated from lake/curated.",Keep; validate after graph-loader Phase 11.,1973,49,text-read,32dd83fb8868
api/src/coacc/queries/case_summary_meta.cypher,KEEP_BLOCKED,NO_BUT_BLOCKED,"Cypher query is part of API surface, but useful only after Neo4j is populated from lake/curated.",Keep; validate after graph-loader Phase 11.,397,7,text-read,95f6a0bee70f
api/src/coacc/queries/control_politico_contractual.cypher,KEEP_BLOCKED,NO_BUT_BLOCKED,"Cypher query is part of API surface, but useful only after Neo4j is populated from lake/curated.",Keep; validate after graph-loader Phase 11.,3062,51,text-read,b6b4501df5df
api/src/coacc/queries/cuentas_claras_donor_supplier_overlap.cypher,KEEP_BLOCKED,NO_BUT_BLOCKED,"Cypher query is part of API surface, but useful only after Neo4j is populated from lake/curated.",Keep; validate after graph-loader Phase 11.,988,18,text-read,34e9e87b3611
api/src/coacc/queries/entity_by_element_id.cypher,KEEP_BLOCKED,NO_BUT_BLOCKED,"Cypher query is part of API surface, but useful only after Neo4j is populated from lake/curated.",Keep; validate after graph-loader Phase 11.,538,8,text-read,5261dc072aa3
api/src/coacc/queries/entity_by_id.cypher,KEEP_BLOCKED,NO_BUT_BLOCKED,"Cypher query is part of API surface, but useful only after Neo4j is populated from lake/curated.",Keep; validate after graph-loader Phase 11.,1301,23,text-read,cf4a3f3c6d01
api/src/coacc/queries/entity_connections.cypher,KEEP_BLOCKED,NO_BUT_BLOCKED,"Cypher query is part of API surface, but useful only after Neo4j is populated from lake/curated.",Keep; validate after graph-loader Phase 11.,1638,22,text-read,686d04720df2
api/src/coacc/queries/entity_evidence_trail.cypher,KEEP_BLOCKED,NO_BUT_BLOCKED,"Cypher query is part of API surface, but useful only after Neo4j is populated from lake/curated.",Keep; validate after graph-loader Phase 11.,10405,261,text-read,0758b9c8eb51
api/src/coacc/queries/entity_lookup.cypher,KEEP_BLOCKED,NO_BUT_BLOCKED,"Cypher query is part of API surface, but useful only after Neo4j is populated from lake/curated.",Keep; validate after graph-loader Phase 11.,571,21,text-read,516d0e4d58f8
api/src/coacc/queries/entity_score.cypher,KEEP_BLOCKED,NO_BUT_BLOCKED,"Cypher query is part of API surface, but useful only after Neo4j is populated from lake/curated.",Keep; validate after graph-loader Phase 11.,3796,73,text-read,f5b9ba4e2fc3
api/src/coacc/queries/entity_timeline.cypher,KEEP_BLOCKED,NO_BUT_BLOCKED,"Cypher query is part of API surface, but useful only after Neo4j is populated from lake/curated.",Keep; validate after graph-loader Phase 11.,1571,38,text-read,9773cefa632c
api/src/coacc/queries/environmental_file_contract_overlap.cypher,KEEP_BLOCKED,NO_BUT_BLOCKED,"Cypher query is part of API surface, but useful only after Neo4j is populated from lake/curated.",Keep; validate after graph-loader Phase 11.,2374,44,text-read,d8ea2535fc27
api/src/coacc/queries/graph_expand.cypher,KEEP_BLOCKED,NO_BUT_BLOCKED,"Cypher query is part of API surface, but useful only after Neo4j is populated from lake/curated.",Keep; validate after graph-loader Phase 11.,2162,39,text-read,aaa148394a3e
api/src/coacc/queries/health_check.cypher,KEEP_BLOCKED,NO_BUT_BLOCKED,"Cypher query is part of API surface, but useful only after Neo4j is populated from lake/curated.",Keep; validate after graph-loader Phase 11.,15,1,text-read,eae17b9cfcd4
api/src/coacc/queries/investigation_add_entity.cypher,KEEP_BLOCKED,NO_BUT_BLOCKED,"Cypher query is part of API surface, but useful only after Neo4j is populated from lake/curated.",Keep; validate after graph-loader Phase 11.,2063,28,text-read,47ec256f09b1
api/src/coacc/queries/investigation_by_token.cypher,KEEP_BLOCKED,NO_BUT_BLOCKED,"Cypher query is part of API surface, but useful only after Neo4j is populated from lake/curated.",Keep; validate after graph-loader Phase 11.,755,11,text-read,50540ef170a3
api/src/coacc/queries/investigation_create.cypher,KEEP_BLOCKED,NO_BUT_BLOCKED,"Cypher query is part of API surface, but useful only after Neo4j is populated from lake/curated.",Keep; validate after graph-loader Phase 11.,595,24,text-read,941f1946875b
api/src/coacc/queries/investigation_delete.cypher,KEEP_BLOCKED,NO_BUT_BLOCKED,"Cypher query is part of API surface, but useful only after Neo4j is populated from lake/curated.",Keep; validate after graph-loader Phase 11.,201,5,text-read,ac184906aafa
api/src/coacc/queries/investigation_get.cypher,KEEP_BLOCKED,NO_BUT_BLOCKED,"Cypher query is part of API surface, but useful only after Neo4j is populated from lake/curated.",Keep; validate after graph-loader Phase 11.,776,11,text-read,8a129caa9648
api/src/coacc/queries/investigation_list.cypher,KEEP_BLOCKED,NO_BUT_BLOCKED,"Cypher query is part of API surface, but useful only after Neo4j is populated from lake/curated.",Keep; validate after graph-loader Phase 11.,918,17,text-read,f9b91233f02b
api/src/coacc/queries/investigation_remove_entity.cypher,KEEP_BLOCKED,NO_BUT_BLOCKED,"Cypher query is part of API surface, but useful only after Neo4j is populated from lake/curated.",Keep; validate after graph-loader Phase 11.,1527,28,text-read,18f80c319d44
api/src/coacc/queries/investigation_share.cypher,KEEP_BLOCKED,NO_BUT_BLOCKED,"Cypher query is part of API surface, but useful only after Neo4j is populated from lake/curated.",Keep; validate after graph-loader Phase 11.,186,5,text-read,0cebe8c18613
api/src/coacc/queries/investigation_share_revoke.cypher,KEEP_BLOCKED,NO_BUT_BLOCKED,"Cypher query is part of API surface, but useful only after Neo4j is populated from lake/curated.",Keep; validate after graph-loader Phase 11.,174,5,text-read,53040b868586
api/src/coacc/queries/investigation_update.cypher,KEEP_BLOCKED,NO_BUT_BLOCKED,"Cypher query is part of API surface, but useful only after Neo4j is populated from lake/curated.",Keep; validate after graph-loader Phase 11.,913,15,text-read,1b72cb4778f2
api/src/coacc/queries/judicial_case_contract_overlap.cypher,KEEP_BLOCKED,NO_BUT_BLOCKED,"Cypher query is part of API surface, but useful only after Neo4j is populated from lake/curated.",Keep; validate after graph-loader Phase 11.,2480,47,text-read,3e9d23dd9b72
api/src/coacc/queries/meta_prioritized_buyers.cypher,KEEP_BLOCKED,NO_BUT_BLOCKED,"Cypher query is part of API surface, but useful only after Neo4j is populated from lake/curated.",Keep; validate after graph-loader Phase 11.,12552,341,text-read,e75ace2451b0
api/src/coacc/queries/meta_prioritized_companies.cypher,KEEP_BLOCKED,NO_BUT_BLOCKED,"Cypher query is part of API surface, but useful only after Neo4j is populated from lake/curated.",Keep; validate after graph-loader Phase 11.,29313,682,text-read,d1954552f99c
api/src/coacc/queries/meta_prioritized_people.cypher,KEEP_BLOCKED,NO_BUT_BLOCKED,"Cypher query is part of API surface, but useful only after Neo4j is populated from lake/curated.",Keep; validate after graph-loader Phase 11.,26269,697,text-read,624afe3d2559
api/src/coacc/queries/meta_prioritized_territories.cypher,KEEP_BLOCKED,NO_BUT_BLOCKED,"Cypher query is part of API surface, but useful only after Neo4j is populated from lake/curated.",Keep; validate after graph-loader Phase 11.,11568,315,text-read,e9cf321affdd
api/src/coacc/queries/meta_source_load_status.cypher,KEEP_BLOCKED,NO_BUT_BLOCKED,"Cypher query is part of API surface, but useful only after Neo4j is populated from lake/curated.",Keep; validate after graph-loader Phase 11.,186,5,text-read,34e7f9b4c865
api/src/coacc/queries/meta_stats.cypher,KEEP_BLOCKED,NO_BUT_BLOCKED,"Cypher query is part of API surface, but useful only after Neo4j is populated from lake/curated.",Keep; validate after graph-loader Phase 11.,1314,50,text-read,9588790e4af8
api/src/coacc/queries/meta_validation_company_case.cypher,KEEP_BLOCKED,NO_BUT_BLOCKED,"Cypher query is part of API surface, but useful only after Neo4j is populated from lake/curated.",Keep; validate after graph-loader Phase 11.,10614,275,text-read,d23169a110f0
api/src/coacc/queries/meta_validation_person_case.cypher,KEEP_BLOCKED,NO_BUT_BLOCKED,"Cypher query is part of API surface, but useful only after Neo4j is populated from lake/curated.",Keep; validate after graph-loader Phase 11.,8094,189,text-read,f9a84146d276
api/src/coacc/queries/node_degree.cypher,KEEP_BLOCKED,NO_BUT_BLOCKED,"Cypher query is part of API surface, but useful only after Neo4j is populated from lake/curated.",Keep; validate after graph-loader Phase 11.,696,13,text-read,a58b67626647
api/src/coacc/queries/official_case_bulletin_overlap.cypher,KEEP_BLOCKED,NO_BUT_BLOCKED,"Cypher query is part of API surface, but useful only after Neo4j is populated from lake/curated.",Keep; validate after graph-loader Phase 11.,2616,49,text-read,4e17cde8b870
api/src/coacc/queries/procurement_buyer_supplier_network_density.cypher,KEEP_BLOCKED,NO_BUT_BLOCKED,"Cypher query is part of API surface, but useful only after Neo4j is populated from lake/curated.",Keep; validate after graph-loader Phase 11.,805,16,text-read,e93f77087dc9
api/src/coacc/queries/procurement_cartel_risk_cobidding.cypher,KEEP_BLOCKED,NO_BUT_BLOCKED,"Cypher query is part of API surface, but useful only after Neo4j is populated from lake/curated.",Keep; validate after graph-loader Phase 11.,810,16,text-read,8dbe1be99034
api/src/coacc/queries/procurement_contract_execution_delay.cypher,KEEP_BLOCKED,NO_BUT_BLOCKED,"Cypher query is part of API surface, but useful only after Neo4j is populated from lake/curated.",Keep; validate after graph-loader Phase 11.,855,16,text-read,4ff04a0794fd
api/src/coacc/queries/procurement_contract_suspensions.cypher,KEEP_BLOCKED,NO_BUT_BLOCKED,"Cypher query is part of API surface, but useful only after Neo4j is populated from lake/curated.",Keep; validate after graph-loader Phase 11.,889,17,text-read,a37391ff94ce
api/src/coacc/queries/procurement_contract_value_outlier_by_category.cypher,KEEP_BLOCKED,NO_BUT_BLOCKED,"Cypher query is part of API surface, but useful only after Neo4j is populated from lake/curated.",Keep; validate after graph-loader Phase 11.,803,21,text-read,588f1b0ff988
api/src/coacc/queries/procurement_cross_source_identity_inconsistency.cypher,KEEP_BLOCKED,NO_BUT_BLOCKED,"Cypher query is part of API surface, but useful only after Neo4j is populated from lake/curated.",Keep; validate after graph-loader Phase 11.,565,14,text-read,709a3d12f138
api/src/coacc/queries/procurement_large_modifications.cypher,KEEP_BLOCKED,NO_BUT_BLOCKED,"Cypher query is part of API surface, but useful only after Neo4j is populated from lake/curated.",Keep; validate after graph-loader Phase 11.,1117,20,text-read,11e436acaeb0
api/src/coacc/queries/procurement_offers_competition_drop.cypher,KEEP_BLOCKED,NO_BUT_BLOCKED,"Cypher query is part of API surface, but useful only after Neo4j is populated from lake/curated.",Keep; validate after graph-loader Phase 11.,1093,22,text-read,66c62d132e0c
api/src/coacc/queries/procurement_payment_plan_anomalies.cypher,KEEP_BLOCKED,NO_BUT_BLOCKED,"Cypher query is part of API surface, but useful only after Neo4j is populated from lake/curated.",Keep; validate after graph-loader Phase 11.,1012,20,text-read,12636b9e20d9
api/src/coacc/queries/procurement_politically_exposed_position_supplier_overlap.cypher,KEEP_BLOCKED,NO_BUT_BLOCKED,"Cypher query is part of API surface, but useful only after Neo4j is populated from lake/curated.",Keep; validate after graph-loader Phase 11.,2286,44,text-read,6357dfe1c1aa
api/src/coacc/queries/procurement_public_servant_conflict_disclosure_overlap.cypher,KEEP_BLOCKED,NO_BUT_BLOCKED,"Cypher query is part of API surface, but useful only after Neo4j is populated from lake/curated.",Keep; validate after graph-loader Phase 11.,1528,37,text-read,bdf24c614f9f
api/src/coacc/queries/procurement_related_companies_shared_officer.cypher,KEEP_BLOCKED,NO_BUT_BLOCKED,"Cypher query is part of API surface, but useful only after Neo4j is populated from lake/curated.",Keep; validate after graph-loader Phase 11.,1048,21,text-read,76ffa00a55aa
api/src/coacc/queries/procurement_repeat_awards_same_supplier.cypher,KEEP_BLOCKED,NO_BUT_BLOCKED,"Cypher query is part of API surface, but useful only after Neo4j is populated from lake/curated.",Keep; validate after graph-loader Phase 11.,912,17,text-read,7fc5acd53ade
api/src/coacc/queries/procurement_sanctioned_supplier_awarded.cypher,KEEP_BLOCKED,NO_BUT_BLOCKED,"Cypher query is part of API surface, but useful only after Neo4j is populated from lake/curated.",Keep; validate after graph-loader Phase 11.,1150,22,text-read,4ab9d694b806
api/src/coacc/queries/procurement_short_bidding_window.cypher,KEEP_BLOCKED,NO_BUT_BLOCKED,"Cypher query is part of API surface, but useful only after Neo4j is populated from lake/curated.",Keep; validate after graph-loader Phase 11.,949,22,text-read,8b131c656c03
api/src/coacc/queries/procurement_single_bidder_high_value.cypher,KEEP_BLOCKED,NO_BUT_BLOCKED,"Cypher query is part of API surface, but useful only after Neo4j is populated from lake/curated.",Keep; validate after graph-loader Phase 11.,912,19,text-read,09e9d264adb6
api/src/coacc/queries/procurement_supplier_concentration_across_entities.cypher,KEEP_BLOCKED,NO_BUT_BLOCKED,"Cypher query is part of API surface, but useful only after Neo4j is populated from lake/curated.",Keep; validate after graph-loader Phase 11.,782,16,text-read,a7ad5fabc7fa
api/src/coacc/queries/project_bpin_procurement_overlap.cypher,KEEP_BLOCKED,NO_BUT_BLOCKED,"Cypher query is part of API surface, but useful only after Neo4j is populated from lake/curated.",Keep; validate after graph-loader Phase 11.,906,17,text-read,d9b7c25d5bfa
api/src/coacc/queries/project_regalias_execution_procurement_overlap.cypher,KEEP_BLOCKED,NO_BUT_BLOCKED,"Cypher query is part of API surface, but useful only after Neo4j is populated from lake/curated.",Keep; validate after graph-loader Phase 11.,1296,22,text-read,084b363b39b7
api/src/coacc/queries/property_transactions_supplier_overlap.cypher,KEEP_BLOCKED,NO_BUT_BLOCKED,"Cypher query is part of API surface, but useful only after Neo4j is populated from lake/curated.",Keep; validate after graph-loader Phase 11.,749,15,text-read,781c885e7c88
api/src/coacc/queries/public_company_lookup.cypher,KEEP_BLOCKED,NO_BUT_BLOCKED,"Cypher query is part of API surface, but useful only after Neo4j is populated from lake/curated.",Keep; validate after graph-loader Phase 11.,295,8,text-read,014f2b2d4f91
api/src/coacc/queries/public_graph_company.cypher,KEEP_BLOCKED,NO_BUT_BLOCKED,"Cypher query is part of API surface, but useful only after Neo4j is populated from lake/curated.",Keep; validate after graph-loader Phase 11.,1471,29,text-read,867f622d3838
api/src/coacc/queries/public_pattern_acto_o_gaceta_contractual.cypher,KEEP_BLOCKED,NO_BUT_BLOCKED,"Cypher query is part of API surface, but useful only after Neo4j is populated from lake/curated.",Keep; validate after graph-loader Phase 11.,3937,98,text-read,088cfdc44c6d
api/src/coacc/queries/public_pattern_amendment_beneficiary_contracts.cypher,KEEP_BLOCKED,NO_BUT_BLOCKED,"Cypher query is part of API surface, but useful only after Neo4j is populated from lake/curated.",Keep; validate after graph-loader Phase 11.,2289,58,text-read,4315ac4a4f34
api/src/coacc/queries/public_pattern_beneficiario_bpin_o_regalias_contrata.cypher,KEEP_BLOCKED,NO_BUT_BLOCKED,"Cypher query is part of API surface, but useful only after Neo4j is populated from lake/curated.",Keep; validate after graph-loader Phase 11.,3638,87,text-read,db6c2f70f148
api/src/coacc/queries/public_pattern_company_capacity_mismatch.cypher,KEEP_BLOCKED,NO_BUT_BLOCKED,"Cypher query is part of API surface, but useful only after Neo4j is populated from lake/curated.",Keep; validate after graph-loader Phase 11.,2515,68,text-read,74face5eceae
api/src/coacc/queries/public_pattern_company_donor_vendor_overlap.cypher,KEEP_BLOCKED,NO_BUT_BLOCKED,"Cypher query is part of API surface, but useful only after Neo4j is populated from lake/curated.",Keep; validate after graph-loader Phase 11.,1702,39,text-read,6859a8f09afc
api/src/coacc/queries/public_pattern_contract_concentration.cypher,KEEP_BLOCKED,NO_BUT_BLOCKED,"Cypher query is part of API surface, but useful only after Neo4j is populated from lake/curated.",Keep; validate after graph-loader Phase 11.,2325,54,text-read,71fc33cd03a3
api/src/coacc/queries/public_pattern_contract_suspension_stacking.cypher,KEEP_BLOCKED,NO_BUT_BLOCKED,"Cypher query is part of API surface, but useful only after Neo4j is populated from lake/curated.",Keep; validate after graph-loader Phase 11.,2005,41,text-read,43f16568b4c0
api/src/coacc/queries/public_pattern_control_politico_contractual.cypher,KEEP_BLOCKED,NO_BUT_BLOCKED,"Cypher query is part of API surface, but useful only after Neo4j is populated from lake/curated.",Keep; validate after graph-loader Phase 11.,4075,98,text-read,6f0c7cfb12df
api/src/coacc/queries/public_pattern_debtor_contracts.cypher,KEEP_BLOCKED,NO_BUT_BLOCKED,"Cypher query is part of API surface, but useful only after Neo4j is populated from lake/curated.",Keep; validate after graph-loader Phase 11.,2574,69,text-read,0de038c24abe
api/src/coacc/queries/public_pattern_disclosure_risk_stack.cypher,KEEP_BLOCKED,NO_BUT_BLOCKED,"Cypher query is part of API surface, but useful only after Neo4j is populated from lake/curated.",Keep; validate after graph-loader Phase 11.,6829,179,text-read,39ebf7f1495c
api/src/coacc/queries/public_pattern_donor_official_vendor_loop.cypher,KEEP_BLOCKED,NO_BUT_BLOCKED,"Cypher query is part of API surface, but useful only after Neo4j is populated from lake/curated.",Keep; validate after graph-loader Phase 11.,3577,89,text-read,72f52f69530b
api/src/coacc/queries/public_pattern_environmental_file_contract_overlap.cypher,KEEP_BLOCKED,NO_BUT_BLOCKED,"Cypher query is part of API surface, but useful only after Neo4j is populated from lake/curated.",Keep; validate after graph-loader Phase 11.,2287,56,text-read,7817b6ebeb78
api/src/coacc/queries/public_pattern_funding_spike_then_awards.cypher,KEEP_BLOCKED,NO_BUT_BLOCKED,"Cypher query is part of API surface, but useful only after Neo4j is populated from lake/curated.",Keep; validate after graph-loader Phase 11.,1613,39,text-read,ceaec0eff404
api/src/coacc/queries/public_pattern_inexigibility_recurrence.cypher,KEEP_BLOCKED,NO_BUT_BLOCKED,"Cypher query is part of API surface, but useful only after Neo4j is populated from lake/curated.",Keep; validate after graph-loader Phase 11.,1383,31,text-read,c0b7af895b65
api/src/coacc/queries/public_pattern_interadministrative_channel_stacking.cypher,FIX,NO,Public query currently violates public privacy gate by matching :Person.,Remove personal labels from public query or reclassify route/query.,4872,117,text-read,d20f4ba10387
api/src/coacc/queries/public_pattern_invoice_commitment_gap.cypher,KEEP_BLOCKED,NO_BUT_BLOCKED,"Cypher query is part of API surface, but useful only after Neo4j is populated from lake/curated.",Keep; validate after graph-loader Phase 11.,1798,40,text-read,db952e86c47e
api/src/coacc/queries/public_pattern_invoice_execution_gap.cypher,KEEP_BLOCKED,NO_BUT_BLOCKED,"Cypher query is part of API surface, but useful only after Neo4j is populated from lake/curated.",Keep; validate after graph-loader Phase 11.,1623,35,text-read,d8a501600fce
api/src/coacc/queries/public_pattern_judicial_case_contract_overlap.cypher,KEEP_BLOCKED,NO_BUT_BLOCKED,"Cypher query is part of API surface, but useful only after Neo4j is populated from lake/curated.",Keep; validate after graph-loader Phase 11.,2765,74,text-read,0e62adb1ea17
api/src/coacc/queries/public_pattern_low_competition_bidding.cypher,KEEP_BLOCKED,NO_BUT_BLOCKED,"Cypher query is part of API surface, but useful only after Neo4j is populated from lake/curated.",Keep; validate after graph-loader Phase 11.,1664,36,text-read,ba23d413475a
api/src/coacc/queries/public_pattern_payment_supervision_risk_stack.cypher,KEEP_BLOCKED,NO_BUT_BLOCKED,"Cypher query is part of API surface, but useful only after Neo4j is populated from lake/curated.",Keep; validate after graph-loader Phase 11.,4391,108,text-read,833556325907
api/src/coacc/queries/public_pattern_public_money_channel_stacking.cypher,KEEP_BLOCKED,NO_BUT_BLOCKED,"Cypher query is part of API surface, but useful only after Neo4j is populated from lake/curated.",Keep; validate after graph-loader Phase 11.,3295,80,text-read,cddc726d5a76
api/src/coacc/queries/public_pattern_public_official_supplier_overlap.cypher,KEEP_BLOCKED,NO_BUT_BLOCKED,"Cypher query is part of API surface, but useful only after Neo4j is populated from lake/curated.",Keep; validate after graph-loader Phase 11.,1905,42,text-read,634c9a15224d
api/src/coacc/queries/public_pattern_sanctioned_health_operator_overlap.cypher,KEEP_BLOCKED,NO_BUT_BLOCKED,"Cypher query is part of API surface, but useful only after Neo4j is populated from lake/curated.",Keep; validate after graph-loader Phase 11.,1818,40,text-read,eabf41b10565
api/src/coacc/queries/public_pattern_sanctioned_person_exposure_stack.cypher,KEEP_BLOCKED,NO_BUT_BLOCKED,"Cypher query is part of API surface, but useful only after Neo4j is populated from lake/curated.",Keep; validate after graph-loader Phase 11.,6695,182,text-read,01a8cebb0078
api/src/coacc/queries/public_pattern_sanctioned_still_receiving.cypher,KEEP_BLOCKED,NO_BUT_BLOCKED,"Cypher query is part of API surface, but useful only after Neo4j is populated from lake/curated.",Keep; validate after graph-loader Phase 11.,2255,61,text-read,4a47a6c9e09b
api/src/coacc/queries/public_pattern_sanctioned_supplier_record.cypher,KEEP_BLOCKED,NO_BUT_BLOCKED,"Cypher query is part of API surface, but useful only after Neo4j is populated from lake/curated.",Keep; validate after graph-loader Phase 11.,1530,40,text-read,42e24679c054
api/src/coacc/queries/public_pattern_sensitive_public_official_supplier_overlap.cypher,FIX,NO,Public query currently violates public privacy gate by matching :Person.,Remove personal labels from public query or reclassify route/query.,1931,41,text-read,2ea36678ea36
api/src/coacc/queries/public_pattern_shared_officer_supplier_network.cypher,FIX,NO,Public query currently violates public privacy gate by matching :Person.,Remove personal labels from public query or reclassify route/query.,2112,50,text-read,ba0690d6e2ab
api/src/coacc/queries/public_pattern_split_contracts_below_threshold.cypher,KEEP_BLOCKED,NO_BUT_BLOCKED,"Cypher query is part of API surface, but useful only after Neo4j is populated from lake/curated.",Keep; validate after graph-loader Phase 11.,1667,35,text-read,47ba86a0b68c
api/src/coacc/queries/public_pattern_tvec_multi_entity_capture.cypher,KEEP_BLOCKED,NO_BUT_BLOCKED,"Cypher query is part of API surface, but useful only after Neo4j is populated from lake/curated.",Keep; validate after graph-loader Phase 11.,1607,39,text-read,6465db6486b9
api/src/coacc/queries/schema_init.cypher,KEEP_BLOCKED,NO_BUT_BLOCKED,"Cypher query is part of API surface, but useful only after Neo4j is populated from lake/curated.",Keep; validate after graph-loader Phase 11.,10265,267,text-read,9317845e2472
api/src/coacc/queries/search.cypher,KEEP_BLOCKED,NO_BUT_BLOCKED,"Cypher query is part of API surface, but useful only after Neo4j is populated from lake/curated.",Keep; validate after graph-loader Phase 11.,861,13,text-read,a9877eb24dba
api/src/coacc/queries/search_count.cypher,KEEP_BLOCKED,NO_BUT_BLOCKED,"Cypher query is part of API surface, but useful only after Neo4j is populated from lake/curated.",Keep; validate after graph-loader Phase 11.,448,8,text-read,f86b1e50c78c
api/src/coacc/queries/signal_entity_candidates.cypher,KEEP_BLOCKED,NO_BUT_BLOCKED,"Cypher query is part of API surface, but useful only after Neo4j is populated from lake/curated.",Keep; validate after graph-loader Phase 11.,993,28,text-read,55ff5b9bc97f
api/src/coacc/queries/signal_hit_counts.cypher,KEEP_BLOCKED,NO_BUT_BLOCKED,"Cypher query is part of API surface, but useful only after Neo4j is populated from lake/curated.",Keep; validate after graph-loader Phase 11.,173,5,text-read,693ac44e043d
api/src/coacc/queries/signal_hit_samples.cypher,KEEP_BLOCKED,NO_BUT_BLOCKED,"Cypher query is part of API surface, but useful only after Neo4j is populated from lake/curated.",Keep; validate after graph-loader Phase 11.,1871,48,text-read,23c6629a9fc0
api/src/coacc/queries/signal_hits_by_run.cypher,KEEP_BLOCKED,NO_BUT_BLOCKED,"Cypher query is part of API surface, but useful only after Neo4j is populated from lake/curated.",Keep; validate after graph-loader Phase 11.,1905,46,text-read,7b5bac4869bc
api/src/coacc/queries/signal_latest_completed_run.cypher,KEEP_BLOCKED,NO_BUT_BLOCKED,"Cypher query is part of API surface, but useful only after Neo4j is populated from lake/curated.",Keep; validate after graph-loader Phase 11.,222,8,text-read,3bc53fc14fb3
api/src/coacc/queries/signal_latest_run_for_entity.cypher,KEEP_BLOCKED,NO_BUT_BLOCKED,"Cypher query is part of API surface, but useful only after Neo4j is populated from lake/curated.",Keep; validate after graph-loader Phase 11.,282,9,text-read,59cf54f51212
api/src/coacc/queries/signal_run_upsert.cypher,KEEP_BLOCKED,NO_BUT_BLOCKED,"Cypher query is part of API surface, but useful only after Neo4j is populated from lake/curated.",Keep; validate after graph-loader Phase 11.,696,22,text-read,3c458841c154
api/src/coacc/queries/signal_upsert.cypher,KEEP_BLOCKED,NO_BUT_BLOCKED,"Cypher query is part of API surface, but useful only after Neo4j is populated from lake/curated.",Keep; validate after graph-loader Phase 11.,5457,120,text-read,fabdf0b0d485
api/src/coacc/queries/tag_create.cypher,KEEP_BLOCKED,NO_BUT_BLOCKED,"Cypher query is part of API surface, but useful only after Neo4j is populated from lake/curated.",Keep; validate after graph-loader Phase 11.,281,11,text-read,22383c012063
api/src/coacc/queries/tag_delete.cypher,KEEP_BLOCKED,NO_BUT_BLOCKED,"Cypher query is part of API surface, but useful only after Neo4j is populated from lake/curated.",Keep; validate after graph-loader Phase 11.,161,4,text-read,40f720d529a0
api/src/coacc/queries/tag_list.cypher,KEEP_BLOCKED,NO_BUT_BLOCKED,"Cypher query is part of API surface, but useful only after Neo4j is populated from lake/curated.",Keep; validate after graph-loader Phase 11.,229,6,text-read,c6aace6cf0f5
api/src/coacc/queries/tvec_multi_entity_capture.cypher,KEEP_BLOCKED,NO_BUT_BLOCKED,"Cypher query is part of API surface, but useful only after Neo4j is populated from lake/curated.",Keep; validate after graph-loader Phase 11.,872,17,text-read,f5788701acab
api/src/coacc/queries/user_create.cypher,KEEP_BLOCKED,NO_BUT_BLOCKED,"Cypher query is part of API surface, but useful only after Neo4j is populated from lake/curated.",Keep; validate after graph-loader Phase 11.,254,11,text-read,3c2436bdadf5
api/src/coacc/queries/user_get_by_email.cypher,KEEP_BLOCKED,NO_BUT_BLOCKED,"Cypher query is part of API surface, but useful only after Neo4j is populated from lake/curated.",Keep; validate after graph-loader Phase 11.,205,6,text-read,89272056407e
api/src/coacc/queries/user_get_by_id.cypher,KEEP_BLOCKED,NO_BUT_BLOCKED,"Cypher query is part of API surface, but useful only after Neo4j is populated from lake/curated.",Keep; validate after graph-loader Phase 11.,158,5,text-read,f8585798246d
api/src/coacc/routers/__init__.py,KEEP,NO,"Active API source, test, config, lockfile, data, or template.",Keep; normal maintenance only.,0,0,valid-python,e3b0c44298fc
api/src/coacc/routers/auth.py,KEEP,NO,"Active API source, test, config, lockfile, data, or template.",Keep; normal maintenance only.,2518,73,valid-python,8816ddaa41ed
api/src/coacc/routers/baseline.py,KEEP,NO,"Active API source, test, config, lockfile, data, or template.",Keep; normal maintenance only.,1476,40,valid-python,762d942c3586
api/src/coacc/routers/cases.py,KEEP,NO,"Active API source, test, config, lockfile, data, or template.",Keep; normal maintenance only.,2015,56,valid-python,c6b6c918edb3
api/src/coacc/routers/entity.py,KEEP,NO,"Active API source, test, config, lockfile, data, or template.",Keep; normal maintenance only.,15573,448,valid-python,260205fc2982
api/src/coacc/routers/graph.py,KEEP,NO,"Active API source, test, config, lockfile, data, or template.",Keep; normal maintenance only.,12567,320,valid-python,90b25407141b
api/src/coacc/routers/investigation.py,KEEP,NO,"Active API source, test, config, lockfile, data, or template.",Keep; normal maintenance only.,10305,329,valid-python,afb6e4d8f1b6
api/src/coacc/routers/meta.py,FIX,NO,"Active API code/test file, but currently participates in ruff/mypy failures.",Fix lint/types before treating API CI as green.,117779,2589,valid-python,62d1d9243388
api/src/coacc/routers/patterns.py,KEEP,NO,"Active API source, test, config, lockfile, data, or template.",Keep; normal maintenance only.,4183,130,valid-python,5510278746ac
api/src/coacc/routers/public.py,KEEP,NO,"Active API source, test, config, lockfile, data, or template.",Keep; normal maintenance only.,8918,240,valid-python,6e59b04d926d
api/src/coacc/routers/search.py,KEEP,NO,"Active API source, test, config, lockfile, data, or template.",Keep; normal maintenance only.,4518,121,valid-python,a37a0a534db0
api/src/coacc/routers/signals.py,KEEP,NO,"Active API source, test, config, lockfile, data, or template.",Keep; normal maintenance only.,2269,55,valid-python,03081fa0e151
api/src/coacc/services/__init__.py,KEEP,NO,"Active API source, test, config, lockfile, data, or template.",Keep; normal maintenance only.,0,0,valid-python,e3b0c44298fc
api/src/coacc/services/auth_service.py,KEEP,NO,"Active API source, test, config, lockfile, data, or template.",Keep; normal maintenance only.,3172,115,valid-python,19a672728d86
api/src/coacc/services/baseline_service.py,KEEP,NO,"Active API source, test, config, lockfile, data, or template.",Keep; normal maintenance only.,2089,64,valid-python,44bb5f95b648
api/src/coacc/services/case_service.py,FIX,NO,"Active API code/test file, but currently participates in ruff/mypy failures.",Fix lint/types before treating API CI as green.,7875,266,valid-python,b24d2de80bb8
api/src/coacc/services/dependency_registry.py,FIX,NO,Active source/signal registry code but currently depends on semantic names that do not match lake source IDs.,Introduce catalog alias mapping.,3191,101,valid-python,bc55f6de7949
api/src/coacc/services/entity_types.py,KEEP,NO,"Active API source, test, config, lockfile, data, or template.",Keep; normal maintenance only.,483,19,valid-python,a7146450161b
api/src/coacc/services/intelligence_provider.py,KEEP,NO,"Active API source, test, config, lockfile, data, or template.",Keep; normal maintenance only.,21660,610,valid-python,7d798d30f73f
api/src/coacc/services/investigation_service.py,KEEP,NO,"Active API source, test, config, lockfile, data, or template.",Keep; normal maintenance only.,8790,332,valid-python,9a2174c2d709
api/src/coacc/services/lakehouse_query.py,FIX,NO,Active source/signal registry code but currently depends on semantic names that do not match lake source IDs.,Introduce catalog alias mapping.,2083,72,valid-python,1bb16c4b4e02
api/src/coacc/services/neo4j_service.py,KEEP,NO,"Active API source, test, config, lockfile, data, or template.",Keep; normal maintenance only.,3008,90,valid-python,e0be14df6beb
api/src/coacc/services/pdf_service.py,KEEP,NO,"Active API source, test, config, lockfile, data, or template.",Keep; normal maintenance only.,2641,83,valid-python,61c87d12eaa6
api/src/coacc/services/public_guard.py,KEEP,NO,"Active API source, test, config, lockfile, data, or template.",Keep; normal maintenance only.,3215,118,valid-python,ac1fc91f79b6
api/src/coacc/services/score_service.py,KEEP,NO,"Active API source, test, config, lockfile, data, or template.",Keep; normal maintenance only.,4482,147,valid-python,2067661a6113
api/src/coacc/services/signal_materializer.py,FIX,NO,"Active API code/test file, but currently participates in ruff/mypy failures.",Fix lint/types before treating API CI as green.,34633,1032,valid-python,e3a7ac8ed580
api/src/coacc/services/signal_registry.py,FIX,NO,Active service; runtime depends on config/signal_registry.yml being present.,Fix container packaging/config path.,1171,45,valid-python,c66648034612
api/src/coacc/services/source_registry.py,KEEP_UNTIL_MIGRATION,NO_BUT_DEPRECATED,Legacy CSV registry adapter remains load-bearing.,Retire only after YAML catalog migration.,7016,178,valid-python,018882d92db1
api/src/coacc/templates/investigation_report.html,KEEP,NO,"Active API source, test, config, lockfile, data, or template.",Keep; normal maintenance only.,3839,200,text-read,c44fbcc341bb
api/tests/__init__.py,KEEP,NO,"Active API source, test, config, lockfile, data, or template.",Keep; normal maintenance only.,0,0,valid-python,e3b0c44298fc
api/tests/conftest.py,KEEP,NO,"Active API source, test, config, lockfile, data, or template.",Keep; normal maintenance only.,1035,30,valid-python,e5cec2a1c0be
api/tests/integration/__init__.py,KEEP,NO,"Active API source, test, config, lockfile, data, or template.",Keep; normal maintenance only.,0,0,valid-python,e3b0c44298fc
api/tests/integration/conftest.py,KEEP,NO,"Active API source, test, config, lockfile, data, or template.",Keep; normal maintenance only.,3283,91,valid-python,36facb987b31
api/tests/integration/test_entity_integration.py,KEEP,NO,"Active API source, test, config, lockfile, data, or template.",Keep; normal maintenance only.,1516,42,valid-python,69d6415593a5
api/tests/integration/test_graph_integration.py,KEEP,NO,"Active API source, test, config, lockfile, data, or template.",Keep; normal maintenance only.,1729,52,valid-python,626ff923fe0a
api/tests/integration/test_search_integration.py,KEEP,NO,"Active API source, test, config, lockfile, data, or template.",Keep; normal maintenance only.,1636,51,valid-python,960bcf7f709e
api/tests/unit/__init__.py,KEEP,NO,"Active API source, test, config, lockfile, data, or template.",Keep; normal maintenance only.,0,0,valid-python,e3b0c44298fc
api/tests/unit/test_auth.py,KEEP,NO,"Active API source, test, config, lockfile, data, or template.",Keep; normal maintenance only.,5309,179,valid-python,7fb79df3d4e8
api/tests/unit/test_auth_service.py,KEEP,NO,"Active API source, test, config, lockfile, data, or template.",Keep; normal maintenance only.,4267,142,valid-python,30bd131fa70e
api/tests/unit/test_baseline.py,KEEP,NO,"Active API source, test, config, lockfile, data, or template.",Keep; normal maintenance only.,1837,56,valid-python,cfcf4f187ef7
api/tests/unit/test_dependency_registry.py,KEEP,NO,"Active API source, test, config, lockfile, data, or template.",Keep; normal maintenance only.,2238,67,valid-python,0ccd83dcee52
api/tests/unit/test_entity.py,KEEP,NO,"Active API source, test, config, lockfile, data, or template.",Keep; normal maintenance only.,8847,232,valid-python,d7292bda3f6f
api/tests/unit/test_entity_timeline.py,KEEP,NO,"Active API source, test, config, lockfile, data, or template.",Keep; normal maintenance only.,1631,53,valid-python,33e323deae32
api/tests/unit/test_graph.py,KEEP,NO,"Active API source, test, config, lockfile, data, or template.",Keep; normal maintenance only.,662,20,valid-python,2d28341a5c98
api/tests/unit/test_health.py,KEEP,NO,"Active API source, test, config, lockfile, data, or template.",Keep; normal maintenance only.,13672,333,valid-python,2e4618e4106f
api/tests/unit/test_intelligence_provider.py,KEEP,NO,"Active API source, test, config, lockfile, data, or template.",Keep; normal maintenance only.,4829,145,valid-python,50e3f0628ae0
api/tests/unit/test_investigation.py,KEEP,NO,"Active API source, test, config, lockfile, data, or template.",Keep; normal maintenance only.,19834,676,valid-python,313bd3b7599b
api/tests/unit/test_meta_alerts.py,FIX,NO,"Active API code/test file, but currently participates in ruff/mypy failures.",Fix lint/types before treating API CI as green.,13004,390,valid-python,ede2efbc7ec3
api/tests/unit/test_neo4j_service.py,KEEP,NO,"Active API source, test, config, lockfile, data, or template.",Keep; normal maintenance only.,3651,112,valid-python,d987211ffaf5
api/tests/unit/test_pdf_service.py,KEEP,NO,"Active API source, test, config, lockfile, data, or template.",Keep; normal maintenance only.,3308,113,valid-python,c90d29a5fda1
api/tests/unit/test_public_mode.py,KEEP,NO,"Active API source, test, config, lockfile, data, or template.",Keep; normal maintenance only.,12801,378,valid-python,fba0039dcf43
api/tests/unit/test_rate_limit.py,KEEP,NO,"Active API source, test, config, lockfile, data, or template.",Keep; normal maintenance only.,1191,38,valid-python,d7822c0e1b19
api/tests/unit/test_score_service.py,KEEP,NO,"Active API source, test, config, lockfile, data, or template.",Keep; normal maintenance only.,8373,258,valid-python,36248ee4362e
api/tests/unit/test_search.py,KEEP,NO,"Active API source, test, config, lockfile, data, or template.",Keep; normal maintenance only.,812,26,valid-python,8fd39f10aa53
api/tests/unit/test_signals_and_cases.py,KEEP,NO,"Active API source, test, config, lockfile, data, or template.",Keep; normal maintenance only.,8875,268,valid-python,6f7599e7e63c
api/tests/unit/test_validation_cases.py,FIX,NO,"Active API code/test file, but currently participates in ruff/mypy failures.",Fix lint/types before treating API CI as green.,24999,550,valid-python,46ccc96b9d70
api/tests/unit/test_wave_b_signals.py,KEEP,NO,"Active API source, test, config, lockfile, data, or template.",Keep; normal maintenance only.,7326,211,valid-python,58133c58bfa8
api/uv.lock,KEEP,NO,"Active API source, test, config, lockfile, data, or template.",Keep; normal maintenance only.,281100,1670,text-read,35dff4280ab4
config/bootstrap_all_contract.yml,REMOVE,YES,Invalid YAML/JSON and pre-refactor bootstrap contract; no active parser can consume it.,Archive or delete after confirming no external dependency.,11157,388,"invalid-yml: ParserError: while parsing a flow mapping   in ""<unicode string>"", line 11, column 19:       ""signal_roles"": {                       ^ expected ',' or '}', but got ']'   in ""<unicode string>"", line 70, column 3:       ],       ^",ba128179f3f1
config/signal_registry.yml,FIX,NO,Active source/signal registry code but currently depends on semantic names that do not match lake source IDs.,Introduce catalog alias mapping.,41156,1053,valid-yaml,afe44e7b5bb0
config/signal_source_deps.yml,FIX,NO,Active source/signal registry code but currently depends on semantic names that do not match lake source IDs.,Introduce catalog alias mapping.,8795,210,valid-yaml,3e3936b65303
config/signals/sql/anim_inmueble_vs_vendor_domicilio.sql,KEEP_BLOCKED,NO_BUT_BLOCKED,"Signal SQL design is useful, but execution is blocked until semantic source aliases resolve to lake partitions.",Keep; update after source alias migration.,1127,26,text-read,a430275b4356
config/signals/sql/bpin_dnp_vs_pida27_obras_prioritarias.sql,KEEP_BLOCKED,NO_BUT_BLOCKED,"Signal SQL design is useful, but execution is blocked until semantic source aliases resolve to lake partitions.",Keep; update after source alias migration.,1100,22,text-read,58a31763e74e
config/signals/sql/catastro_igac_vs_vendor_address.sql,KEEP_BLOCKED,NO_BUT_BLOCKED,"Signal SQL design is useful, but execution is blocked until semantic source aliases resolve to lake partitions.",Keep; update after source alias migration.,1096,26,text-read,0a1c77e0b458
config/signals/sql/damnificados_emergency_contract_overlap.sql,KEEP_BLOCKED,NO_BUT_BLOCKED,"Signal SQL design is useful, but execution is blocked until semantic source aliases resolve to lake partitions.",Keep; update after source alias migration.,1835,49,text-read,8c180a2d4ae4
config/signals/sql/dane_micronegocio_vs_secop_subcontract.sql,KEEP_BLOCKED,NO_BUT_BLOCKED,"Signal SQL design is useful, but execution is blocked until semantic source aliases resolve to lake partitions.",Keep; update after source alias migration.,1181,18,text-read,5d9dd0747dab
config/signals/sql/dane_pobreza_vs_award_ratio.sql,KEEP_BLOCKED,NO_BUT_BLOCKED,"Signal SQL design is useful, but execution is blocked until semantic source aliases resolve to lake partitions.",Keep; update after source alias migration.,1334,31,text-read,9bc0aaf68caf
config/signals/sql/iniciativas_33007_municipal_vs_award.sql,KEEP_BLOCKED,NO_BUT_BLOCKED,"Signal SQL design is useful, but execution is blocked until semantic source aliases resolve to lake partitions.",Keep; update after source alias migration.,1014,19,text-read,59c55645f107
config/signals/sql/mineria_titulo_vs_anla_license_vs_contractor.sql,KEEP_BLOCKED,NO_BUT_BLOCKED,"Signal SQL design is useful, but execution is blocked until semantic source aliases resolve to lake partitions.",Keep; update after source alias migration.,1172,28,text-read,71b751103b07
config/signals/sql/pida5_pida27_pida4_chain.sql,KEEP_BLOCKED,NO_BUT_BLOCKED,"Signal SQL design is useful, but execution is blocked until semantic source aliases resolve to lake partitions.",Keep; update after source alias migration.,1118,30,text-read,872022e14ee2
config/signals/sql/pida_full30_meta.sql,KEEP_BLOCKED,NO_BUT_BLOCKED,"Signal SQL design is useful, but execution is blocked until semantic source aliases resolve to lake partitions.",Keep; update after source alias migration.,876,23,text-read,548de6a5aa7f
config/signals/sql/pnis_familia_municipality_vs_award.sql,KEEP_BLOCKED,NO_BUT_BLOCKED,"Signal SQL design is useful, but execution is blocked until semantic source aliases resolve to lake partitions.",Keep; update after source alias migration.,1354,33,text-read,133e5690615c
config/signals/sql/registro_actores_deporte_vs_funcionario_pdet.sql,KEEP_BLOCKED,NO_BUT_BLOCKED,"Signal SQL design is useful, but execution is blocked until semantic source aliases resolve to lake partitions.",Keep; update after source alias migration.,1146,19,text-read,675b15d0971a
config/signals/sql/reincorporacion_sirr_vs_contractor.sql,KEEP_BLOCKED,NO_BUT_BLOCKED,"Signal SQL design is useful, but execution is blocked until semantic source aliases resolve to lake partitions.",Keep; update after source alias migration.,1026,25,text-read,515e74e3bca4
config/signals/sql/upme_subsidio_energia_vs_vendor.sql,KEEP_BLOCKED,NO_BUT_BLOCKED,"Signal SQL design is useful, but execution is blocked until semantic source aliases resolve to lake partitions.",Keep; update after source alias migration.,1093,17,text-read,2fbad2285f37
config/source_url_exceptions.yml,KEEP,NO,Active registry/configuration for signals or source URL exceptions.,Keep.,337,14,valid-yaml,a4427a575e1d
data/.gitkeep,REVIEW,MAYBE,Only useful to retain an otherwise empty data directory.,Delete if no tracked data/demo directory is planned.,0,0,text-read,e3b0c44298fc
docker-compose.yml,KEEP,NO,Repository-level operational configuration.,Keep; update if pipeline paths change.,3161,103,valid-yaml,d3440d3d52da
docs/architecture/overview.md,KEEP,NO,Active/reference documentation.,Keep.,11082,122,text-read,928b99d5c710
docs/cleanup/cleanup_review.csv,ARCHIVE_OR_REFRESH,NO_BUT_STALE,Historical cleanup/competition planning document; useful for audit trail but not current execution truth.,Mark superseded or move under archive.,8130,86,valid-csv,ef1da08cea0e
docs/cleanup/cleanup_review.signed.csv,ARCHIVE_OR_REFRESH,NO_BUT_STALE,Historical cleanup/competition planning document; useful for audit trail but not current execution truth.,Mark superseded or move under archive.,8172,85,valid-csv,9f57a6689220
docs/cleanup/inventory.md,ARCHIVE_OR_REFRESH,NO_BUT_STALE,Historical cleanup/competition planning document; useful for audit trail but not current execution truth.,Mark superseded or move under archive.,12381,195,text-read,dd0f8e9a16d7
docs/cleanup/plan.md,ARCHIVE_OR_REFRESH,NO_BUT_STALE,Historical cleanup/competition planning document; useful for audit trail but not current execution truth.,Mark superseded or move under archive.,17362,256,text-read,d57f06687261
docs/cleanup/post_refactor_plan.md,KEEP,NO,Current active execution plan for the lakehouse/graph/API pipeline.,Keep as current plan.,90715,1819,text-read,c721b3ea9ffe
docs/cleanup/refactor_plan.md,ARCHIVE_OR_REFRESH,NO_BUT_STALE,Historical cleanup/competition planning document; useful for audit trail but not current execution truth.,Mark superseded or move under archive.,26863,365,text-read,7411135f5333
docs/competition/datos_al_ecosistema_2026.md,KEEP,NO,Active/reference documentation.,Keep.,17432,214,text-read,ae27908bfe92
docs/competition/program_plan.md,ARCHIVE_OR_REFRESH,NO_BUT_STALE,Historical cleanup/competition planning document; useful for audit trail but not current execution truth.,Mark superseded or move under archive.,29760,584,text-read,9a8715e3d5cc
docs/datasets/archive/current_dataset_relevance_review.md,KEEP_ARCHIVE,NO,Dataset-review archive/provenance.,Keep as archive unless repository size policy changes.,25703,226,text-read,23d3c70c9262
docs/datasets/archive/dataset_relevance_appendix.csv,KEEP_ARCHIVE,NO,Dataset-review archive/provenance.,Keep as archive unless repository size policy changes.,188811,656,valid-csv,f13120559578
docs/datasets/archive/secop_manual_review.md,KEEP_ARCHIVE,NO,Dataset-review archive/provenance.,Keep as archive unless repository size policy changes.,62766,760,text-read,ca3ffc6eb9fe
docs/datasets/catalog.proven.csv,KEEP,NO,Dataset catalog/provenance artifact used to justify YAML contracts and backlog.,Keep; regenerate only via catalog process.,37063,149,valid-csv,410c57fa7636
docs/datasets/catalog.report.md,KEEP,NO,Dataset catalog/provenance artifact used to justify YAML contracts and backlog.,Keep; regenerate only via catalog process.,35451,353,text-read,d1bc013c2582
docs/datasets/catalog.signed.csv,KEEP,NO,Dataset catalog/provenance artifact used to justify YAML contracts and backlog.,Keep; regenerate only via catalog process.,294088,312,valid-csv,144cf72a0170
docs/datasets/colombia_open_data_audit.json,KEEP,NO,Dataset catalog/provenance artifact used to justify YAML contracts and backlog.,Keep; regenerate only via catalog process.,146884,4542,valid-json,2b4ae8dd5f13
docs/datasets/qualification_architecture.md,KEEP,NO,Dataset catalog/provenance artifact used to justify YAML contracts and backlog.,Keep; regenerate only via catalog process.,3833,93,text-read,da56d3bd97fb
docs/datasets/source_qualification_llm_cache.json,KEEP,NO,Dataset catalog/provenance artifact used to justify YAML contracts and backlog.,Keep; regenerate only via catalog process.,353060,7179,valid-json,fa67be05342e
docs/runbooks/env.md,KEEP,NO,Active/reference documentation.,Keep.,1477,30,text-read,446e0f5817b3
docs/runbooks/ingest_log.md,KEEP,NO,Operational ingest log; currently has local full-ingest entries.,Keep; standardize format if automating.,6069,39,text-read,bcb240fa5f8d
docs/source_registry_co_v1.csv,KEEP_UNTIL_MIGRATION,NO_BUT_DEPRECATED,Legacy source registry still load-bearing for API/tests/compose.,Do not delete until Phase 12 catalog migration is complete.,21005,53,valid-csv,e927e81a49f3
etl/Dockerfile,KEEP,NO,ETL package/container dependency configuration.,Keep.,352,18,text-read,5c16f97a17dd
etl/datasets/24ny-2dhf.yml,BACKLOG_PLACEHOLDER,NO_BUT_INACTIVE,context catalog placeholder; useful as backlog metadata but not an ingestable source yet.,Keep active contracts; separate placeholders from ingest runs.,292,14,valid-yaml,5332b8238dce
etl/datasets/28vu-5tx7.yml,BACKLOG_PLACEHOLDER,NO_BUT_INACTIVE,core catalog placeholder; useful as backlog metadata but not an ingestable source yet.,Keep active contracts; separate placeholders from ingest runs.,373,18,valid-yaml,51ed3c326e6a
etl/datasets/2c7k-9iru.yml,BACKLOG_PLACEHOLDER,NO_BUT_INACTIVE,core catalog placeholder; useful as backlog metadata but not an ingestable source yet.,Keep active contracts; separate placeholders from ingest runs.,399,18,valid-yaml,38a59044df8e
etl/datasets/2jzx-383z.yml,KEEP,NO,Active core YAML source contract; not useless.,Keep active contracts; separate placeholders from ingest runs.,1986,53,valid-yaml,090b30171c3f
etl/datasets/2v94-3ypi.yml,BACKLOG_PLACEHOLDER,NO_BUT_INACTIVE,core catalog placeholder; useful as backlog metadata but not an ingestable source yet.,Keep active contracts; separate placeholders from ingest runs.,342,17,valid-yaml,b35e31466a09
etl/datasets/2x55-9wxm.yml,BACKLOG_PLACEHOLDER,NO_BUT_INACTIVE,core catalog placeholder; useful as backlog metadata but not an ingestable source yet.,Keep active contracts; separate placeholders from ingest runs.,447,20,valid-yaml,52ef39022db6
etl/datasets/2zn7-bez3.yml,BACKLOG_PLACEHOLDER,NO_BUT_INACTIVE,core catalog placeholder; useful as backlog metadata but not an ingestable source yet.,Keep active contracts; separate placeholders from ingest runs.,262,14,valid-yaml,9653cf84e77a
etl/datasets/36vw-pbq2.yml,BACKLOG_PLACEHOLDER,NO_BUT_INACTIVE,core catalog placeholder; useful as backlog metadata but not an ingestable source yet.,Keep active contracts; separate placeholders from ingest runs.,292,14,valid-yaml,7d3d84ecbbf6
etl/datasets/3hdv-smhz.yml,BACKLOG_PLACEHOLDER,NO_BUT_INACTIVE,core catalog placeholder; useful as backlog metadata but not an ingestable source yet.,Keep active contracts; separate placeholders from ingest runs.,321,17,valid-yaml,3bbce161ecf9
etl/datasets/3xwx-53wt.yml,BACKLOG_PLACEHOLDER,NO_BUT_INACTIVE,core catalog placeholder; useful as backlog metadata but not an ingestable source yet.,Keep active contracts; separate placeholders from ingest runs.,830,27,valid-yaml,b8eb743ba6f5
etl/datasets/3y4s-dmxy.yml,BACKLOG_PLACEHOLDER,NO_BUT_INACTIVE,context catalog placeholder; useful as backlog metadata but not an ingestable source yet.,Keep active contracts; separate placeholders from ingest runs.,291,15,valid-yaml,f7f01ddeea13
etl/datasets/4bku-d9az.yml,BACKLOG_PLACEHOLDER,NO_BUT_INACTIVE,core catalog placeholder; useful as backlog metadata but not an ingestable source yet.,Keep active contracts; separate placeholders from ingest runs.,370,15,valid-yaml,5e5941924a59
etl/datasets/4ex9-j3n8.yml,BACKLOG_PLACEHOLDER,NO_BUT_INACTIVE,core catalog placeholder; useful as backlog metadata but not an ingestable source yet.,Keep active contracts; separate placeholders from ingest runs.,383,18,valid-yaml,a0f5d74644c8
etl/datasets/4n4q-k399.yml,BACKLOG_PLACEHOLDER,NO_BUT_INACTIVE,core catalog placeholder; useful as backlog metadata but not an ingestable source yet.,Keep active contracts; separate placeholders from ingest runs.,367,19,valid-yaml,74b844668b98
etl/datasets/4qkq-csdn.yml,BACKLOG_PLACEHOLDER,NO_BUT_INACTIVE,core catalog placeholder; useful as backlog metadata but not an ingestable source yet.,Keep active contracts; separate placeholders from ingest runs.,289,14,valid-yaml,1a3fdd2fe69b
etl/datasets/4u2m-pguf.yml,BACKLOG_PLACEHOLDER,NO_BUT_INACTIVE,core catalog placeholder; useful as backlog metadata but not an ingestable source yet.,Keep active contracts; separate placeholders from ingest runs.,404,19,valid-yaml,31f47c31c777
etl/datasets/5c2k-ahfc.yml,BACKLOG_PLACEHOLDER,NO_BUT_INACTIVE,context catalog placeholder; useful as backlog metadata but not an ingestable source yet.,Keep active contracts; separate placeholders from ingest runs.,314,15,valid-yaml,d77fa929a18e
etl/datasets/5n52-6rih.yml,BACKLOG_PLACEHOLDER,NO_BUT_INACTIVE,core catalog placeholder; useful as backlog metadata but not an ingestable source yet.,Keep active contracts; separate placeholders from ingest runs.,259,14,valid-yaml,363b93167db4
etl/datasets/5phs-yqfw.yml,BACKLOG_PLACEHOLDER,NO_BUT_INACTIVE,core catalog placeholder; useful as backlog metadata but not an ingestable source yet.,Keep active contracts; separate placeholders from ingest runs.,327,14,valid-yaml,ac65386a9d0c
etl/datasets/5u9e-g5w9.yml,KEEP,NO,Active core YAML source contract; not useless.,Keep active contracts; separate placeholders from ingest runs.,1972,53,valid-yaml,ff084d45e10d
etl/datasets/5wck-szir.yml,KEEP,NO,Active context YAML source contract; not useless.,Keep active contracts; separate placeholders from ingest runs.,1903,53,valid-yaml,3b64dc2b4818
etl/datasets/6cat-2gcs.yml,BACKLOG_PLACEHOLDER,NO_BUT_INACTIVE,core catalog placeholder; useful as backlog metadata but not an ingestable source yet.,Keep active contracts; separate placeholders from ingest runs.,279,14,valid-yaml,ac7fde41883f
etl/datasets/6cta-vqaf.yml,BACKLOG_PLACEHOLDER,NO_BUT_INACTIVE,context catalog placeholder; useful as backlog metadata but not an ingestable source yet.,Keep active contracts; separate placeholders from ingest runs.,341,14,valid-yaml,9dda3d00bdb1
etl/datasets/6eyy-q57b.yml,BACKLOG_PLACEHOLDER,NO_BUT_INACTIVE,context catalog placeholder; useful as backlog metadata but not an ingestable source yet.,Keep active contracts; separate placeholders from ingest runs.,343,14,valid-yaml,a967c750e16c
etl/datasets/6hqw-m3dm.yml,BACKLOG_PLACEHOLDER,NO_BUT_INACTIVE,core catalog placeholder; useful as backlog metadata but not an ingestable source yet.,Keep active contracts; separate placeholders from ingest runs.,277,14,valid-yaml,26fd041352d3
etl/datasets/7fix-nd37.yml,BACKLOG_PLACEHOLDER,NO_BUT_INACTIVE,core catalog placeholder; useful as backlog metadata but not an ingestable source yet.,Keep active contracts; separate placeholders from ingest runs.,281,14,valid-yaml,c1393b763385
etl/datasets/7jfv-7spn.yml,BACKLOG_PLACEHOLDER,NO_BUT_INACTIVE,core catalog placeholder; useful as backlog metadata but not an ingestable source yet.,Keep active contracts; separate placeholders from ingest runs.,336,14,valid-yaml,e315c73161fe
etl/datasets/7y2j-43cv.yml,KEEP,NO,Active context YAML source contract; not useless.,Keep active contracts; separate placeholders from ingest runs.,1190,38,valid-yaml,81a46f911378
etl/datasets/8cnh-7asj.yml,BACKLOG_PLACEHOLDER,NO_BUT_INACTIVE,core catalog placeholder; useful as backlog metadata but not an ingestable source yet.,Keep active contracts; separate placeholders from ingest runs.,370,18,valid-yaml,4555d9ef7d78
etl/datasets/8qxx-ubmq.yml,KEEP,NO,Active core YAML source contract; not useless.,Keep active contracts; separate placeholders from ingest runs.,987,33,valid-yaml,03dd8d1748ef
etl/datasets/8tz7-h3eu.yml,KEEP,NO,Active core YAML source contract; not useless.,Keep active contracts; separate placeholders from ingest runs.,1769,44,valid-yaml,b07672412f25
etl/datasets/9sue-ezhx.yml,BACKLOG_PLACEHOLDER,NO_BUT_INACTIVE,core catalog placeholder; useful as backlog metadata but not an ingestable source yet.,Keep active contracts; separate placeholders from ingest runs.,344,17,valid-yaml,03d4489308f9
etl/datasets/9xdg-hm6t.yml,BACKLOG_PLACEHOLDER,NO_BUT_INACTIVE,core catalog placeholder; useful as backlog metadata but not an ingestable source yet.,Keep active contracts; separate placeholders from ingest runs.,262,14,valid-yaml,fa04ab142e05
etl/datasets/a65q-6den.yml,BACKLOG_PLACEHOLDER,NO_BUT_INACTIVE,core catalog placeholder; useful as backlog metadata but not an ingestable source yet.,Keep active contracts; separate placeholders from ingest runs.,262,14,valid-yaml,2e1a62069bcf
etl/datasets/a86w-fh92.yml,BACKLOG_PLACEHOLDER,NO_BUT_INACTIVE,core catalog placeholder; useful as backlog metadata but not an ingestable source yet.,Keep active contracts; separate placeholders from ingest runs.,2109,67,valid-yaml,612e0e68f262
etl/datasets/acs4-3wgp.yml,BACKLOG_PLACEHOLDER,NO_BUT_INACTIVE,context catalog placeholder; useful as backlog metadata but not an ingestable source yet.,Keep active contracts; separate placeholders from ingest runs.,312,15,valid-yaml,1343b28ca2ed
etl/datasets/ahbx-upcu.yml,BACKLOG_PLACEHOLDER,NO_BUT_INACTIVE,core catalog placeholder; useful as backlog metadata but not an ingestable source yet.,Keep active contracts; separate placeholders from ingest runs.,262,14,valid-yaml,69970a223abd
etl/datasets/b6m4-qgqv.yml,BACKLOG_PLACEHOLDER,NO_BUT_INACTIVE,core catalog placeholder; useful as backlog metadata but not an ingestable source yet.,Keep active contracts; separate placeholders from ingest runs.,287,14,valid-yaml,e20e37613e74
etl/datasets/bpij-5vy9.yml,BACKLOG_PLACEHOLDER,NO_BUT_INACTIVE,core catalog placeholder; useful as backlog metadata but not an ingestable source yet.,Keep active contracts; separate placeholders from ingest runs.,363,15,valid-yaml,4299f2f8484f
etl/datasets/br9a-gygu.yml,BACKLOG_PLACEHOLDER,NO_BUT_INACTIVE,core catalog placeholder; useful as backlog metadata but not an ingestable source yet.,Keep active contracts; separate placeholders from ingest runs.,389,19,valid-yaml,8f2be7d589d7
etl/datasets/c36g-9fc2.yml,BACKLOG_PLACEHOLDER,NO_BUT_INACTIVE,core catalog placeholder; useful as backlog metadata but not an ingestable source yet.,Keep active contracts; separate placeholders from ingest runs.,1364,39,valid-yaml,46d595c57945
etl/datasets/c82u-588k.yml,KEEP,NO,Active core YAML source contract; not useless.,Keep active contracts; separate placeholders from ingest runs.,1797,46,valid-yaml,9b4a48a9a3bf
etl/datasets/cb9c-h8sn.yml,KEEP,NO,Active core YAML source contract; not useless.,Keep active contracts; separate placeholders from ingest runs.,633,22,valid-yaml,8c4ab07192ec
etl/datasets/ceth-n4bn.yml,BACKLOG_PLACEHOLDER,NO_BUT_INACTIVE,core catalog placeholder; useful as backlog metadata but not an ingestable source yet.,Keep active contracts; separate placeholders from ingest runs.,346,17,valid-yaml,6f88d791f36f
etl/datasets/cf9k-55fw.yml,BACKLOG_PLACEHOLDER,NO_BUT_INACTIVE,core catalog placeholder; useful as backlog metadata but not an ingestable source yet.,Keep active contracts; separate placeholders from ingest runs.,314,16,valid-yaml,c01a10077bfb
etl/datasets/cfw5-qzt5.yml,BACKLOG_PLACEHOLDER,NO_BUT_INACTIVE,context catalog placeholder; useful as backlog metadata but not an ingestable source yet.,Keep active contracts; separate placeholders from ingest runs.,346,16,valid-yaml,8d8d02a7fc44
etl/datasets/cm2t-qreq.yml,BACKLOG_PLACEHOLDER,NO_BUT_INACTIVE,context catalog placeholder; useful as backlog metadata but not an ingestable source yet.,Keep active contracts; separate placeholders from ingest runs.,310,14,valid-yaml,6a01944a92f3
etl/datasets/cmgp-8z8t.yml,BACKLOG_PLACEHOLDER,NO_BUT_INACTIVE,core catalog placeholder; useful as backlog metadata but not an ingestable source yet.,Keep active contracts; separate placeholders from ingest runs.,262,14,valid-yaml,09c3ddb81b06
etl/datasets/ctcp-462n.yml,BACKLOG_PLACEHOLDER,NO_BUT_INACTIVE,core catalog placeholder; useful as backlog metadata but not an ingestable source yet.,Keep active contracts; separate placeholders from ingest runs.,292,14,valid-yaml,2e9bf7f25546
etl/datasets/cwhv-7fnp.yml,BACKLOG_PLACEHOLDER,NO_BUT_INACTIVE,core catalog placeholder; useful as backlog metadata but not an ingestable source yet.,Keep active contracts; separate placeholders from ingest runs.,834,26,valid-yaml,175448ebb685
etl/datasets/d9na-abhe.yml,BACKLOG_PLACEHOLDER,NO_BUT_INACTIVE,core catalog placeholder; useful as backlog metadata but not an ingestable source yet.,Keep active contracts; separate placeholders from ingest runs.,688,25,valid-yaml,766a11c9d220
etl/datasets/dd55-74ss.yml,BACKLOG_PLACEHOLDER,NO_BUT_INACTIVE,core catalog placeholder; useful as backlog metadata but not an ingestable source yet.,Keep active contracts; separate placeholders from ingest runs.,259,14,valid-yaml,5f21f4e9f87e
etl/datasets/dmgg-8hin.yml,KEEP,NO,Active core YAML source contract; not useless.,Keep active contracts; separate placeholders from ingest runs.,819,29,valid-yaml,fd3bf424e1cd
etl/datasets/e2u2-swiw.yml,BACKLOG_PLACEHOLDER,NO_BUT_INACTIVE,core catalog placeholder; useful as backlog metadata but not an ingestable source yet.,Keep active contracts; separate placeholders from ingest runs.,335,17,valid-yaml,b8ae9bd655ae
etl/datasets/e88h-vxzi.yml,BACKLOG_PLACEHOLDER,NO_BUT_INACTIVE,core catalog placeholder; useful as backlog metadata but not an ingestable source yet.,Keep active contracts; separate placeholders from ingest runs.,288,14,valid-yaml,2daea53d5d4b
etl/datasets/e8s8-v85a.yml,BACKLOG_PLACEHOLDER,NO_BUT_INACTIVE,core catalog placeholder; useful as backlog metadata but not an ingestable source yet.,Keep active contracts; separate placeholders from ingest runs.,262,14,valid-yaml,005501627274
etl/datasets/e967-4a8r.yml,BACKLOG_PLACEHOLDER,NO_BUT_INACTIVE,core catalog placeholder; useful as backlog metadata but not an ingestable source yet.,Keep active contracts; separate placeholders from ingest runs.,339,14,valid-yaml,ebcef1107fbf
etl/datasets/epkg-mphw.yml,BACKLOG_PLACEHOLDER,NO_BUT_INACTIVE,context catalog placeholder; useful as backlog metadata but not an ingestable source yet.,Keep active contracts; separate placeholders from ingest runs.,287,15,valid-yaml,c204a3868aff
etl/datasets/epzv-8ck4.yml,BACKLOG_PLACEHOLDER,NO_BUT_INACTIVE,core catalog placeholder; useful as backlog metadata but not an ingestable source yet.,Keep active contracts; separate placeholders from ingest runs.,648,23,valid-yaml,4dfe48298b2e
etl/datasets/f789-7hwg.yml,BACKLOG_PLACEHOLDER,NO_BUT_INACTIVE,core catalog placeholder; useful as backlog metadata but not an ingestable source yet.,Keep active contracts; separate placeholders from ingest runs.,550,27,valid-yaml,618bb272545a
etl/datasets/ff7q-jcdw.yml,BACKLOG_PLACEHOLDER,NO_BUT_INACTIVE,context catalog placeholder; useful as backlog metadata but not an ingestable source yet.,Keep active contracts; separate placeholders from ingest runs.,341,14,valid-yaml,b9ac6b9bc0d0
etl/datasets/fr8e-58py.yml,BACKLOG_PLACEHOLDER,NO_BUT_INACTIVE,core catalog placeholder; useful as backlog metadata but not an ingestable source yet.,Keep active contracts; separate placeholders from ingest runs.,267,14,valid-yaml,dbb9f8b1ac20
etl/datasets/fwf9-c4xb.yml,BACKLOG_PLACEHOLDER,NO_BUT_INACTIVE,core catalog placeholder; useful as backlog metadata but not an ingestable source yet.,Keep active contracts; separate placeholders from ingest runs.,262,14,valid-yaml,59d4c1417aef
etl/datasets/gaic-b8aw.yml,BACKLOG_PLACEHOLDER,NO_BUT_INACTIVE,context catalog placeholder; useful as backlog metadata but not an ingestable source yet.,Keep active contracts; separate placeholders from ingest runs.,333,14,valid-yaml,535ab72a62c9
etl/datasets/gbry-rnq4.yml,KEEP,NO,Active core YAML source contract; not useless.,Keep active contracts; separate placeholders from ingest runs.,1855,46,valid-yaml,b2b513b94695
etl/datasets/gjp9-cutm.yml,BACKLOG_PLACEHOLDER,NO_BUT_INACTIVE,core catalog placeholder; useful as backlog metadata but not an ingestable source yet.,Keep active contracts; separate placeholders from ingest runs.,279,14,valid-yaml,e4f6bd8fa6bd
etl/datasets/gra4-pcp2.yml,BACKLOG_PLACEHOLDER,NO_BUT_INACTIVE,core catalog placeholder; useful as backlog metadata but not an ingestable source yet.,Keep active contracts; separate placeholders from ingest runs.,1076,37,valid-yaml,e009332bf66d
etl/datasets/h2yr-zfb2.yml,BACKLOG_PLACEHOLDER,NO_BUT_INACTIVE,context catalog placeholder; useful as backlog metadata but not an ingestable source yet.,Keep active contracts; separate placeholders from ingest runs.,342,15,valid-yaml,10ee02430551
etl/datasets/h7zv-k39x.yml,BACKLOG_PLACEHOLDER,NO_BUT_INACTIVE,core catalog placeholder; useful as backlog metadata but not an ingestable source yet.,Keep active contracts; separate placeholders from ingest runs.,384,19,valid-yaml,129b32fe2041
etl/datasets/hb3d-dyp7.yml,BACKLOG_PLACEHOLDER,NO_BUT_INACTIVE,core catalog placeholder; useful as backlog metadata but not an ingestable source yet.,Keep active contracts; separate placeholders from ingest runs.,267,14,valid-yaml,2635b93eca92
etl/datasets/hd6e-hz7c.yml,BACKLOG_PLACEHOLDER,NO_BUT_INACTIVE,core catalog placeholder; useful as backlog metadata but not an ingestable source yet.,Keep active contracts; separate placeholders from ingest runs.,262,14,valid-yaml,e2fa6da4c17f
etl/datasets/hgi6-6wh3.yml,BACKLOG_PLACEHOLDER,NO_BUT_INACTIVE,core catalog placeholder; useful as backlog metadata but not an ingestable source yet.,Keep active contracts; separate placeholders from ingest runs.,402,21,valid-yaml,e34255206a9e
etl/datasets/htue-emaw.yml,BACKLOG_PLACEHOLDER,NO_BUT_INACTIVE,core catalog placeholder; useful as backlog metadata but not an ingestable source yet.,Keep active contracts; separate placeholders from ingest runs.,267,14,valid-yaml,7952dc86f144
etl/datasets/iaeu-rcn6.yml,BACKLOG_PLACEHOLDER,NO_BUT_INACTIVE,core catalog placeholder; useful as backlog metadata but not an ingestable source yet.,Keep active contracts; separate placeholders from ingest runs.,291,16,valid-yaml,46fa47799dbe
etl/datasets/ibyt-yi2f.yml,KEEP,NO,Active core YAML source contract; not useless.,Keep active contracts; separate placeholders from ingest runs.,921,33,valid-yaml,34e666be2f57
etl/datasets/it5q-hg94.yml,KEEP,NO,Active core YAML source contract; not useless.,Keep active contracts; separate placeholders from ingest runs.,1374,45,valid-yaml,f54f1a33c329
etl/datasets/ityv-bxct.yml,KEEP,NO,Active core YAML source contract; not useless.,Keep active contracts; separate placeholders from ingest runs.,1655,54,valid-yaml,fe6485078918
etl/datasets/iuc2-3r6h.yml,BACKLOG_PLACEHOLDER,NO_BUT_INACTIVE,context catalog placeholder; useful as backlog metadata but not an ingestable source yet.,Keep active contracts; separate placeholders from ingest runs.,701,24,valid-yaml,617570193c16
etl/datasets/j9sd-zau5.yml,BACKLOG_PLACEHOLDER,NO_BUT_INACTIVE,context catalog placeholder; useful as backlog metadata but not an ingestable source yet.,Keep active contracts; separate placeholders from ingest runs.,371,17,valid-yaml,83eb363fc90d
etl/datasets/jbjy-vk9h.yml,KEEP,NO,Active core YAML source contract; not useless.,Keep active contracts; separate placeholders from ingest runs.,4226,110,valid-yaml,dff0be6ad3fe
etl/datasets/jgra-rz2t.yml,KEEP,NO,Active core YAML source contract; not useless.,Keep active contracts; separate placeholders from ingest runs.,1361,43,valid-yaml,c759f8f2545f
etl/datasets/ji8i-4anb.yml,BACKLOG_PLACEHOLDER,NO_BUT_INACTIVE,context catalog placeholder; useful as backlog metadata but not an ingestable source yet.,Keep active contracts; separate placeholders from ingest runs.,324,14,valid-yaml,768b4589b470
etl/datasets/jr8e-e8tu.yml,KEEP,NO,Active core YAML source contract; not useless.,Keep active contracts; separate placeholders from ingest runs.,1321,35,valid-yaml,f74ec9e131c6
etl/datasets/jzzx-knyw.yml,BACKLOG_PLACEHOLDER,NO_BUT_INACTIVE,core catalog placeholder; useful as backlog metadata but not an ingestable source yet.,Keep active contracts; separate placeholders from ingest runs.,267,14,valid-yaml,20aeacc27f80
etl/datasets/k67a-zkz9.yml,BACKLOG_PLACEHOLDER,NO_BUT_INACTIVE,core catalog placeholder; useful as backlog metadata but not an ingestable source yet.,Keep active contracts; separate placeholders from ingest runs.,435,20,valid-yaml,277e481c56e3
etl/datasets/kg2d-yfyg.yml,BACKLOG_PLACEHOLDER,NO_BUT_INACTIVE,core catalog placeholder; useful as backlog metadata but not an ingestable source yet.,Keep active contracts; separate placeholders from ingest runs.,320,16,valid-yaml,906cb46326c9
etl/datasets/mfmm-jqmq.yml,KEEP,NO,Active core YAML source contract; not useless.,Keep active contracts; separate placeholders from ingest runs.,1143,33,valid-yaml,0eeaa5906e49
etl/datasets/mj4p-5iuv.yml,BACKLOG_PLACEHOLDER,NO_BUT_INACTIVE,core catalog placeholder; useful as backlog metadata but not an ingestable source yet.,Keep active contracts; separate placeholders from ingest runs.,262,14,valid-yaml,1249021f889f
etl/datasets/mxk5-ce6w.yml,BACKLOG_PLACEHOLDER,NO_BUT_INACTIVE,core catalog placeholder; useful as backlog metadata but not an ingestable source yet.,Keep active contracts; separate placeholders from ingest runs.,326,15,valid-yaml,a0e4710c3413
etl/datasets/mzgh-shtp.yml,BACKLOG_PLACEHOLDER,NO_BUT_INACTIVE,core catalog placeholder; useful as backlog metadata but not an ingestable source yet.,Keep active contracts; separate placeholders from ingest runs.,949,33,valid-yaml,b4805caf9d0b
etl/datasets/n5yy-8nav.yml,KEEP,NO,Active core YAML source contract; not useless.,Keep active contracts; separate placeholders from ingest runs.,1524,45,valid-yaml,adf79e7eca55
etl/datasets/nb3d-v3n7.yml,KEEP,NO,Active core YAML source contract; not useless.,Keep active contracts; separate placeholders from ingest runs.,1356,37,valid-yaml,baf6abc0fc9a
etl/datasets/nfdm-7zai.yml,BACKLOG_PLACEHOLDER,NO_BUT_INACTIVE,core catalog placeholder; useful as backlog metadata but not an ingestable source yet.,Keep active contracts; separate placeholders from ingest runs.,306,15,valid-yaml,bf44c90ef38d
etl/datasets/nudc-7mev.yml,BACKLOG_PLACEHOLDER,NO_BUT_INACTIVE,context catalog placeholder; useful as backlog metadata but not an ingestable source yet.,Keep active contracts; separate placeholders from ingest runs.,342,15,valid-yaml,9f62baf9cd1e
etl/datasets/p6dx-8zbt.yml,KEEP,NO,Active core YAML source contract; not useless.,Keep active contracts; separate placeholders from ingest runs.,2862,74,valid-yaml,5c50f041a607
etl/datasets/pfdp-zks5.yml,BACKLOG_PLACEHOLDER,NO_BUT_INACTIVE,core catalog placeholder; useful as backlog metadata but not an ingestable source yet.,Keep active contracts; separate placeholders from ingest runs.,299,14,valid-yaml,3d14d5771b78
etl/datasets/prdx-nxyp.yml,BACKLOG_PLACEHOLDER,NO_BUT_INACTIVE,core catalog placeholder; useful as backlog metadata but not an ingestable source yet.,Keep active contracts; separate placeholders from ingest runs.,356,19,valid-yaml,4c3f154e59ff
etl/datasets/prwj-nzxa.yml,BACKLOG_PLACEHOLDER,NO_BUT_INACTIVE,core catalog placeholder; useful as backlog metadata but not an ingestable source yet.,Keep active contracts; separate placeholders from ingest runs.,296,14,valid-yaml,f31848c9e662
etl/datasets/ps88-5e3v.yml,BACKLOG_PLACEHOLDER,NO_BUT_INACTIVE,core catalog placeholder; useful as backlog metadata but not an ingestable source yet.,Keep active contracts; separate placeholders from ingest runs.,287,14,valid-yaml,21079254243b
etl/datasets/qddk-cgux.yml,KEEP,NO,Active core YAML source contract; not useless.,Keep active contracts; separate placeholders from ingest runs.,4140,113,valid-yaml,97d4a7bad4c1
etl/datasets/qhpu-8ixx.yml,BACKLOG_PLACEHOLDER,NO_BUT_INACTIVE,core catalog placeholder; useful as backlog metadata but not an ingestable source yet.,Keep active contracts; separate placeholders from ingest runs.,326,14,valid-yaml,615541ee1e35
etl/datasets/qkv4-ek54.yml,KEEP,NO,Active core YAML source contract; not useless.,Keep active contracts; separate placeholders from ingest runs.,1584,51,valid-yaml,c409d1fe4eec
etl/datasets/qmzu-gj57.yml,KEEP,NO,Active core YAML source contract; not useless.,Keep active contracts; separate placeholders from ingest runs.,1265,41,valid-yaml,cfe6c37775a2
etl/datasets/r3d5-pipz.yml,BACKLOG_PLACEHOLDER,NO_BUT_INACTIVE,core catalog placeholder; useful as backlog metadata but not an ingestable source yet.,Keep active contracts; separate placeholders from ingest runs.,319,14,valid-yaml,cbff4baffb53
etl/datasets/rgxm-mmea.yml,BACKLOG_PLACEHOLDER,NO_BUT_INACTIVE,core catalog placeholder; useful as backlog metadata but not an ingestable source yet.,Keep active contracts; separate placeholders from ingest runs.,363,18,valid-yaml,3eb97b0004e3
etl/datasets/rnvb-vnyh.yml,BACKLOG_PLACEHOLDER,NO_BUT_INACTIVE,context catalog placeholder; useful as backlog metadata but not an ingestable source yet.,Keep active contracts; separate placeholders from ingest runs.,327,16,valid-yaml,dc19ec55ad9f
etl/datasets/rpmr-utcd.yml,KEEP,NO,Active core YAML source contract; not useless.,Keep active contracts; separate placeholders from ingest runs.,1841,52,valid-yaml,f58a9f162d09
etl/datasets/rs3u-8r4q.yml,BACKLOG_PLACEHOLDER,NO_BUT_INACTIVE,context catalog placeholder; useful as backlog metadata but not an ingestable source yet.,Keep active contracts; separate placeholders from ingest runs.,291,14,valid-yaml,a32f7bba04bc
etl/datasets/rtck-inie.yml,BACKLOG_PLACEHOLDER,NO_BUT_INACTIVE,core catalog placeholder; useful as backlog metadata but not an ingestable source yet.,Keep active contracts; separate placeholders from ingest runs.,262,14,valid-yaml,dae69a6b5fa9
etl/datasets/rtxu-twjm.yml,BACKLOG_PLACEHOLDER,NO_BUT_INACTIVE,context catalog placeholder; useful as backlog metadata but not an ingestable source yet.,Keep active contracts; separate placeholders from ingest runs.,293,15,valid-yaml,2c03893d6df0
etl/datasets/rvii-eis8.yml,BACKLOG_PLACEHOLDER,NO_BUT_INACTIVE,core catalog placeholder; useful as backlog metadata but not an ingestable source yet.,Keep active contracts; separate placeholders from ingest runs.,305,14,valid-yaml,1abae9d79957
etl/datasets/s484-c9k3.yml,KEEP,NO,Active core YAML source contract; not useless.,Keep active contracts; separate placeholders from ingest runs.,1592,53,valid-yaml,b606cace6ee9
etl/datasets/s87b-tjcc.yml,BACKLOG_PLACEHOLDER,NO_BUT_INACTIVE,context catalog placeholder; useful as backlog metadata but not an ingestable source yet.,Keep active contracts; separate placeholders from ingest runs.,318,14,valid-yaml,ecafdca24580
etl/datasets/s97v-q3tx.yml,BACKLOG_PLACEHOLDER,NO_BUT_INACTIVE,core catalog placeholder; useful as backlog metadata but not an ingestable source yet.,Keep active contracts; separate placeholders from ingest runs.,357,18,valid-yaml,a390ee5bf65b
etl/datasets/sasi-u68b.yml,BACKLOG_PLACEHOLDER,NO_BUT_INACTIVE,core catalog placeholder; useful as backlog metadata but not an ingestable source yet.,Keep active contracts; separate placeholders from ingest runs.,307,15,valid-yaml,cd3de6b15b40
etl/datasets/skc9-met7.yml,BACKLOG_PLACEHOLDER,NO_BUT_INACTIVE,core catalog placeholder; useful as backlog metadata but not an ingestable source yet.,Keep active contracts; separate placeholders from ingest runs.,1023,30,valid-yaml,5538a8f3ca30
etl/datasets/sr9n-792w.yml,BACKLOG_PLACEHOLDER,NO_BUT_INACTIVE,core catalog placeholder; useful as backlog metadata but not an ingestable source yet.,Keep active contracts; separate placeholders from ingest runs.,340,16,valid-yaml,f482a22c3a14
etl/datasets/st4x-g6gz.yml,BACKLOG_PLACEHOLDER,NO_BUT_INACTIVE,core catalog placeholder; useful as backlog metadata but not an ingestable source yet.,Keep active contracts; separate placeholders from ingest runs.,262,14,valid-yaml,ac193cfe4620
etl/datasets/tauh-5jvn.yml,BACKLOG_PLACEHOLDER,NO_BUT_INACTIVE,core catalog placeholder; useful as backlog metadata but not an ingestable source yet.,Keep active contracts; separate placeholders from ingest runs.,360,19,valid-yaml,febd2acbc9a5
etl/datasets/thwd-ivmp.yml,BACKLOG_PLACEHOLDER,NO_BUT_INACTIVE,core catalog placeholder; useful as backlog metadata but not an ingestable source yet.,Keep active contracts; separate placeholders from ingest runs.,313,17,valid-yaml,425a59531326
etl/datasets/tic6-rbue.yml,BACKLOG_PLACEHOLDER,NO_BUT_INACTIVE,core catalog placeholder; useful as backlog metadata but not an ingestable source yet.,Keep active contracts; separate placeholders from ingest runs.,352,16,valid-yaml,973e9b0aafd4
etl/datasets/tmmn-mpqc.yml,BACKLOG_PLACEHOLDER,NO_BUT_INACTIVE,context catalog placeholder; useful as backlog metadata but not an ingestable source yet.,Keep active contracts; separate placeholders from ingest runs.,761,24,valid-yaml,4a65b22f11df
etl/datasets/tnbg-fy2n.yml,BACKLOG_PLACEHOLDER,NO_BUT_INACTIVE,core catalog placeholder; useful as backlog metadata but not an ingestable source yet.,Keep active contracts; separate placeholders from ingest runs.,284,14,valid-yaml,28823f60d474
etl/datasets/tv9x-wfg5.yml,BACKLOG_PLACEHOLDER,NO_BUT_INACTIVE,core catalog placeholder; useful as backlog metadata but not an ingestable source yet.,Keep active contracts; separate placeholders from ingest runs.,262,14,valid-yaml,26729e029143
etl/datasets/u37r-hjmu.yml,BACKLOG_PLACEHOLDER,NO_BUT_INACTIVE,core catalog placeholder; useful as backlog metadata but not an ingestable source yet.,Keep active contracts; separate placeholders from ingest runs.,425,20,valid-yaml,d2cd041b0226
etl/datasets/u4ze-bi7k.yml,BACKLOG_PLACEHOLDER,NO_BUT_INACTIVE,core catalog placeholder; useful as backlog metadata but not an ingestable source yet.,Keep active contracts; separate placeholders from ingest runs.,314,15,valid-yaml,0c6f35904bcb
etl/datasets/u5b4-ae3s.yml,BACKLOG_PLACEHOLDER,NO_BUT_INACTIVE,core catalog placeholder; useful as backlog metadata but not an ingestable source yet.,Keep active contracts; separate placeholders from ingest runs.,303,14,valid-yaml,8253216ef2ba
etl/datasets/u8cx-r425.yml,KEEP,NO,Active core YAML source contract; not useless.,Keep active contracts; separate placeholders from ingest runs.,1760,49,valid-yaml,fc42c9bd573d
etl/datasets/u99c-7mfm.yml,KEEP,NO,Active core YAML source contract; not useless.,Keep active contracts; separate placeholders from ingest runs.,819,24,valid-yaml,e06670fc31a8
etl/datasets/uawh-cjvi.yml,BACKLOG_PLACEHOLDER,NO_BUT_INACTIVE,core catalog placeholder; useful as backlog metadata but not an ingestable source yet.,Keep active contracts; separate placeholders from ingest runs.,342,15,valid-yaml,2ac24c9ac443
etl/datasets/upd7-iccu.yml,BACKLOG_PLACEHOLDER,NO_BUT_INACTIVE,context catalog placeholder; useful as backlog metadata but not an ingestable source yet.,Keep active contracts; separate placeholders from ingest runs.,330,14,valid-yaml,a233ce4acb03
etl/datasets/upr9-nkiz.yml,BACKLOG_PLACEHOLDER,NO_BUT_INACTIVE,core catalog placeholder; useful as backlog metadata but not an ingestable source yet.,Keep active contracts; separate placeholders from ingest runs.,347,17,valid-yaml,487230287ce1
etl/datasets/usqp-5nsn.yml,BACKLOG_PLACEHOLDER,NO_BUT_INACTIVE,core catalog placeholder; useful as backlog metadata but not an ingestable source yet.,Keep active contracts; separate placeholders from ingest runs.,268,14,valid-yaml,6c529eb6fb95
etl/datasets/ux6v-gpit.yml,BACKLOG_PLACEHOLDER,NO_BUT_INACTIVE,context catalog placeholder; useful as backlog metadata but not an ingestable source yet.,Keep active contracts; separate placeholders from ingest runs.,350,15,valid-yaml,23e50d7ba7cc
etl/datasets/uymx-8p3j.yml,KEEP,NO,Active core YAML source contract; not useless.,Keep active contracts; separate placeholders from ingest runs.,1576,50,valid-yaml,ef4255b1e8d0
etl/datasets/v488-qa3u.yml,BACKLOG_PLACEHOLDER,NO_BUT_INACTIVE,context catalog placeholder; useful as backlog metadata but not an ingestable source yet.,Keep active contracts; separate placeholders from ingest runs.,273,14,valid-yaml,b875bdf6ae26
etl/datasets/v5z5-e88h.yml,BACKLOG_PLACEHOLDER,NO_BUT_INACTIVE,context catalog placeholder; useful as backlog metadata but not an ingestable source yet.,Keep active contracts; separate placeholders from ingest runs.,295,14,valid-yaml,44fad6d2b7ea
etl/datasets/vbr4-v5x7.yml,BACKLOG_PLACEHOLDER,NO_BUT_INACTIVE,core catalog placeholder; useful as backlog metadata but not an ingestable source yet.,Keep active contracts; separate placeholders from ingest runs.,247,14,valid-yaml,26ba0391c6be
etl/datasets/vv8g-8u9u.yml,BACKLOG_PLACEHOLDER,NO_BUT_INACTIVE,core catalog placeholder; useful as backlog metadata but not an ingestable source yet.,Keep active contracts; separate placeholders from ingest runs.,409,19,valid-yaml,736ae44836cf
etl/datasets/wi7w-2nvm.yml,KEEP,NO,Active core YAML source contract; not useless.,Keep active contracts; separate placeholders from ingest runs.,1367,40,valid-yaml,43b45e4697d1
etl/datasets/wwhe-4sq8.yml,BACKLOG_PLACEHOLDER,NO_BUT_INACTIVE,core catalog placeholder; useful as backlog metadata but not an ingestable source yet.,Keep active contracts; separate placeholders from ingest runs.,993,34,valid-yaml,66db9fa9b2b8
etl/datasets/xcga-ji4i.yml,BACKLOG_PLACEHOLDER,NO_BUT_INACTIVE,context catalog placeholder; useful as backlog metadata but not an ingestable source yet.,Keep active contracts; separate placeholders from ingest runs.,340,15,valid-yaml,b1428e7c23f7
etl/datasets/xikz-44ja.yml,BACKLOG_PLACEHOLDER,NO_BUT_INACTIVE,core catalog placeholder; useful as backlog metadata but not an ingestable source yet.,Keep active contracts; separate placeholders from ingest runs.,880,32,valid-yaml,f4125335bfcb
etl/datasets/xjxk-qhsc.yml,BACKLOG_PLACEHOLDER,NO_BUT_INACTIVE,core catalog placeholder; useful as backlog metadata but not an ingestable source yet.,Keep active contracts; separate placeholders from ingest runs.,329,14,valid-yaml,7453c41ea8bc
etl/datasets/xm4c-2rks.yml,BACKLOG_PLACEHOLDER,NO_BUT_INACTIVE,context catalog placeholder; useful as backlog metadata but not an ingestable source yet.,Keep active contracts; separate placeholders from ingest runs.,292,14,valid-yaml,4302f3ae9f74
etl/datasets/xyy7-rn7p.yml,BACKLOG_PLACEHOLDER,NO_BUT_INACTIVE,core catalog placeholder; useful as backlog metadata but not an ingestable source yet.,Keep active contracts; separate placeholders from ingest runs.,393,15,valid-yaml,4e3742ede9b9
etl/datasets/y3gh-x5g7.yml,BACKLOG_PLACEHOLDER,NO_BUT_INACTIVE,core catalog placeholder; useful as backlog metadata but not an ingestable source yet.,Keep active contracts; separate placeholders from ingest runs.,291,14,valid-yaml,b8585325811c
etl/datasets/y9ga-zwzy.yml,BACKLOG_PLACEHOLDER,NO_BUT_INACTIVE,context catalog placeholder; useful as backlog metadata but not an ingestable source yet.,Keep active contracts; separate placeholders from ingest runs.,291,14,valid-yaml,4a68ba082c19
etl/pyproject.toml,KEEP,NO,ETL package/container dependency configuration.,Keep.,1556,75,text-read,bcce15e277c7
etl/scripts/_download_utils.py,KEEP,NO,Utility script still referenced by plans/tests or useful for fixture capture.,Keep.,4986,145,valid-python,686b175f92c5
etl/scripts/download_bogota_secop_scope.py,REMOVE_OR_REWRITE,YES_CURRENTLY,Standalone ETL script imports retired modules and/or missing neo4j dependency.,Delete or rewrite as catalog/custom adapter.,13837,407,valid-python,8a23967da8e8
etl/scripts/download_connected_company_branches.py,REMOVE_OR_REWRITE,YES_CURRENTLY,Standalone ETL script imports retired modules and/or missing neo4j dependency.,Delete or rewrite as catalog/custom adapter.,9265,278,valid-python,49803a4e548b
etl/scripts/download_connected_company_registry.py,REMOVE_OR_REWRITE,YES_CURRENTLY,Standalone ETL script imports retired modules and/or missing neo4j dependency.,Delete or rewrite as catalog/custom adapter.,9464,289,valid-python,c04737efcdb5
etl/scripts/download_connected_dnp_bpin_wave.py,REMOVE_OR_REWRITE,YES_CURRENTLY,Standalone ETL script imports retired modules and/or missing neo4j dependency.,Delete or rewrite as catalog/custom adapter.,8474,273,valid-python,1c0e7be05b7b
etl/scripts/download_connected_secop_i_history.py,REMOVE_OR_REWRITE,YES_CURRENTLY,Standalone ETL script imports retired modules and/or missing neo4j dependency.,Delete or rewrite as catalog/custom adapter.,11526,349,valid-python,a6e8abb7a23a
etl/scripts/download_connected_secop_scope.py,REMOVE_OR_REWRITE,YES_CURRENTLY,Standalone ETL script imports retired modules and/or missing neo4j dependency.,Delete or rewrite as catalog/custom adapter.,9688,291,valid-python,358c5e6c2b39
etl/scripts/download_igac_property_transactions.py,REWRITE_AS_ADAPTER,NO_BUT_WRONG_SHAPE,Ad-hoc downloader belongs in custom adapter framework if source remains required.,Convert to adapter or archive.,4335,134,valid-python,5e18fd0b1607
etl/scripts/download_mapa_inversiones_report.py,REWRITE_AS_ADAPTER,NO_BUT_WRONG_SHAPE,Ad-hoc downloader belongs in custom adapter framework if source remains required.,Convert to adapter or archive.,2519,84,valid-python,79457d511b11
etl/scripts/download_paco_dataset.py,REWRITE_AS_ADAPTER,NO_BUT_WRONG_SHAPE,Ad-hoc downloader belongs in custom adapter framework if source remains required.,Convert to adapter or archive.,4311,137,valid-python,79370f4fbc88
etl/scripts/download_pte_export.py,REWRITE_AS_ADAPTER,NO_BUT_WRONG_SHAPE,Ad-hoc downloader belongs in custom adapter framework if source remains required.,Convert to adapter or archive.,2246,70,valid-python,7d6895cf54a7
etl/scripts/download_rues_chambers.py,REMOVE_OR_REWRITE,YES_CURRENTLY,Standalone ETL script imports retired modules and/or missing neo4j dependency.,Delete or rewrite as catalog/custom adapter.,3549,100,valid-python,5c99cbfdd739
etl/scripts/download_socrata_dataset.py,REWRITE_AS_ADAPTER,NO_BUT_WRONG_SHAPE,Ad-hoc downloader belongs in custom adapter framework if source remains required.,Convert to adapter or archive.,11654,327,valid-python,64784808144a
etl/scripts/download_supersoc_top_companies.py,REWRITE_AS_ADAPTER,NO_BUT_WRONG_SHAPE,Ad-hoc downloader belongs in custom adapter framework if source remains required.,Convert to adapter or archive.,2017,63,valid-python,538c6f8bb9fd
etl/scripts/prepare_registraduria_death_status_checks.py,REMOVE_OR_REWRITE,YES_CURRENTLY,Standalone ETL script imports retired modules and/or missing neo4j dependency.,Delete or rewrite as catalog/custom adapter.,3705,127,valid-python,fda540b9f288
etl/src/coacc_etl/__init__.py,KEEP,NO,Active ETL package/test file; current ETL tests/lint/mypy are green.,Keep.,0,0,valid-python,e3b0c44298fc
etl/src/coacc_etl/catalog/__init__.py,KEEP,NO,Active ETL package/test file; current ETL tests/lint/mypy are green.,Keep.,483,16,valid-python,998c5149677c
etl/src/coacc_etl/catalog/loader.py,KEEP,NO,Active ETL package/test file; current ETL tests/lint/mypy are green.,Keep.,1669,53,valid-python,1b1254a56a2b
etl/src/coacc_etl/catalog/models.py,KEEP,NO,Active ETL package/test file; current ETL tests/lint/mypy are green.,Keep.,3568,90,valid-python,7c63ed2a7348
etl/src/coacc_etl/cli.py,KEEP,NO,Active ETL package/test file; current ETL tests/lint/mypy are green.,Keep.,8403,260,valid-python,b99a1d75f46a
etl/src/coacc_etl/entity_resolution/__init__.py,KEEP,NO,Active ETL package/test file; current ETL tests/lint/mypy are green.,Keep.,879,35,valid-python,c35c59e312b0
etl/src/coacc_etl/entity_resolution/aliases.py,KEEP,NO,Active ETL package/test file; current ETL tests/lint/mypy are green.,Keep.,545,26,valid-python,07d3ee92466e
etl/src/coacc_etl/entity_resolution/canonical.py,KEEP,NO,Active ETL package/test file; current ETL tests/lint/mypy are green.,Keep.,1085,40,valid-python,3145880087dc
etl/src/coacc_etl/entity_resolution/confidence.py,KEEP,NO,Active ETL package/test file; current ETL tests/lint/mypy are green.,Keep.,435,15,valid-python,f4770b3f2f32
etl/src/coacc_etl/entity_resolution/config.py,KEEP,NO,Active ETL package/test file; current ETL tests/lint/mypy are green.,Keep.,1297,38,valid-python,e25fdc9770da
etl/src/coacc_etl/entity_resolution/linker.py,KEEP,NO,Active ETL package/test file; current ETL tests/lint/mypy are green.,Keep.,1782,52,valid-python,8bfbf3c61395
etl/src/coacc_etl/entity_resolution/matchers.py,KEEP,NO,Active ETL package/test file; current ETL tests/lint/mypy are green.,Keep.,1989,85,valid-python,0b88ad058024
etl/src/coacc_etl/ingest/__init__.py,KEEP,NO,Active ETL package/test file; current ETL tests/lint/mypy are green.,Keep.,513,16,valid-python,51f5d7b75f64
etl/src/coacc_etl/ingest/coverage.py,KEEP,NO,Active ETL package/test file; current ETL tests/lint/mypy are green.,Keep.,3858,108,valid-python,2f055d32ec26
etl/src/coacc_etl/ingest/socrata.py,KEEP,NO,Active ETL package/test file; current ETL tests/lint/mypy are green.,Keep.,28398,831,valid-python,e328e92319bc
etl/src/coacc_etl/lakehouse/__init__.py,KEEP,NO,Active ETL package/test file; current ETL tests/lint/mypy are green.,Keep.,567,21,valid-python,bcc3058798f6
etl/src/coacc_etl/lakehouse/compactor.py,KEEP,NO,Active ETL package/test file; current ETL tests/lint/mypy are green.,Keep.,2468,84,valid-python,937366be1690
etl/src/coacc_etl/lakehouse/paths.py,KEEP,NO,Active ETL package/test file; current ETL tests/lint/mypy are green.,Keep.,1199,49,valid-python,dfb7d9c1dea8
etl/src/coacc_etl/lakehouse/reader.py,KEEP,NO,Active ETL package/test file; current ETL tests/lint/mypy are green.,Keep.,1323,48,valid-python,9d2dd76108d3
etl/src/coacc_etl/lakehouse/reality.py,KEEP,NO,Active ETL package/test file; current ETL tests/lint/mypy are green.,Keep.,1886,71,valid-python,855ebfb590b8
etl/src/coacc_etl/lakehouse/watermark.py,KEEP,NO,Active ETL package/test file; current ETL tests/lint/mypy are green.,Keep.,4960,162,valid-python,fe570767b278
etl/src/coacc_etl/lakehouse/writer.py,KEEP,NO,Active ETL package/test file; current ETL tests/lint/mypy are green.,Keep.,2012,73,valid-python,e1af6a6e6103
etl/src/coacc_etl/operations/__init__.py,KEEP,NO,Active ETL package/test file; current ETL tests/lint/mypy are green.,Keep.,54,1,valid-python,2e01aba177f0
etl/src/coacc_etl/operations/phase7.py,KEEP,NO,Active ETL package/test file; current ETL tests/lint/mypy are green.,Keep.,10138,306,valid-python,1d3df04d37c5
etl/src/coacc_etl/qualification/__init__.py,KEEP,NO,Active ETL package/test file; current ETL tests/lint/mypy are green.,Keep.,3516,133,valid-python,a41bb2594454
etl/src/coacc_etl/qualification/cli.py,KEEP,NO,Active ETL package/test file; current ETL tests/lint/mypy are green.,Keep.,13102,341,valid-python,651b1159820a
etl/src/coacc_etl/qualification/inputs.py,KEEP,NO,Active ETL package/test file; current ETL tests/lint/mypy are green.,Keep.,12563,342,valid-python,3fa0dada1fac
etl/src/coacc_etl/qualification/llm_review.py,KEEP,NO,Active ETL package/test file; current ETL tests/lint/mypy are green.,Keep.,20589,542,valid-python,914c63bd28f6
etl/src/coacc_etl/qualification/promotion.py,KEEP,NO,Active ETL package/test file; current ETL tests/lint/mypy are green.,Keep.,14240,466,valid-python,1b6818f63df2
etl/src/coacc_etl/qualification/report.py,KEEP,NO,Active ETL package/test file; current ETL tests/lint/mypy are green.,Keep.,6606,167,valid-python,3a02c4e3c749
etl/src/coacc_etl/qualification/socrata_probe.py,KEEP,NO,Active ETL package/test file; current ETL tests/lint/mypy are green.,Keep.,9659,273,valid-python,28f3227f88a0
etl/src/coacc_etl/schemas/__init__.py,KEEP,NO,Active ETL package/test file; current ETL tests/lint/mypy are green.,Keep.,227,5,valid-python,8479272b4f27
etl/src/coacc_etl/schemas/validator.py,KEEP,NO,Active ETL package/test file; current ETL tests/lint/mypy are green.,Keep.,2438,80,valid-python,28a6eb57ba05
etl/src/coacc_etl/source_qualification.py,KEEP,NO,Active ETL package/test file; current ETL tests/lint/mypy are green.,Keep.,2715,91,valid-python,15a971438ef7
etl/src/coacc_etl/streaming.py,KEEP,NO,Active ETL package/test file; current ETL tests/lint/mypy are green.,Keep.,4278,132,valid-python,1f9a7744f694
etl/src/coacc_etl/transforms/__init__.py,KEEP,NO,Active ETL package/test file; current ETL tests/lint/mypy are green.,Keep.,607,23,valid-python,6a9a21840e9f
etl/src/coacc_etl/transforms/date_formatting.py,KEEP,NO,Active ETL package/test file; current ETL tests/lint/mypy are green.,Keep.,1055,39,valid-python,d521ab82fc3c
etl/src/coacc_etl/transforms/deduplication.py,KEEP,NO,Active ETL package/test file; current ETL tests/lint/mypy are green.,Keep.,386,15,valid-python,15f771ac0389
etl/src/coacc_etl/transforms/document_formatting.py,KEEP,NO,Active ETL package/test file; current ETL tests/lint/mypy are green.,Keep.,1200,45,valid-python,726d1c52cfec
etl/src/coacc_etl/transforms/name_normalization.py,KEEP,NO,Active ETL package/test file; current ETL tests/lint/mypy are green.,Keep.,432,17,valid-python,59bdbe557b57
etl/src/coacc_etl/transforms/value_sanitization.py,KEEP,NO,Active ETL package/test file; current ETL tests/lint/mypy are green.,Keep.,928,26,valid-python,c6423a0af4f9
etl/tests/__init__.py,KEEP,NO,Active ETL package/test file; current ETL tests/lint/mypy are green.,Keep.,0,0,valid-python,e3b0c44298fc
etl/tests/test_catalog.py,KEEP,NO,Active ETL package/test file; current ETL tests/lint/mypy are green.,Keep.,3627,103,valid-python,e6dea79321a8
etl/tests/test_colombia_shared.py,KEEP,NO,Active ETL package/test file; current ETL tests/lint/mypy are green.,Keep.,663,19,valid-python,5b111d3a579b
etl/tests/test_date_formatting.py,KEEP,NO,Active ETL package/test file; current ETL tests/lint/mypy are green.,Keep.,631,24,valid-python,9c2f4f442cdb
etl/tests/test_entity_resolution.py,KEEP,NO,Active ETL package/test file; current ETL tests/lint/mypy are green.,Keep.,3339,100,valid-python,1a40822cf440
etl/tests/test_ingest/__init__.py,KEEP,NO,Active ETL package/test file; current ETL tests/lint/mypy are green.,Keep.,0,0,valid-python,e3b0c44298fc
etl/tests/test_ingest/conftest.py,KEEP,NO,Active ETL package/test file; current ETL tests/lint/mypy are green.,Keep.,4773,143,valid-python,fce2f1ac7880
etl/tests/test_ingest/test_determinism.py,KEEP,NO,Active ETL package/test file; current ETL tests/lint/mypy are green.,Keep.,2663,72,valid-python,f98f5912819d
etl/tests/test_ingest/test_socrata_contract.py,KEEP,NO,Active ETL package/test file; current ETL tests/lint/mypy are green.,Keep.,12366,349,valid-python,cdff79388a77
etl/tests/test_lakehouse.py,KEEP,NO,Active ETL package/test file; current ETL tests/lint/mypy are green.,Keep.,2267,59,valid-python,35f2dcf36cf8
etl/tests/test_operations/test_phase7.py,KEEP,NO,Active ETL package/test file; current ETL tests/lint/mypy are green.,Keep.,4468,150,valid-python,cb7ca2864542
etl/tests/test_signal_source_alignment.py,KEEP,NO,Active ETL package/test file; current ETL tests/lint/mypy are green.,Keep.,6842,187,valid-python,73cb99da5710
etl/tests/test_source_qualification.py,KEEP,NO,Active ETL package/test file; current ETL tests/lint/mypy are green.,Keep.,10689,340,valid-python,a735589d59e7
etl/tests/test_source_registry_alignment.py,KEEP,NO,Active ETL package/test file; current ETL tests/lint/mypy are green.,Keep.,3852,86,valid-python,5ac856e4fdbf
etl/tests/test_transforms.py,KEEP,NO,Active ETL package/test file; current ETL tests/lint/mypy are green.,Keep.,1922,62,valid-python,604a1a8df852
etl/tests/test_value_sanitization.py,KEEP,NO,Active ETL package/test file; current ETL tests/lint/mypy are green.,Keep.,996,32,valid-python,b7b742439587
etl/uv.lock,KEEP,NO,ETL package/container dependency configuration.,Keep.,245239,1654,text-read,1750fc89478e
frontend/Dockerfile,KEEP,NO,Frontend build/container/tooling configuration.,Keep.,284,15,text-read,5d25e2aba9ee
frontend/eslint.config.js,KEEP,NO,Frontend build/container/tooling configuration.,Keep.,608,24,text-read,f3ece4d136f8
frontend/index.html,KEEP,NO,Frontend build/container/tooling configuration.,Keep.,817,24,text-read,b0b9df6a3655
frontend/nginx.conf,KEEP,NO,Frontend build/container/tooling configuration.,Keep.,566,23,text-read,cba99c028116
frontend/package-lock.json,KEEP,NO,Locked frontend dependencies.,Keep.,247506,6934,valid-json,a3a596dbe840
frontend/package.json,KEEP,NO,Frontend build/container/tooling configuration.,Keep.,1411,52,valid-json,267e4644536a
frontend/public/data/cases/company-4-34143c6a-6a1b-4864-a68e-0d38c967b901-128164.json,KEEP_GENERATED_REVIEW,NO_IF_STATIC_MODE,"Valid static case shard; useful for public/offline results mode but should be generated, not hand-maintained.",Keep only with generator/provenance policy.,3028,97,valid-json,ea80edc51286
frontend/public/data/cases/company-4-34143c6a-6a1b-4864-a68e-0d38c967b901-129190.json,KEEP_GENERATED_REVIEW,NO_IF_STATIC_MODE,"Valid static case shard; useful for public/offline results mode but should be generated, not hand-maintained.",Keep only with generator/provenance policy.,2320,72,valid-json,64c25958352b
frontend/public/data/cases/company-4-34143c6a-6a1b-4864-a68e-0d38c967b901-131911.json,KEEP_GENERATED_REVIEW,NO_IF_STATIC_MODE,"Valid static case shard; useful for public/offline results mode but should be generated, not hand-maintained.",Keep only with generator/provenance policy.,3192,97,valid-json,15ed225e07d6
frontend/public/data/cases/company-4-34143c6a-6a1b-4864-a68e-0d38c967b901-132469.json,KEEP_GENERATED_REVIEW,NO_IF_STATIC_MODE,"Valid static case shard; useful for public/offline results mode but should be generated, not hand-maintained.",Keep only with generator/provenance policy.,2275,72,valid-json,e325ca85bf9b
frontend/public/data/cases/company-4-34143c6a-6a1b-4864-a68e-0d38c967b901-133335.json,KEEP_GENERATED_REVIEW,NO_IF_STATIC_MODE,"Valid static case shard; useful for public/offline results mode but should be generated, not hand-maintained.",Keep only with generator/provenance policy.,2306,72,valid-json,35bd02d43055
frontend/public/data/cases/company-4-34143c6a-6a1b-4864-a68e-0d38c967b901-133676.json,KEEP_GENERATED_REVIEW,NO_IF_STATIC_MODE,"Valid static case shard; useful for public/offline results mode but should be generated, not hand-maintained.",Keep only with generator/provenance policy.,3543,108,valid-json,384d55639440
frontend/public/data/cases/company-4-34143c6a-6a1b-4864-a68e-0d38c967b901-135906.json,KEEP_GENERATED_REVIEW,NO_IF_STATIC_MODE,"Valid static case shard; useful for public/offline results mode but should be generated, not hand-maintained.",Keep only with generator/provenance policy.,2295,72,valid-json,2f16129a3e8e
frontend/public/data/cases/company-4-34143c6a-6a1b-4864-a68e-0d38c967b901-136933.json,KEEP_GENERATED_REVIEW,NO_IF_STATIC_MODE,"Valid static case shard; useful for public/offline results mode but should be generated, not hand-maintained.",Keep only with generator/provenance policy.,2264,72,valid-json,7f2ed63302f3
frontend/public/data/cases/company-4-34143c6a-6a1b-4864-a68e-0d38c967b901-137926.json,KEEP_GENERATED_REVIEW,NO_IF_STATIC_MODE,"Valid static case shard; useful for public/offline results mode but should be generated, not hand-maintained.",Keep only with generator/provenance policy.,2269,72,valid-json,01f51255c4d8
frontend/public/data/cases/company-4-34143c6a-6a1b-4864-a68e-0d38c967b901-166993.json,KEEP_GENERATED_REVIEW,NO_IF_STATIC_MODE,"Valid static case shard; useful for public/offline results mode but should be generated, not hand-maintained.",Keep only with generator/provenance policy.,2956,93,valid-json,08447546ee96
frontend/public/data/cases/company-4-34143c6a-6a1b-4864-a68e-0d38c967b901-167051.json,KEEP_GENERATED_REVIEW,NO_IF_STATIC_MODE,"Valid static case shard; useful for public/offline results mode but should be generated, not hand-maintained.",Keep only with generator/provenance policy.,2327,75,valid-json,0238df585594
frontend/public/data/cases/company-4-34143c6a-6a1b-4864-a68e-0d38c967b901-167052.json,KEEP_GENERATED_REVIEW,NO_IF_STATIC_MODE,"Valid static case shard; useful for public/offline results mode but should be generated, not hand-maintained.",Keep only with generator/provenance policy.,3030,97,valid-json,9ef30c25a2f3
frontend/public/data/cases/company-4-34143c6a-6a1b-4864-a68e-0d38c967b901-167056.json,KEEP_GENERATED_REVIEW,NO_IF_STATIC_MODE,"Valid static case shard; useful for public/offline results mode but should be generated, not hand-maintained.",Keep only with generator/provenance policy.,3116,97,valid-json,ec12f0e7b694
frontend/public/data/cases/company-4-34143c6a-6a1b-4864-a68e-0d38c967b901-167057.json,KEEP_GENERATED_REVIEW,NO_IF_STATIC_MODE,"Valid static case shard; useful for public/offline results mode but should be generated, not hand-maintained.",Keep only with generator/provenance policy.,3031,97,valid-json,4224aa1af493
frontend/public/data/cases/company-4-34143c6a-6a1b-4864-a68e-0d38c967b901-167058.json,KEEP_GENERATED_REVIEW,NO_IF_STATIC_MODE,"Valid static case shard; useful for public/offline results mode but should be generated, not hand-maintained.",Keep only with generator/provenance policy.,3130,98,valid-json,eadc74988944
frontend/public/data/cases/company-4-34143c6a-6a1b-4864-a68e-0d38c967b901-167061.json,KEEP_GENERATED_REVIEW,NO_IF_STATIC_MODE,"Valid static case shard; useful for public/offline results mode but should be generated, not hand-maintained.",Keep only with generator/provenance policy.,3051,97,valid-json,6628a73e07be
frontend/public/data/cases/company-4-34143c6a-6a1b-4864-a68e-0d38c967b901-167063.json,KEEP_GENERATED_REVIEW,NO_IF_STATIC_MODE,"Valid static case shard; useful for public/offline results mode but should be generated, not hand-maintained.",Keep only with generator/provenance policy.,3038,97,valid-json,79e8555ff99c
frontend/public/data/cases/company-4-34143c6a-6a1b-4864-a68e-0d38c967b901-167068.json,KEEP_GENERATED_REVIEW,NO_IF_STATIC_MODE,"Valid static case shard; useful for public/offline results mode but should be generated, not hand-maintained.",Keep only with generator/provenance policy.,3055,97,valid-json,86c75978835d
frontend/public/data/cases/company-4-34143c6a-6a1b-4864-a68e-0d38c967b901-167069.json,KEEP_GENERATED_REVIEW,NO_IF_STATIC_MODE,"Valid static case shard; useful for public/offline results mode but should be generated, not hand-maintained.",Keep only with generator/provenance policy.,3062,97,valid-json,9496e4db27d4
frontend/public/data/cases/company-4-34143c6a-6a1b-4864-a68e-0d38c967b901-167070.json,KEEP_GENERATED_REVIEW,NO_IF_STATIC_MODE,"Valid static case shard; useful for public/offline results mode but should be generated, not hand-maintained.",Keep only with generator/provenance policy.,3059,97,valid-json,7ec1877b64c2
frontend/public/data/cases/company-4-34143c6a-6a1b-4864-a68e-0d38c967b901-167074.json,KEEP_GENERATED_REVIEW,NO_IF_STATIC_MODE,"Valid static case shard; useful for public/offline results mode but should be generated, not hand-maintained.",Keep only with generator/provenance policy.,3090,97,valid-json,e00944aae2bb
frontend/public/data/cases/company-4-34143c6a-6a1b-4864-a68e-0d38c967b901-167082.json,KEEP_GENERATED_REVIEW,NO_IF_STATIC_MODE,"Valid static case shard; useful for public/offline results mode but should be generated, not hand-maintained.",Keep only with generator/provenance policy.,3048,97,valid-json,a93d68e26589
frontend/public/data/cases/company-4-34143c6a-6a1b-4864-a68e-0d38c967b901-167084.json,KEEP_GENERATED_REVIEW,NO_IF_STATIC_MODE,"Valid static case shard; useful for public/offline results mode but should be generated, not hand-maintained.",Keep only with generator/provenance policy.,3077,97,valid-json,5c9c880bb8b7
frontend/public/data/cases/company-4-34143c6a-6a1b-4864-a68e-0d38c967b901-167108.json,KEEP_GENERATED_REVIEW,NO_IF_STATIC_MODE,"Valid static case shard; useful for public/offline results mode but should be generated, not hand-maintained.",Keep only with generator/provenance policy.,2289,74,valid-json,01067af327d2
frontend/public/data/cases/company-4-34143c6a-6a1b-4864-a68e-0d38c967b901-167152.json,KEEP_GENERATED_REVIEW,NO_IF_STATIC_MODE,"Valid static case shard; useful for public/offline results mode but should be generated, not hand-maintained.",Keep only with generator/provenance policy.,3047,97,valid-json,0693c2e868f0
frontend/public/data/cases/company-4-34143c6a-6a1b-4864-a68e-0d38c967b901-167167.json,KEEP_GENERATED_REVIEW,NO_IF_STATIC_MODE,"Valid static case shard; useful for public/offline results mode but should be generated, not hand-maintained.",Keep only with generator/provenance policy.,3040,97,valid-json,a7d584415c0b
frontend/public/data/cases/company-4-34143c6a-6a1b-4864-a68e-0d38c967b901-167168.json,KEEP_GENERATED_REVIEW,NO_IF_STATIC_MODE,"Valid static case shard; useful for public/offline results mode but should be generated, not hand-maintained.",Keep only with generator/provenance policy.,3090,97,valid-json,ee22a9e1ccef
frontend/public/data/cases/company-4-34143c6a-6a1b-4864-a68e-0d38c967b901-167218.json,KEEP_GENERATED_REVIEW,NO_IF_STATIC_MODE,"Valid static case shard; useful for public/offline results mode but should be generated, not hand-maintained.",Keep only with generator/provenance policy.,3070,97,valid-json,ad40a11e98ce
frontend/public/data/cases/company-4-34143c6a-6a1b-4864-a68e-0d38c967b901-167237.json,KEEP_GENERATED_REVIEW,NO_IF_STATIC_MODE,"Valid static case shard; useful for public/offline results mode but should be generated, not hand-maintained.",Keep only with generator/provenance policy.,2250,74,valid-json,78ae5224b43a
frontend/public/data/cases/company-4-34143c6a-6a1b-4864-a68e-0d38c967b901-167249.json,KEEP_GENERATED_REVIEW,NO_IF_STATIC_MODE,"Valid static case shard; useful for public/offline results mode but should be generated, not hand-maintained.",Keep only with generator/provenance policy.,3115,97,valid-json,348b95c42ef6
frontend/public/data/cases/company-4-34143c6a-6a1b-4864-a68e-0d38c967b901-167250.json,KEEP_GENERATED_REVIEW,NO_IF_STATIC_MODE,"Valid static case shard; useful for public/offline results mode but should be generated, not hand-maintained.",Keep only with generator/provenance policy.,2914,93,valid-json,42bf740940b7
frontend/public/data/cases/company-4-34143c6a-6a1b-4864-a68e-0d38c967b901-167251.json,KEEP_GENERATED_REVIEW,NO_IF_STATIC_MODE,"Valid static case shard; useful for public/offline results mode but should be generated, not hand-maintained.",Keep only with generator/provenance policy.,3037,97,valid-json,ea30a19733cf
frontend/public/data/cases/company-4-34143c6a-6a1b-4864-a68e-0d38c967b901-167277.json,KEEP_GENERATED_REVIEW,NO_IF_STATIC_MODE,"Valid static case shard; useful for public/offline results mode but should be generated, not hand-maintained.",Keep only with generator/provenance policy.,2250,74,valid-json,f0e6e5e0bec0
frontend/public/data/cases/company-4-34143c6a-6a1b-4864-a68e-0d38c967b901-167297.json,KEEP_GENERATED_REVIEW,NO_IF_STATIC_MODE,"Valid static case shard; useful for public/offline results mode but should be generated, not hand-maintained.",Keep only with generator/provenance policy.,2229,74,valid-json,ff6e741180a9
frontend/public/data/cases/company-4-34143c6a-6a1b-4864-a68e-0d38c967b901-18516.json,KEEP_GENERATED_REVIEW,NO_IF_STATIC_MODE,"Valid static case shard; useful for public/offline results mode but should be generated, not hand-maintained.",Keep only with generator/provenance policy.,2375,72,valid-json,490588be9b6c
frontend/public/data/cases/company-4-34143c6a-6a1b-4864-a68e-0d38c967b901-18518.json,KEEP_GENERATED_REVIEW,NO_IF_STATIC_MODE,"Valid static case shard; useful for public/offline results mode but should be generated, not hand-maintained.",Keep only with generator/provenance policy.,3496,108,valid-json,018f848ece02
frontend/public/data/cases/company-4-34143c6a-6a1b-4864-a68e-0d38c967b901-18524.json,KEEP_GENERATED_REVIEW,NO_IF_STATIC_MODE,"Valid static case shard; useful for public/offline results mode but should be generated, not hand-maintained.",Keep only with generator/provenance policy.,2852,90,valid-json,1a11eba5c8a6
frontend/public/data/cases/company-4-34143c6a-6a1b-4864-a68e-0d38c967b901-18533.json,KEEP_GENERATED_REVIEW,NO_IF_STATIC_MODE,"Valid static case shard; useful for public/offline results mode but should be generated, not hand-maintained.",Keep only with generator/provenance policy.,4257,131,valid-json,8a9c7427ad12
frontend/public/data/cases/company-4-34143c6a-6a1b-4864-a68e-0d38c967b901-18543.json,KEEP_GENERATED_REVIEW,NO_IF_STATIC_MODE,"Valid static case shard; useful for public/offline results mode but should be generated, not hand-maintained.",Keep only with generator/provenance policy.,2336,72,valid-json,dc29b077afd3
frontend/public/data/cases/company-4-34143c6a-6a1b-4864-a68e-0d38c967b901-18729.json,KEEP_GENERATED_REVIEW,NO_IF_STATIC_MODE,"Valid static case shard; useful for public/offline results mode but should be generated, not hand-maintained.",Keep only with generator/provenance policy.,3046,97,valid-json,c886c80b6e96
frontend/public/data/cases/company-4-34143c6a-6a1b-4864-a68e-0d38c967b901-19036.json,KEEP_GENERATED_REVIEW,NO_IF_STATIC_MODE,"Valid static case shard; useful for public/offline results mode but should be generated, not hand-maintained.",Keep only with generator/provenance policy.,2321,72,valid-json,6621538b570f
frontend/public/data/cases/company-4-34143c6a-6a1b-4864-a68e-0d38c967b901-19043.json,KEEP_GENERATED_REVIEW,NO_IF_STATIC_MODE,"Valid static case shard; useful for public/offline results mode but should be generated, not hand-maintained.",Keep only with generator/provenance policy.,2328,72,valid-json,7037f11355c5
frontend/public/data/cases/company-4-34143c6a-6a1b-4864-a68e-0d38c967b901-19064.json,KEEP_GENERATED_REVIEW,NO_IF_STATIC_MODE,"Valid static case shard; useful for public/offline results mode but should be generated, not hand-maintained.",Keep only with generator/provenance policy.,429379,11065,valid-json,674549a6c5ca
frontend/public/data/cases/company-4-34143c6a-6a1b-4864-a68e-0d38c967b901-19065.json,KEEP_GENERATED_REVIEW,NO_IF_STATIC_MODE,"Valid static case shard; useful for public/offline results mode but should be generated, not hand-maintained.",Keep only with generator/provenance policy.,3565,108,valid-json,bfc93f52ae82
frontend/public/data/cases/company-4-34143c6a-6a1b-4864-a68e-0d38c967b901-19072.json,KEEP_GENERATED_REVIEW,NO_IF_STATIC_MODE,"Valid static case shard; useful for public/offline results mode but should be generated, not hand-maintained.",Keep only with generator/provenance policy.,2256,72,valid-json,bc7782428aad
frontend/public/data/cases/company-4-34143c6a-6a1b-4864-a68e-0d38c967b901-19075.json,KEEP_GENERATED_REVIEW,NO_IF_STATIC_MODE,"Valid static case shard; useful for public/offline results mode but should be generated, not hand-maintained.",Keep only with generator/provenance policy.,2309,72,valid-json,4daabdac03ed
frontend/public/data/cases/company-4-34143c6a-6a1b-4864-a68e-0d38c967b901-19076.json,KEEP_GENERATED_REVIEW,NO_IF_STATIC_MODE,"Valid static case shard; useful for public/offline results mode but should be generated, not hand-maintained.",Keep only with generator/provenance policy.,2229,72,valid-json,b36d21ef97ee
frontend/public/data/cases/company-4-34143c6a-6a1b-4864-a68e-0d38c967b901-19554.json,KEEP_GENERATED_REVIEW,NO_IF_STATIC_MODE,"Valid static case shard; useful for public/offline results mode but should be generated, not hand-maintained.",Keep only with generator/provenance policy.,2265,72,valid-json,b2b98131e18a
frontend/public/data/cases/company-4-34143c6a-6a1b-4864-a68e-0d38c967b901-19566.json,KEEP_GENERATED_REVIEW,NO_IF_STATIC_MODE,"Valid static case shard; useful for public/offline results mode but should be generated, not hand-maintained.",Keep only with generator/provenance policy.,439536,11099,valid-json,f4bd3c1f022a
frontend/public/data/cases/company-4-34143c6a-6a1b-4864-a68e-0d38c967b901-19567.json,KEEP_GENERATED_REVIEW,NO_IF_STATIC_MODE,"Valid static case shard; useful for public/offline results mode but should be generated, not hand-maintained.",Keep only with generator/provenance policy.,2300,72,valid-json,70260d373354
frontend/public/data/cases/company-4-34143c6a-6a1b-4864-a68e-0d38c967b901-19631.json,KEEP_GENERATED_REVIEW,NO_IF_STATIC_MODE,"Valid static case shard; useful for public/offline results mode but should be generated, not hand-maintained.",Keep only with generator/provenance policy.,2309,72,valid-json,eb70f3da201a
frontend/public/data/cases/company-4-34143c6a-6a1b-4864-a68e-0d38c967b901-20161.json,KEEP_GENERATED_REVIEW,NO_IF_STATIC_MODE,"Valid static case shard; useful for public/offline results mode but should be generated, not hand-maintained.",Keep only with generator/provenance policy.,2240,72,valid-json,ad1e3870d257
frontend/public/data/cases/company-4-34143c6a-6a1b-4864-a68e-0d38c967b901-23606.json,KEEP_GENERATED_REVIEW,NO_IF_STATIC_MODE,"Valid static case shard; useful for public/offline results mode but should be generated, not hand-maintained.",Keep only with generator/provenance policy.,2356,76,valid-json,44adc1d30f02
frontend/public/data/cases/company-4-34143c6a-6a1b-4864-a68e-0d38c967b901-23637.json,KEEP_GENERATED_REVIEW,NO_IF_STATIC_MODE,"Valid static case shard; useful for public/offline results mode but should be generated, not hand-maintained.",Keep only with generator/provenance policy.,2323,76,valid-json,47c05389f723
frontend/public/data/cases/company-4-34143c6a-6a1b-4864-a68e-0d38c967b901-23682.json,KEEP_GENERATED_REVIEW,NO_IF_STATIC_MODE,"Valid static case shard; useful for public/offline results mode but should be generated, not hand-maintained.",Keep only with generator/provenance policy.,2296,73,valid-json,2e2789770f2d
frontend/public/data/cases/company-4-34143c6a-6a1b-4864-a68e-0d38c967b901-23686.json,KEEP_GENERATED_REVIEW,NO_IF_STATIC_MODE,"Valid static case shard; useful for public/offline results mode but should be generated, not hand-maintained.",Keep only with generator/provenance policy.,3773,116,valid-json,45bfbbe2c3e9
frontend/public/data/cases/company-4-34143c6a-6a1b-4864-a68e-0d38c967b901-23695.json,KEEP_GENERATED_REVIEW,NO_IF_STATIC_MODE,"Valid static case shard; useful for public/offline results mode but should be generated, not hand-maintained.",Keep only with generator/provenance policy.,3114,95,valid-json,d52e0be5b2b6
frontend/public/data/cases/company-4-34143c6a-6a1b-4864-a68e-0d38c967b901-23733.json,KEEP_GENERATED_REVIEW,NO_IF_STATIC_MODE,"Valid static case shard; useful for public/offline results mode but should be generated, not hand-maintained.",Keep only with generator/provenance policy.,3102,97,valid-json,eb9eafc67d40
frontend/public/data/cases/company-4-34143c6a-6a1b-4864-a68e-0d38c967b901-23753.json,KEEP_GENERATED_REVIEW,NO_IF_STATIC_MODE,"Valid static case shard; useful for public/offline results mode but should be generated, not hand-maintained.",Keep only with generator/provenance policy.,2432,77,valid-json,634d372872ae
frontend/public/data/cases/company-4-34143c6a-6a1b-4864-a68e-0d38c967b901-23763.json,KEEP_GENERATED_REVIEW,NO_IF_STATIC_MODE,"Valid static case shard; useful for public/offline results mode but should be generated, not hand-maintained.",Keep only with generator/provenance policy.,2918,90,valid-json,34bb4b39faeb
frontend/public/data/cases/company-4-34143c6a-6a1b-4864-a68e-0d38c967b901-23927.json,KEEP_GENERATED_REVIEW,NO_IF_STATIC_MODE,"Valid static case shard; useful for public/offline results mode but should be generated, not hand-maintained.",Keep only with generator/provenance policy.,3062,95,valid-json,845f26a7e858
frontend/public/data/cases/company-4-34143c6a-6a1b-4864-a68e-0d38c967b901-243311.json,KEEP_GENERATED_REVIEW,NO_IF_STATIC_MODE,"Valid static case shard; useful for public/offline results mode but should be generated, not hand-maintained.",Keep only with generator/provenance policy.,2294,72,valid-json,4dd39b00063b
frontend/public/data/cases/company-4-34143c6a-6a1b-4864-a68e-0d38c967b901-243320.json,KEEP_GENERATED_REVIEW,NO_IF_STATIC_MODE,"Valid static case shard; useful for public/offline results mode but should be generated, not hand-maintained.",Keep only with generator/provenance policy.,3084,97,valid-json,dbbb91d8258d
frontend/public/data/cases/company-4-34143c6a-6a1b-4864-a68e-0d38c967b901-243357.json,KEEP_GENERATED_REVIEW,NO_IF_STATIC_MODE,"Valid static case shard; useful for public/offline results mode but should be generated, not hand-maintained.",Keep only with generator/provenance policy.,2360,72,valid-json,090a1c05ff13
frontend/public/data/cases/company-4-34143c6a-6a1b-4864-a68e-0d38c967b901-243397.json,KEEP_GENERATED_REVIEW,NO_IF_STATIC_MODE,"Valid static case shard; useful for public/offline results mode but should be generated, not hand-maintained.",Keep only with generator/provenance policy.,2324,72,valid-json,c68e65dc25f4
frontend/public/data/cases/company-4-34143c6a-6a1b-4864-a68e-0d38c967b901-243424.json,KEEP_GENERATED_REVIEW,NO_IF_STATIC_MODE,"Valid static case shard; useful for public/offline results mode but should be generated, not hand-maintained.",Keep only with generator/provenance policy.,2280,72,valid-json,9e7fb3ab9e66
frontend/public/data/cases/company-4-34143c6a-6a1b-4864-a68e-0d38c967b901-243449.json,KEEP_GENERATED_REVIEW,NO_IF_STATIC_MODE,"Valid static case shard; useful for public/offline results mode but should be generated, not hand-maintained.",Keep only with generator/provenance policy.,2295,72,valid-json,adfc7e623b45
frontend/public/data/cases/company-4-34143c6a-6a1b-4864-a68e-0d38c967b901-243458.json,KEEP_GENERATED_REVIEW,NO_IF_STATIC_MODE,"Valid static case shard; useful for public/offline results mode but should be generated, not hand-maintained.",Keep only with generator/provenance policy.,2273,72,valid-json,412570b300d0
frontend/public/data/cases/company-4-34143c6a-6a1b-4864-a68e-0d38c967b901-243473.json,KEEP_GENERATED_REVIEW,NO_IF_STATIC_MODE,"Valid static case shard; useful for public/offline results mode but should be generated, not hand-maintained.",Keep only with generator/provenance policy.,2276,72,valid-json,1294656f7732
frontend/public/data/cases/company-4-34143c6a-6a1b-4864-a68e-0d38c967b901-243480.json,KEEP_GENERATED_REVIEW,NO_IF_STATIC_MODE,"Valid static case shard; useful for public/offline results mode but should be generated, not hand-maintained.",Keep only with generator/provenance policy.,2277,72,valid-json,cbdeace35299
frontend/public/data/cases/company-4-34143c6a-6a1b-4864-a68e-0d38c967b901-243482.json,KEEP_GENERATED_REVIEW,NO_IF_STATIC_MODE,"Valid static case shard; useful for public/offline results mode but should be generated, not hand-maintained.",Keep only with generator/provenance policy.,2950,90,valid-json,dd3630c550a4
frontend/public/data/cases/company-4-34143c6a-6a1b-4864-a68e-0d38c967b901-243485.json,KEEP_GENERATED_REVIEW,NO_IF_STATIC_MODE,"Valid static case shard; useful for public/offline results mode but should be generated, not hand-maintained.",Keep only with generator/provenance policy.,2345,72,valid-json,827172757609
frontend/public/data/cases/company-4-34143c6a-6a1b-4864-a68e-0d38c967b901-243491.json,KEEP_GENERATED_REVIEW,NO_IF_STATIC_MODE,"Valid static case shard; useful for public/offline results mode but should be generated, not hand-maintained.",Keep only with generator/provenance policy.,2291,72,valid-json,99d9adce15be
frontend/public/data/cases/company-4-34143c6a-6a1b-4864-a68e-0d38c967b901-243513.json,KEEP_GENERATED_REVIEW,NO_IF_STATIC_MODE,"Valid static case shard; useful for public/offline results mode but should be generated, not hand-maintained.",Keep only with generator/provenance policy.,2352,72,valid-json,ff3d77999d2b
frontend/public/data/cases/company-4-34143c6a-6a1b-4864-a68e-0d38c967b901-243526.json,KEEP_GENERATED_REVIEW,NO_IF_STATIC_MODE,"Valid static case shard; useful for public/offline results mode but should be generated, not hand-maintained.",Keep only with generator/provenance policy.,2271,72,valid-json,242e1697a96c
frontend/public/data/cases/company-4-34143c6a-6a1b-4864-a68e-0d38c967b901-243534.json,KEEP_GENERATED_REVIEW,NO_IF_STATIC_MODE,"Valid static case shard; useful for public/offline results mode but should be generated, not hand-maintained.",Keep only with generator/provenance policy.,3053,90,valid-json,14e4413cbbbd
frontend/public/data/cases/company-4-34143c6a-6a1b-4864-a68e-0d38c967b901-243543.json,KEEP_GENERATED_REVIEW,NO_IF_STATIC_MODE,"Valid static case shard; useful for public/offline results mode but should be generated, not hand-maintained.",Keep only with generator/provenance policy.,2889,90,valid-json,a307ffe0c1cd
frontend/public/data/cases/company-4-34143c6a-6a1b-4864-a68e-0d38c967b901-243548.json,KEEP_GENERATED_REVIEW,NO_IF_STATIC_MODE,"Valid static case shard; useful for public/offline results mode but should be generated, not hand-maintained.",Keep only with generator/provenance policy.,2279,72,valid-json,bdcf1d601415
frontend/public/data/cases/company-4-34143c6a-6a1b-4864-a68e-0d38c967b901-243557.json,KEEP_GENERATED_REVIEW,NO_IF_STATIC_MODE,"Valid static case shard; useful for public/offline results mode but should be generated, not hand-maintained.",Keep only with generator/provenance policy.,3480,108,valid-json,ccdf68d3f1cd
frontend/public/data/cases/company-4-34143c6a-6a1b-4864-a68e-0d38c967b901-243578.json,KEEP_GENERATED_REVIEW,NO_IF_STATIC_MODE,"Valid static case shard; useful for public/offline results mode but should be generated, not hand-maintained.",Keep only with generator/provenance policy.,3480,108,valid-json,6f4d3fbbee87
frontend/public/data/cases/company-4-34143c6a-6a1b-4864-a68e-0d38c967b901-243588.json,KEEP_GENERATED_REVIEW,NO_IF_STATIC_MODE,"Valid static case shard; useful for public/offline results mode but should be generated, not hand-maintained.",Keep only with generator/provenance policy.,2878,90,valid-json,95593312120e
frontend/public/data/cases/company-4-34143c6a-6a1b-4864-a68e-0d38c967b901-243589.json,KEEP_GENERATED_REVIEW,NO_IF_STATIC_MODE,"Valid static case shard; useful for public/offline results mode but should be generated, not hand-maintained.",Keep only with generator/provenance policy.,3555,108,valid-json,39a9af0b073f
frontend/public/data/cases/company-4-34143c6a-6a1b-4864-a68e-0d38c967b901-243617.json,KEEP_GENERATED_REVIEW,NO_IF_STATIC_MODE,"Valid static case shard; useful for public/offline results mode but should be generated, not hand-maintained.",Keep only with generator/provenance policy.,2269,72,valid-json,e9a1ae18c186
frontend/public/data/cases/company-4-34143c6a-6a1b-4864-a68e-0d38c967b901-243621.json,KEEP_GENERATED_REVIEW,NO_IF_STATIC_MODE,"Valid static case shard; useful for public/offline results mode but should be generated, not hand-maintained.",Keep only with generator/provenance policy.,2296,72,valid-json,f0591ed14063
frontend/public/data/cases/company-4-34143c6a-6a1b-4864-a68e-0d38c967b901-243622.json,KEEP_GENERATED_REVIEW,NO_IF_STATIC_MODE,"Valid static case shard; useful for public/offline results mode but should be generated, not hand-maintained.",Keep only with generator/provenance policy.,2929,90,valid-json,b4d8020a613f
frontend/public/data/cases/company-4-34143c6a-6a1b-4864-a68e-0d38c967b901-243624.json,KEEP_GENERATED_REVIEW,NO_IF_STATIC_MODE,"Valid static case shard; useful for public/offline results mode but should be generated, not hand-maintained.",Keep only with generator/provenance policy.,2331,72,valid-json,3ba8893d2d19
frontend/public/data/cases/company-4-34143c6a-6a1b-4864-a68e-0d38c967b901-243629.json,KEEP_GENERATED_REVIEW,NO_IF_STATIC_MODE,"Valid static case shard; useful for public/offline results mode but should be generated, not hand-maintained.",Keep only with generator/provenance policy.,2399,72,valid-json,ac9b2664db58
frontend/public/data/cases/company-4-34143c6a-6a1b-4864-a68e-0d38c967b901-243645.json,KEEP_GENERATED_REVIEW,NO_IF_STATIC_MODE,"Valid static case shard; useful for public/offline results mode but should be generated, not hand-maintained.",Keep only with generator/provenance policy.,2345,72,valid-json,4bb743d29d12
frontend/public/data/cases/company-4-34143c6a-6a1b-4864-a68e-0d38c967b901-243646.json,KEEP_GENERATED_REVIEW,NO_IF_STATIC_MODE,"Valid static case shard; useful for public/offline results mode but should be generated, not hand-maintained.",Keep only with generator/provenance policy.,2249,72,valid-json,f4f4aeb1b90e
frontend/public/data/cases/company-4-34143c6a-6a1b-4864-a68e-0d38c967b901-243648.json,KEEP_GENERATED_REVIEW,NO_IF_STATIC_MODE,"Valid static case shard; useful for public/offline results mode but should be generated, not hand-maintained.",Keep only with generator/provenance policy.,2285,72,valid-json,fcdefd51a344
frontend/public/data/cases/company-4-34143c6a-6a1b-4864-a68e-0d38c967b901-243669.json,KEEP_GENERATED_REVIEW,NO_IF_STATIC_MODE,"Valid static case shard; useful for public/offline results mode but should be generated, not hand-maintained.",Keep only with generator/provenance policy.,2913,90,valid-json,1101a5db7a63
frontend/public/data/cases/company-4-34143c6a-6a1b-4864-a68e-0d38c967b901-243702.json,KEEP_GENERATED_REVIEW,NO_IF_STATIC_MODE,"Valid static case shard; useful for public/offline results mode but should be generated, not hand-maintained.",Keep only with generator/provenance policy.,2293,72,valid-json,03800639f949
frontend/public/data/cases/company-4-34143c6a-6a1b-4864-a68e-0d38c967b901-243730.json,KEEP_GENERATED_REVIEW,NO_IF_STATIC_MODE,"Valid static case shard; useful for public/offline results mode but should be generated, not hand-maintained.",Keep only with generator/provenance policy.,3484,108,valid-json,593aedfb8b28
frontend/public/data/cases/company-4-34143c6a-6a1b-4864-a68e-0d38c967b901-243766.json,KEEP_GENERATED_REVIEW,NO_IF_STATIC_MODE,"Valid static case shard; useful for public/offline results mode but should be generated, not hand-maintained.",Keep only with generator/provenance policy.,2290,72,valid-json,5ce93306b7cb
frontend/public/data/cases/company-4-34143c6a-6a1b-4864-a68e-0d38c967b901-243767.json,KEEP_GENERATED_REVIEW,NO_IF_STATIC_MODE,"Valid static case shard; useful for public/offline results mode but should be generated, not hand-maintained.",Keep only with generator/provenance policy.,2325,72,valid-json,a621f1a0e1a2
frontend/public/data/cases/company-4-34143c6a-6a1b-4864-a68e-0d38c967b901-243777.json,KEEP_GENERATED_REVIEW,NO_IF_STATIC_MODE,"Valid static case shard; useful for public/offline results mode but should be generated, not hand-maintained.",Keep only with generator/provenance policy.,2266,72,valid-json,9fd81424c964
frontend/public/data/cases/company-4-34143c6a-6a1b-4864-a68e-0d38c967b901-243786.json,KEEP_GENERATED_REVIEW,NO_IF_STATIC_MODE,"Valid static case shard; useful for public/offline results mode but should be generated, not hand-maintained.",Keep only with generator/provenance policy.,2280,72,valid-json,4982b90eba8d
frontend/public/data/cases/company-4-34143c6a-6a1b-4864-a68e-0d38c967b901-243790.json,KEEP_GENERATED_REVIEW,NO_IF_STATIC_MODE,"Valid static case shard; useful for public/offline results mode but should be generated, not hand-maintained.",Keep only with generator/provenance policy.,3085,97,valid-json,fb9498c9ef4d
frontend/public/data/cases/company-4-34143c6a-6a1b-4864-a68e-0d38c967b901-243797.json,KEEP_GENERATED_REVIEW,NO_IF_STATIC_MODE,"Valid static case shard; useful for public/offline results mode but should be generated, not hand-maintained.",Keep only with generator/provenance policy.,2343,72,valid-json,0baaa382b112
frontend/public/data/cases/company-4-34143c6a-6a1b-4864-a68e-0d38c967b901-243812.json,KEEP_GENERATED_REVIEW,NO_IF_STATIC_MODE,"Valid static case shard; useful for public/offline results mode but should be generated, not hand-maintained.",Keep only with generator/provenance policy.,2296,72,valid-json,a51b58664a26
frontend/public/data/cases/company-4-34143c6a-6a1b-4864-a68e-0d38c967b901-243814.json,KEEP_GENERATED_REVIEW,NO_IF_STATIC_MODE,"Valid static case shard; useful for public/offline results mode but should be generated, not hand-maintained.",Keep only with generator/provenance policy.,2315,72,valid-json,309f28d30fe0
frontend/public/data/cases/company-4-34143c6a-6a1b-4864-a68e-0d38c967b901-243878.json,KEEP_GENERATED_REVIEW,NO_IF_STATIC_MODE,"Valid static case shard; useful for public/offline results mode but should be generated, not hand-maintained.",Keep only with generator/provenance policy.,2282,72,valid-json,dfae2a83f13f
frontend/public/data/cases/company-4-34143c6a-6a1b-4864-a68e-0d38c967b901-243881.json,KEEP_GENERATED_REVIEW,NO_IF_STATIC_MODE,"Valid static case shard; useful for public/offline results mode but should be generated, not hand-maintained.",Keep only with generator/provenance policy.,2888,90,valid-json,914b5f38bc24
frontend/public/data/cases/company-4-34143c6a-6a1b-4864-a68e-0d38c967b901-24391.json,KEEP_GENERATED_REVIEW,NO_IF_STATIC_MODE,"Valid static case shard; useful for public/offline results mode but should be generated, not hand-maintained.",Keep only with generator/provenance policy.,2220,72,valid-json,ae283f91d940
frontend/public/data/cases/company-4-34143c6a-6a1b-4864-a68e-0d38c967b901-243974.json,KEEP_GENERATED_REVIEW,NO_IF_STATIC_MODE,"Valid static case shard; useful for public/offline results mode but should be generated, not hand-maintained.",Keep only with generator/provenance policy.,2359,72,valid-json,7e62f4bde3f0
frontend/public/data/cases/company-4-34143c6a-6a1b-4864-a68e-0d38c967b901-243984.json,KEEP_GENERATED_REVIEW,NO_IF_STATIC_MODE,"Valid static case shard; useful for public/offline results mode but should be generated, not hand-maintained.",Keep only with generator/provenance policy.,2903,90,valid-json,a4b18d79262c
frontend/public/data/cases/company-4-34143c6a-6a1b-4864-a68e-0d38c967b901-243995.json,KEEP_GENERATED_REVIEW,NO_IF_STATIC_MODE,"Valid static case shard; useful for public/offline results mode but should be generated, not hand-maintained.",Keep only with generator/provenance policy.,3470,108,valid-json,a07d3601ad4f
frontend/public/data/cases/company-4-34143c6a-6a1b-4864-a68e-0d38c967b901-244033.json,KEEP_GENERATED_REVIEW,NO_IF_STATIC_MODE,"Valid static case shard; useful for public/offline results mode but should be generated, not hand-maintained.",Keep only with generator/provenance policy.,2270,72,valid-json,7febeafd97a4
frontend/public/data/cases/company-4-34143c6a-6a1b-4864-a68e-0d38c967b901-244183.json,KEEP_GENERATED_REVIEW,NO_IF_STATIC_MODE,"Valid static case shard; useful for public/offline results mode but should be generated, not hand-maintained.",Keep only with generator/provenance policy.,2270,72,valid-json,2502d7ab1854
frontend/public/data/cases/company-4-34143c6a-6a1b-4864-a68e-0d38c967b901-244222.json,KEEP_GENERATED_REVIEW,NO_IF_STATIC_MODE,"Valid static case shard; useful for public/offline results mode but should be generated, not hand-maintained.",Keep only with generator/provenance policy.,2221,74,valid-json,280ab08a2890
frontend/public/data/cases/company-4-34143c6a-6a1b-4864-a68e-0d38c967b901-244410.json,KEEP_GENERATED_REVIEW,NO_IF_STATIC_MODE,"Valid static case shard; useful for public/offline results mode but should be generated, not hand-maintained.",Keep only with generator/provenance policy.,2969,90,valid-json,cdc525be7ec8
frontend/public/data/cases/company-4-34143c6a-6a1b-4864-a68e-0d38c967b901-244418.json,KEEP_GENERATED_REVIEW,NO_IF_STATIC_MODE,"Valid static case shard; useful for public/offline results mode but should be generated, not hand-maintained.",Keep only with generator/provenance policy.,2290,72,valid-json,d7fd76434a93
frontend/public/data/cases/company-4-34143c6a-6a1b-4864-a68e-0d38c967b901-244495.json,KEEP_GENERATED_REVIEW,NO_IF_STATIC_MODE,"Valid static case shard; useful for public/offline results mode but should be generated, not hand-maintained.",Keep only with generator/provenance policy.,2867,90,valid-json,5ce98597476c
frontend/public/data/cases/company-4-34143c6a-6a1b-4864-a68e-0d38c967b901-244500.json,KEEP_GENERATED_REVIEW,NO_IF_STATIC_MODE,"Valid static case shard; useful for public/offline results mode but should be generated, not hand-maintained.",Keep only with generator/provenance policy.,2285,72,valid-json,f4795125edb5
frontend/public/data/cases/company-4-34143c6a-6a1b-4864-a68e-0d38c967b901-244503.json,KEEP_GENERATED_REVIEW,NO_IF_STATIC_MODE,"Valid static case shard; useful for public/offline results mode but should be generated, not hand-maintained.",Keep only with generator/provenance policy.,2342,72,valid-json,f7f2b209aefc
frontend/public/data/cases/company-4-34143c6a-6a1b-4864-a68e-0d38c967b901-244612.json,KEEP_GENERATED_REVIEW,NO_IF_STATIC_MODE,"Valid static case shard; useful for public/offline results mode but should be generated, not hand-maintained.",Keep only with generator/provenance policy.,2230,72,valid-json,ae173396c07b
frontend/public/data/cases/company-4-34143c6a-6a1b-4864-a68e-0d38c967b901-244614.json,KEEP_GENERATED_REVIEW,NO_IF_STATIC_MODE,"Valid static case shard; useful for public/offline results mode but should be generated, not hand-maintained.",Keep only with generator/provenance policy.,2292,72,valid-json,27a30dfde8f7
frontend/public/data/cases/company-4-34143c6a-6a1b-4864-a68e-0d38c967b901-244680.json,KEEP_GENERATED_REVIEW,NO_IF_STATIC_MODE,"Valid static case shard; useful for public/offline results mode but should be generated, not hand-maintained.",Keep only with generator/provenance policy.,2290,72,valid-json,634f0d3ee949
frontend/public/data/cases/company-4-34143c6a-6a1b-4864-a68e-0d38c967b901-244691.json,KEEP_GENERATED_REVIEW,NO_IF_STATIC_MODE,"Valid static case shard; useful for public/offline results mode but should be generated, not hand-maintained.",Keep only with generator/provenance policy.,2273,72,valid-json,29631a948b91
frontend/public/data/cases/company-4-34143c6a-6a1b-4864-a68e-0d38c967b901-244697.json,KEEP_GENERATED_REVIEW,NO_IF_STATIC_MODE,"Valid static case shard; useful for public/offline results mode but should be generated, not hand-maintained.",Keep only with generator/provenance policy.,2286,72,valid-json,82899c325167
frontend/public/data/cases/company-4-34143c6a-6a1b-4864-a68e-0d38c967b901-244936.json,KEEP_GENERATED_REVIEW,NO_IF_STATIC_MODE,"Valid static case shard; useful for public/offline results mode but should be generated, not hand-maintained.",Keep only with generator/provenance policy.,2237,72,valid-json,e1a500a76074
frontend/public/data/cases/company-4-34143c6a-6a1b-4864-a68e-0d38c967b901-245077.json,KEEP_GENERATED_REVIEW,NO_IF_STATIC_MODE,"Valid static case shard; useful for public/offline results mode but should be generated, not hand-maintained.",Keep only with generator/provenance policy.,2292,72,valid-json,5dc4c7317798
frontend/public/data/cases/company-4-34143c6a-6a1b-4864-a68e-0d38c967b901-245087.json,KEEP_GENERATED_REVIEW,NO_IF_STATIC_MODE,"Valid static case shard; useful for public/offline results mode but should be generated, not hand-maintained.",Keep only with generator/provenance policy.,2352,72,valid-json,e325f205837d
frontend/public/data/cases/company-4-34143c6a-6a1b-4864-a68e-0d38c967b901-245164.json,KEEP_GENERATED_REVIEW,NO_IF_STATIC_MODE,"Valid static case shard; useful for public/offline results mode but should be generated, not hand-maintained.",Keep only with generator/provenance policy.,2298,74,valid-json,eb4a76a01697
frontend/public/data/cases/company-4-34143c6a-6a1b-4864-a68e-0d38c967b901-245178.json,KEEP_GENERATED_REVIEW,NO_IF_STATIC_MODE,"Valid static case shard; useful for public/offline results mode but should be generated, not hand-maintained.",Keep only with generator/provenance policy.,2292,72,valid-json,43793df9ab90
frontend/public/data/cases/company-4-34143c6a-6a1b-4864-a68e-0d38c967b901-245191.json,KEEP_GENERATED_REVIEW,NO_IF_STATIC_MODE,"Valid static case shard; useful for public/offline results mode but should be generated, not hand-maintained.",Keep only with generator/provenance policy.,2881,90,valid-json,79087f6aba87
frontend/public/data/cases/company-4-34143c6a-6a1b-4864-a68e-0d38c967b901-245200.json,KEEP_GENERATED_REVIEW,NO_IF_STATIC_MODE,"Valid static case shard; useful for public/offline results mode but should be generated, not hand-maintained.",Keep only with generator/provenance policy.,2291,72,valid-json,af12c54a7a0b
frontend/public/data/cases/company-4-34143c6a-6a1b-4864-a68e-0d38c967b901-245290.json,KEEP_GENERATED_REVIEW,NO_IF_STATIC_MODE,"Valid static case shard; useful for public/offline results mode but should be generated, not hand-maintained.",Keep only with generator/provenance policy.,2308,72,valid-json,f0cfc1c3eaf3
frontend/public/data/cases/company-4-34143c6a-6a1b-4864-a68e-0d38c967b901-245403.json,KEEP_GENERATED_REVIEW,NO_IF_STATIC_MODE,"Valid static case shard; useful for public/offline results mode but should be generated, not hand-maintained.",Keep only with generator/provenance policy.,2389,77,valid-json,5d2560256d7b
frontend/public/data/cases/company-4-34143c6a-6a1b-4864-a68e-0d38c967b901-245413.json,KEEP_GENERATED_REVIEW,NO_IF_STATIC_MODE,"Valid static case shard; useful for public/offline results mode but should be generated, not hand-maintained.",Keep only with generator/provenance policy.,2276,72,valid-json,c2ba3f608b4e
frontend/public/data/cases/company-4-34143c6a-6a1b-4864-a68e-0d38c967b901-245564.json,KEEP_GENERATED_REVIEW,NO_IF_STATIC_MODE,"Valid static case shard; useful for public/offline results mode but should be generated, not hand-maintained.",Keep only with generator/provenance policy.,2242,72,valid-json,756fa3962e1e
frontend/public/data/cases/company-4-34143c6a-6a1b-4864-a68e-0d38c967b901-245711.json,KEEP_GENERATED_REVIEW,NO_IF_STATIC_MODE,"Valid static case shard; useful for public/offline results mode but should be generated, not hand-maintained.",Keep only with generator/provenance policy.,2319,72,valid-json,6e2d16ed1fd8
frontend/public/data/cases/company-4-34143c6a-6a1b-4864-a68e-0d38c967b901-245813.json,KEEP_GENERATED_REVIEW,NO_IF_STATIC_MODE,"Valid static case shard; useful for public/offline results mode but should be generated, not hand-maintained.",Keep only with generator/provenance policy.,2879,90,valid-json,c660007d42ba
frontend/public/data/cases/company-4-34143c6a-6a1b-4864-a68e-0d38c967b901-245838.json,KEEP_GENERATED_REVIEW,NO_IF_STATIC_MODE,"Valid static case shard; useful for public/offline results mode but should be generated, not hand-maintained.",Keep only with generator/provenance policy.,2888,90,valid-json,76c409b25ad6
frontend/public/data/cases/company-4-34143c6a-6a1b-4864-a68e-0d38c967b901-245839.json,KEEP_GENERATED_REVIEW,NO_IF_STATIC_MODE,"Valid static case shard; useful for public/offline results mode but should be generated, not hand-maintained.",Keep only with generator/provenance policy.,2295,72,valid-json,7a2bf2139633
frontend/public/data/cases/company-4-34143c6a-6a1b-4864-a68e-0d38c967b901-245841.json,KEEP_GENERATED_REVIEW,NO_IF_STATIC_MODE,"Valid static case shard; useful for public/offline results mode but should be generated, not hand-maintained.",Keep only with generator/provenance policy.,2323,72,valid-json,d3e4858953bb
frontend/public/data/cases/company-4-34143c6a-6a1b-4864-a68e-0d38c967b901-245843.json,KEEP_GENERATED_REVIEW,NO_IF_STATIC_MODE,"Valid static case shard; useful for public/offline results mode but should be generated, not hand-maintained.",Keep only with generator/provenance policy.,2286,72,valid-json,1a7ddd41008d
frontend/public/data/cases/company-4-34143c6a-6a1b-4864-a68e-0d38c967b901-245846.json,KEEP_GENERATED_REVIEW,NO_IF_STATIC_MODE,"Valid static case shard; useful for public/offline results mode but should be generated, not hand-maintained.",Keep only with generator/provenance policy.,2271,72,valid-json,47ad9c4a0f1c
frontend/public/data/cases/company-4-34143c6a-6a1b-4864-a68e-0d38c967b901-245857.json,KEEP_GENERATED_REVIEW,NO_IF_STATIC_MODE,"Valid static case shard; useful for public/offline results mode but should be generated, not hand-maintained.",Keep only with generator/provenance policy.,2912,90,valid-json,067175914b67
frontend/public/data/cases/company-4-34143c6a-6a1b-4864-a68e-0d38c967b901-245858.json,KEEP_GENERATED_REVIEW,NO_IF_STATIC_MODE,"Valid static case shard; useful for public/offline results mode but should be generated, not hand-maintained.",Keep only with generator/provenance policy.,3534,108,valid-json,0281ab662baa
frontend/public/data/cases/company-4-34143c6a-6a1b-4864-a68e-0d38c967b901-245891.json,KEEP_GENERATED_REVIEW,NO_IF_STATIC_MODE,"Valid static case shard; useful for public/offline results mode but should be generated, not hand-maintained.",Keep only with generator/provenance policy.,2292,72,valid-json,bac7a3a487a8
frontend/public/data/cases/company-4-34143c6a-6a1b-4864-a68e-0d38c967b901-245904.json,KEEP_GENERATED_REVIEW,NO_IF_STATIC_MODE,"Valid static case shard; useful for public/offline results mode but should be generated, not hand-maintained.",Keep only with generator/provenance policy.,2285,72,valid-json,94d71717952e
frontend/public/data/cases/company-4-34143c6a-6a1b-4864-a68e-0d38c967b901-245914.json,KEEP_GENERATED_REVIEW,NO_IF_STATIC_MODE,"Valid static case shard; useful for public/offline results mode but should be generated, not hand-maintained.",Keep only with generator/provenance policy.,2268,72,valid-json,84bb59644315
frontend/public/data/cases/company-4-34143c6a-6a1b-4864-a68e-0d38c967b901-245920.json,KEEP_GENERATED_REVIEW,NO_IF_STATIC_MODE,"Valid static case shard; useful for public/offline results mode but should be generated, not hand-maintained.",Keep only with generator/provenance policy.,2299,72,valid-json,3f2d39d62bc8
frontend/public/data/cases/company-4-34143c6a-6a1b-4864-a68e-0d38c967b901-246027.json,KEEP_GENERATED_REVIEW,NO_IF_STATIC_MODE,"Valid static case shard; useful for public/offline results mode but should be generated, not hand-maintained.",Keep only with generator/provenance policy.,2332,72,valid-json,071cefd466d8
frontend/public/data/cases/company-4-34143c6a-6a1b-4864-a68e-0d38c967b901-246036.json,KEEP_GENERATED_REVIEW,NO_IF_STATIC_MODE,"Valid static case shard; useful for public/offline results mode but should be generated, not hand-maintained.",Keep only with generator/provenance policy.,2910,90,valid-json,497d270df572
frontend/public/data/cases/company-4-34143c6a-6a1b-4864-a68e-0d38c967b901-246042.json,KEEP_GENERATED_REVIEW,NO_IF_STATIC_MODE,"Valid static case shard; useful for public/offline results mode but should be generated, not hand-maintained.",Keep only with generator/provenance policy.,2320,72,valid-json,4721ef614039
frontend/public/data/cases/company-4-34143c6a-6a1b-4864-a68e-0d38c967b901-246051.json,KEEP_GENERATED_REVIEW,NO_IF_STATIC_MODE,"Valid static case shard; useful for public/offline results mode but should be generated, not hand-maintained.",Keep only with generator/provenance policy.,2865,90,valid-json,7448ae84d0fa
frontend/public/data/cases/company-4-34143c6a-6a1b-4864-a68e-0d38c967b901-246089.json,KEEP_GENERATED_REVIEW,NO_IF_STATIC_MODE,"Valid static case shard; useful for public/offline results mode but should be generated, not hand-maintained.",Keep only with generator/provenance policy.,2291,72,valid-json,0ba3e348b4a7
frontend/public/data/cases/company-4-34143c6a-6a1b-4864-a68e-0d38c967b901-246094.json,KEEP_GENERATED_REVIEW,NO_IF_STATIC_MODE,"Valid static case shard; useful for public/offline results mode but should be generated, not hand-maintained.",Keep only with generator/provenance policy.,2255,72,valid-json,330b72fa26bf
frontend/public/data/cases/company-4-34143c6a-6a1b-4864-a68e-0d38c967b901-246129.json,KEEP_GENERATED_REVIEW,NO_IF_STATIC_MODE,"Valid static case shard; useful for public/offline results mode but should be generated, not hand-maintained.",Keep only with generator/provenance policy.,2249,74,valid-json,c039a1795658
frontend/public/data/cases/company-4-34143c6a-6a1b-4864-a68e-0d38c967b901-246188.json,KEEP_GENERATED_REVIEW,NO_IF_STATIC_MODE,"Valid static case shard; useful for public/offline results mode but should be generated, not hand-maintained.",Keep only with generator/provenance policy.,3484,108,valid-json,bcbf0e634e00
frontend/public/data/cases/company-4-34143c6a-6a1b-4864-a68e-0d38c967b901-246192.json,KEEP_GENERATED_REVIEW,NO_IF_STATIC_MODE,"Valid static case shard; useful for public/offline results mode but should be generated, not hand-maintained.",Keep only with generator/provenance policy.,2236,72,valid-json,c24a3624af10
frontend/public/data/cases/company-4-34143c6a-6a1b-4864-a68e-0d38c967b901-246372.json,KEEP_GENERATED_REVIEW,NO_IF_STATIC_MODE,"Valid static case shard; useful for public/offline results mode but should be generated, not hand-maintained.",Keep only with generator/provenance policy.,2288,72,valid-json,40e423427caa
frontend/public/data/cases/company-4-34143c6a-6a1b-4864-a68e-0d38c967b901-246439.json,KEEP_GENERATED_REVIEW,NO_IF_STATIC_MODE,"Valid static case shard; useful for public/offline results mode but should be generated, not hand-maintained.",Keep only with generator/provenance policy.,2284,72,valid-json,e00a25bef252
frontend/public/data/cases/company-4-34143c6a-6a1b-4864-a68e-0d38c967b901-246660.json,KEEP_GENERATED_REVIEW,NO_IF_STATIC_MODE,"Valid static case shard; useful for public/offline results mode but should be generated, not hand-maintained.",Keep only with generator/provenance policy.,2281,72,valid-json,42410ff166dc
frontend/public/data/cases/company-4-34143c6a-6a1b-4864-a68e-0d38c967b901-246669.json,KEEP_GENERATED_REVIEW,NO_IF_STATIC_MODE,"Valid static case shard; useful for public/offline results mode but should be generated, not hand-maintained.",Keep only with generator/provenance policy.,2311,72,valid-json,56de2bbdcdc7
frontend/public/data/cases/company-4-34143c6a-6a1b-4864-a68e-0d38c967b901-246705.json,KEEP_GENERATED_REVIEW,NO_IF_STATIC_MODE,"Valid static case shard; useful for public/offline results mode but should be generated, not hand-maintained.",Keep only with generator/provenance policy.,2366,72,valid-json,d2024a4de082
frontend/public/data/cases/company-4-34143c6a-6a1b-4864-a68e-0d38c967b901-246755.json,KEEP_GENERATED_REVIEW,NO_IF_STATIC_MODE,"Valid static case shard; useful for public/offline results mode but should be generated, not hand-maintained.",Keep only with generator/provenance policy.,2315,72,valid-json,bf7a58a17d4a
frontend/public/data/cases/company-4-34143c6a-6a1b-4864-a68e-0d38c967b901-246813.json,KEEP_GENERATED_REVIEW,NO_IF_STATIC_MODE,"Valid static case shard; useful for public/offline results mode but should be generated, not hand-maintained.",Keep only with generator/provenance policy.,2268,72,valid-json,2a6b4a986841
frontend/public/data/cases/company-4-34143c6a-6a1b-4864-a68e-0d38c967b901-24683.json,KEEP_GENERATED_REVIEW,NO_IF_STATIC_MODE,"Valid static case shard; useful for public/offline results mode but should be generated, not hand-maintained.",Keep only with generator/provenance policy.,3113,95,valid-json,34cb099a63da
frontend/public/data/cases/company-4-34143c6a-6a1b-4864-a68e-0d38c967b901-246913.json,KEEP_GENERATED_REVIEW,NO_IF_STATIC_MODE,"Valid static case shard; useful for public/offline results mode but should be generated, not hand-maintained.",Keep only with generator/provenance policy.,3812,116,valid-json,57f823104d98
frontend/public/data/cases/company-4-34143c6a-6a1b-4864-a68e-0d38c967b901-246922.json,KEEP_GENERATED_REVIEW,NO_IF_STATIC_MODE,"Valid static case shard; useful for public/offline results mode but should be generated, not hand-maintained.",Keep only with generator/provenance policy.,2380,77,valid-json,38dea4ba3c6c
frontend/public/data/cases/company-4-34143c6a-6a1b-4864-a68e-0d38c967b901-246961.json,KEEP_GENERATED_REVIEW,NO_IF_STATIC_MODE,"Valid static case shard; useful for public/offline results mode but should be generated, not hand-maintained.",Keep only with generator/provenance policy.,2289,72,valid-json,c9df4b884231
frontend/public/data/cases/company-4-34143c6a-6a1b-4864-a68e-0d38c967b901-246974.json,KEEP_GENERATED_REVIEW,NO_IF_STATIC_MODE,"Valid static case shard; useful for public/offline results mode but should be generated, not hand-maintained.",Keep only with generator/provenance policy.,2916,90,valid-json,3a282bb833a8
frontend/public/data/cases/company-4-34143c6a-6a1b-4864-a68e-0d38c967b901-247052.json,KEEP_GENERATED_REVIEW,NO_IF_STATIC_MODE,"Valid static case shard; useful for public/offline results mode but should be generated, not hand-maintained.",Keep only with generator/provenance policy.,3483,108,valid-json,f3035c473000
frontend/public/data/cases/company-4-34143c6a-6a1b-4864-a68e-0d38c967b901-24734.json,KEEP_GENERATED_REVIEW,NO_IF_STATIC_MODE,"Valid static case shard; useful for public/offline results mode but should be generated, not hand-maintained.",Keep only with generator/provenance policy.,2348,73,valid-json,25803a989f3b
frontend/public/data/cases/company-4-34143c6a-6a1b-4864-a68e-0d38c967b901-247362.json,KEEP_GENERATED_REVIEW,NO_IF_STATIC_MODE,"Valid static case shard; useful for public/offline results mode but should be generated, not hand-maintained.",Keep only with generator/provenance policy.,2276,72,valid-json,be4e6412f67e
frontend/public/data/cases/company-4-34143c6a-6a1b-4864-a68e-0d38c967b901-247371.json,KEEP_GENERATED_REVIEW,NO_IF_STATIC_MODE,"Valid static case shard; useful for public/offline results mode but should be generated, not hand-maintained.",Keep only with generator/provenance policy.,2282,72,valid-json,0e02bfa4adb6
frontend/public/data/cases/company-4-34143c6a-6a1b-4864-a68e-0d38c967b901-247474.json,KEEP_GENERATED_REVIEW,NO_IF_STATIC_MODE,"Valid static case shard; useful for public/offline results mode but should be generated, not hand-maintained.",Keep only with generator/provenance policy.,2279,72,valid-json,bcc96377cef3
frontend/public/data/cases/company-4-34143c6a-6a1b-4864-a68e-0d38c967b901-247521.json,KEEP_GENERATED_REVIEW,NO_IF_STATIC_MODE,"Valid static case shard; useful for public/offline results mode but should be generated, not hand-maintained.",Keep only with generator/provenance policy.,2318,73,valid-json,e23116243802
frontend/public/data/cases/company-4-34143c6a-6a1b-4864-a68e-0d38c967b901-247605.json,KEEP_GENERATED_REVIEW,NO_IF_STATIC_MODE,"Valid static case shard; useful for public/offline results mode but should be generated, not hand-maintained.",Keep only with generator/provenance policy.,2249,72,valid-json,12dbd6a54854
frontend/public/data/cases/company-4-34143c6a-6a1b-4864-a68e-0d38c967b901-247612.json,KEEP_GENERATED_REVIEW,NO_IF_STATIC_MODE,"Valid static case shard; useful for public/offline results mode but should be generated, not hand-maintained.",Keep only with generator/provenance policy.,2946,90,valid-json,e60f128a25eb
frontend/public/data/cases/company-4-34143c6a-6a1b-4864-a68e-0d38c967b901-247678.json,KEEP_GENERATED_REVIEW,NO_IF_STATIC_MODE,"Valid static case shard; useful for public/offline results mode but should be generated, not hand-maintained.",Keep only with generator/provenance policy.,2259,72,valid-json,dd1f391e8a37
frontend/public/data/cases/company-4-34143c6a-6a1b-4864-a68e-0d38c967b901-247783.json,KEEP_GENERATED_REVIEW,NO_IF_STATIC_MODE,"Valid static case shard; useful for public/offline results mode but should be generated, not hand-maintained.",Keep only with generator/provenance policy.,2313,72,valid-json,ebe522d47c87
frontend/public/data/cases/company-4-34143c6a-6a1b-4864-a68e-0d38c967b901-247859.json,KEEP_GENERATED_REVIEW,NO_IF_STATIC_MODE,"Valid static case shard; useful for public/offline results mode but should be generated, not hand-maintained.",Keep only with generator/provenance policy.,2252,72,valid-json,7313daaeaa56
frontend/public/data/cases/company-4-34143c6a-6a1b-4864-a68e-0d38c967b901-247893.json,KEEP_GENERATED_REVIEW,NO_IF_STATIC_MODE,"Valid static case shard; useful for public/offline results mode but should be generated, not hand-maintained.",Keep only with generator/provenance policy.,2312,72,valid-json,f4cfc14fbe47
frontend/public/data/cases/company-4-34143c6a-6a1b-4864-a68e-0d38c967b901-247906.json,KEEP_GENERATED_REVIEW,NO_IF_STATIC_MODE,"Valid static case shard; useful for public/offline results mode but should be generated, not hand-maintained.",Keep only with generator/provenance policy.,3512,108,valid-json,3eb3e89691b1
frontend/public/data/cases/company-4-34143c6a-6a1b-4864-a68e-0d38c967b901-247969.json,KEEP_GENERATED_REVIEW,NO_IF_STATIC_MODE,"Valid static case shard; useful for public/offline results mode but should be generated, not hand-maintained.",Keep only with generator/provenance policy.,4349,134,valid-json,e18bce22f5f8
frontend/public/data/cases/company-4-34143c6a-6a1b-4864-a68e-0d38c967b901-248032.json,KEEP_GENERATED_REVIEW,NO_IF_STATIC_MODE,"Valid static case shard; useful for public/offline results mode but should be generated, not hand-maintained.",Keep only with generator/provenance policy.,2251,72,valid-json,4ea45594a38d
frontend/public/data/cases/company-4-34143c6a-6a1b-4864-a68e-0d38c967b901-248053.json,KEEP_GENERATED_REVIEW,NO_IF_STATIC_MODE,"Valid static case shard; useful for public/offline results mode but should be generated, not hand-maintained.",Keep only with generator/provenance policy.,2321,72,valid-json,f3fbd71ff25c
frontend/public/data/cases/company-4-34143c6a-6a1b-4864-a68e-0d38c967b901-248068.json,KEEP_GENERATED_REVIEW,NO_IF_STATIC_MODE,"Valid static case shard; useful for public/offline results mode but should be generated, not hand-maintained.",Keep only with generator/provenance policy.,2319,72,valid-json,0e30aaa0424c
frontend/public/data/cases/company-4-34143c6a-6a1b-4864-a68e-0d38c967b901-248090.json,KEEP_GENERATED_REVIEW,NO_IF_STATIC_MODE,"Valid static case shard; useful for public/offline results mode but should be generated, not hand-maintained.",Keep only with generator/provenance policy.,2278,72,valid-json,5c9caf2bba64
frontend/public/data/cases/company-4-34143c6a-6a1b-4864-a68e-0d38c967b901-248701.json,KEEP_GENERATED_REVIEW,NO_IF_STATIC_MODE,"Valid static case shard; useful for public/offline results mode but should be generated, not hand-maintained.",Keep only with generator/provenance policy.,2914,90,valid-json,a9675d96569a
frontend/public/data/cases/company-4-34143c6a-6a1b-4864-a68e-0d38c967b901-248730.json,KEEP_GENERATED_REVIEW,NO_IF_STATIC_MODE,"Valid static case shard; useful for public/offline results mode but should be generated, not hand-maintained.",Keep only with generator/provenance policy.,2272,72,valid-json,90c54f31cbe8
frontend/public/data/cases/company-4-34143c6a-6a1b-4864-a68e-0d38c967b901-248747.json,KEEP_GENERATED_REVIEW,NO_IF_STATIC_MODE,"Valid static case shard; useful for public/offline results mode but should be generated, not hand-maintained.",Keep only with generator/provenance policy.,2365,72,valid-json,7098c57727ec
frontend/public/data/cases/company-4-34143c6a-6a1b-4864-a68e-0d38c967b901-249497.json,KEEP_GENERATED_REVIEW,NO_IF_STATIC_MODE,"Valid static case shard; useful for public/offline results mode but should be generated, not hand-maintained.",Keep only with generator/provenance policy.,2294,72,valid-json,ceb8060fd68b
frontend/public/data/cases/company-4-34143c6a-6a1b-4864-a68e-0d38c967b901-249541.json,KEEP_GENERATED_REVIEW,NO_IF_STATIC_MODE,"Valid static case shard; useful for public/offline results mode but should be generated, not hand-maintained.",Keep only with generator/provenance policy.,2285,72,valid-json,288d4d7e6977
frontend/public/data/cases/company-4-34143c6a-6a1b-4864-a68e-0d38c967b901-249559.json,KEEP_GENERATED_REVIEW,NO_IF_STATIC_MODE,"Valid static case shard; useful for public/offline results mode but should be generated, not hand-maintained.",Keep only with generator/provenance policy.,2348,72,valid-json,c2e29c52f7ed
frontend/public/data/cases/company-4-34143c6a-6a1b-4864-a68e-0d38c967b901-249566.json,KEEP_GENERATED_REVIEW,NO_IF_STATIC_MODE,"Valid static case shard; useful for public/offline results mode but should be generated, not hand-maintained.",Keep only with generator/provenance policy.,2323,72,valid-json,6f699539ca62
frontend/public/data/cases/company-4-34143c6a-6a1b-4864-a68e-0d38c967b901-249718.json,KEEP_GENERATED_REVIEW,NO_IF_STATIC_MODE,"Valid static case shard; useful for public/offline results mode but should be generated, not hand-maintained.",Keep only with generator/provenance policy.,3530,108,valid-json,1d634e8f79ae
frontend/public/data/cases/company-4-34143c6a-6a1b-4864-a68e-0d38c967b901-249756.json,KEEP_GENERATED_REVIEW,NO_IF_STATIC_MODE,"Valid static case shard; useful for public/offline results mode but should be generated, not hand-maintained.",Keep only with generator/provenance policy.,2387,72,valid-json,ba26e74376f5
frontend/public/data/cases/company-4-34143c6a-6a1b-4864-a68e-0d38c967b901-249901.json,KEEP_GENERATED_REVIEW,NO_IF_STATIC_MODE,"Valid static case shard; useful for public/offline results mode but should be generated, not hand-maintained.",Keep only with generator/provenance policy.,2261,74,valid-json,034a957c6ff3
frontend/public/data/cases/company-4-34143c6a-6a1b-4864-a68e-0d38c967b901-249915.json,KEEP_GENERATED_REVIEW,NO_IF_STATIC_MODE,"Valid static case shard; useful for public/offline results mode but should be generated, not hand-maintained.",Keep only with generator/provenance policy.,2424,77,valid-json,3fea4055ccfd
frontend/public/data/cases/company-4-34143c6a-6a1b-4864-a68e-0d38c967b901-250125.json,KEEP_GENERATED_REVIEW,NO_IF_STATIC_MODE,"Valid static case shard; useful for public/offline results mode but should be generated, not hand-maintained.",Keep only with generator/provenance policy.,2266,74,valid-json,0ddaac611b25
frontend/public/data/cases/company-4-34143c6a-6a1b-4864-a68e-0d38c967b901-25053.json,KEEP_GENERATED_REVIEW,NO_IF_STATIC_MODE,"Valid static case shard; useful for public/offline results mode but should be generated, not hand-maintained.",Keep only with generator/provenance policy.,3130,95,valid-json,62251d33ddb2
frontend/public/data/cases/company-4-34143c6a-6a1b-4864-a68e-0d38c967b901-250670.json,KEEP_GENERATED_REVIEW,NO_IF_STATIC_MODE,"Valid static case shard; useful for public/offline results mode but should be generated, not hand-maintained.",Keep only with generator/provenance policy.,3030,97,valid-json,7ecf53fd2bf7
frontend/public/data/cases/company-4-34143c6a-6a1b-4864-a68e-0d38c967b901-251019.json,KEEP_GENERATED_REVIEW,NO_IF_STATIC_MODE,"Valid static case shard; useful for public/offline results mode but should be generated, not hand-maintained.",Keep only with generator/provenance policy.,2301,72,valid-json,d795965a4233
frontend/public/data/cases/company-4-34143c6a-6a1b-4864-a68e-0d38c967b901-251652.json,KEEP_GENERATED_REVIEW,NO_IF_STATIC_MODE,"Valid static case shard; useful for public/offline results mode but should be generated, not hand-maintained.",Keep only with generator/provenance policy.,2394,77,valid-json,b3e26f5589ff
frontend/public/data/cases/company-4-34143c6a-6a1b-4864-a68e-0d38c967b901-251817.json,KEEP_GENERATED_REVIEW,NO_IF_STATIC_MODE,"Valid static case shard; useful for public/offline results mode but should be generated, not hand-maintained.",Keep only with generator/provenance policy.,2267,72,valid-json,14fa7a6107ab
frontend/public/data/cases/company-4-34143c6a-6a1b-4864-a68e-0d38c967b901-251831.json,KEEP_GENERATED_REVIEW,NO_IF_STATIC_MODE,"Valid static case shard; useful for public/offline results mode but should be generated, not hand-maintained.",Keep only with generator/provenance policy.,2315,72,valid-json,99264eda3296
frontend/public/data/cases/company-4-34143c6a-6a1b-4864-a68e-0d38c967b901-252516.json,KEEP_GENERATED_REVIEW,NO_IF_STATIC_MODE,"Valid static case shard; useful for public/offline results mode but should be generated, not hand-maintained.",Keep only with generator/provenance policy.,3003,95,valid-json,3c347f12c1eb
frontend/public/data/cases/company-4-34143c6a-6a1b-4864-a68e-0d38c967b901-253011.json,KEEP_GENERATED_REVIEW,NO_IF_STATIC_MODE,"Valid static case shard; useful for public/offline results mode but should be generated, not hand-maintained.",Keep only with generator/provenance policy.,2923,90,valid-json,fabff15cbd14
frontend/public/data/cases/company-4-34143c6a-6a1b-4864-a68e-0d38c967b901-253352.json,KEEP_GENERATED_REVIEW,NO_IF_STATIC_MODE,"Valid static case shard; useful for public/offline results mode but should be generated, not hand-maintained.",Keep only with generator/provenance policy.,3039,97,valid-json,ddba33fa6d9a
frontend/public/data/cases/company-4-34143c6a-6a1b-4864-a68e-0d38c967b901-253597.json,KEEP_GENERATED_REVIEW,NO_IF_STATIC_MODE,"Valid static case shard; useful for public/offline results mode but should be generated, not hand-maintained.",Keep only with generator/provenance policy.,2269,72,valid-json,c861b2d311bc
frontend/public/data/cases/company-4-34143c6a-6a1b-4864-a68e-0d38c967b901-253745.json,KEEP_GENERATED_REVIEW,NO_IF_STATIC_MODE,"Valid static case shard; useful for public/offline results mode but should be generated, not hand-maintained.",Keep only with generator/provenance policy.,2264,72,valid-json,d46f2390df6c
frontend/public/data/cases/company-4-34143c6a-6a1b-4864-a68e-0d38c967b901-253862.json,KEEP_GENERATED_REVIEW,NO_IF_STATIC_MODE,"Valid static case shard; useful for public/offline results mode but should be generated, not hand-maintained.",Keep only with generator/provenance policy.,2908,90,valid-json,d80853efd542
frontend/public/data/cases/company-4-34143c6a-6a1b-4864-a68e-0d38c967b901-254162.json,KEEP_GENERATED_REVIEW,NO_IF_STATIC_MODE,"Valid static case shard; useful for public/offline results mode but should be generated, not hand-maintained.",Keep only with generator/provenance policy.,2319,72,valid-json,382a18fe08f1
frontend/public/data/cases/company-4-34143c6a-6a1b-4864-a68e-0d38c967b901-254306.json,KEEP_GENERATED_REVIEW,NO_IF_STATIC_MODE,"Valid static case shard; useful for public/offline results mode but should be generated, not hand-maintained.",Keep only with generator/provenance policy.,2313,72,valid-json,9a700fabc70f
frontend/public/data/cases/company-4-34143c6a-6a1b-4864-a68e-0d38c967b901-254786.json,KEEP_GENERATED_REVIEW,NO_IF_STATIC_MODE,"Valid static case shard; useful for public/offline results mode but should be generated, not hand-maintained.",Keep only with generator/provenance policy.,2325,72,valid-json,95a3201e8ba0
frontend/public/data/cases/company-4-34143c6a-6a1b-4864-a68e-0d38c967b901-255136.json,KEEP_GENERATED_REVIEW,NO_IF_STATIC_MODE,"Valid static case shard; useful for public/offline results mode but should be generated, not hand-maintained.",Keep only with generator/provenance policy.,2248,72,valid-json,3760b54e4e71
frontend/public/data/cases/company-4-34143c6a-6a1b-4864-a68e-0d38c967b901-255154.json,KEEP_GENERATED_REVIEW,NO_IF_STATIC_MODE,"Valid static case shard; useful for public/offline results mode but should be generated, not hand-maintained.",Keep only with generator/provenance policy.,2273,72,valid-json,89db3e7a2f55
frontend/public/data/cases/company-4-34143c6a-6a1b-4864-a68e-0d38c967b901-255194.json,KEEP_GENERATED_REVIEW,NO_IF_STATIC_MODE,"Valid static case shard; useful for public/offline results mode but should be generated, not hand-maintained.",Keep only with generator/provenance policy.,3062,97,valid-json,9665b28a0ea7
frontend/public/data/cases/company-4-34143c6a-6a1b-4864-a68e-0d38c967b901-25612.json,KEEP_GENERATED_REVIEW,NO_IF_STATIC_MODE,"Valid static case shard; useful for public/offline results mode but should be generated, not hand-maintained.",Keep only with generator/provenance policy.,2417,77,valid-json,25a07f270844
frontend/public/data/cases/company-4-34143c6a-6a1b-4864-a68e-0d38c967b901-256580.json,KEEP_GENERATED_REVIEW,NO_IF_STATIC_MODE,"Valid static case shard; useful for public/offline results mode but should be generated, not hand-maintained.",Keep only with generator/provenance policy.,3763,116,valid-json,14fa1ba9344a
frontend/public/data/cases/company-4-34143c6a-6a1b-4864-a68e-0d38c967b901-256700.json,KEEP_GENERATED_REVIEW,NO_IF_STATIC_MODE,"Valid static case shard; useful for public/offline results mode but should be generated, not hand-maintained.",Keep only with generator/provenance policy.,2364,72,valid-json,8c4eeb17f7a1
frontend/public/data/cases/company-4-34143c6a-6a1b-4864-a68e-0d38c967b901-258181.json,KEEP_GENERATED_REVIEW,NO_IF_STATIC_MODE,"Valid static case shard; useful for public/offline results mode but should be generated, not hand-maintained.",Keep only with generator/provenance policy.,2938,90,valid-json,f3e274797b33
frontend/public/data/cases/company-4-34143c6a-6a1b-4864-a68e-0d38c967b901-258380.json,KEEP_GENERATED_REVIEW,NO_IF_STATIC_MODE,"Valid static case shard; useful for public/offline results mode but should be generated, not hand-maintained.",Keep only with generator/provenance policy.,2327,72,valid-json,fcf5bd91f04d
frontend/public/data/cases/company-4-34143c6a-6a1b-4864-a68e-0d38c967b901-258548.json,KEEP_GENERATED_REVIEW,NO_IF_STATIC_MODE,"Valid static case shard; useful for public/offline results mode but should be generated, not hand-maintained.",Keep only with generator/provenance policy.,2266,72,valid-json,6461ee8c29e6
frontend/public/data/cases/company-4-34143c6a-6a1b-4864-a68e-0d38c967b901-259367.json,KEEP_GENERATED_REVIEW,NO_IF_STATIC_MODE,"Valid static case shard; useful for public/offline results mode but should be generated, not hand-maintained.",Keep only with generator/provenance policy.,2879,90,valid-json,940f14d48ba2
frontend/public/data/cases/company-4-34143c6a-6a1b-4864-a68e-0d38c967b901-259664.json,KEEP_GENERATED_REVIEW,NO_IF_STATIC_MODE,"Valid static case shard; useful for public/offline results mode but should be generated, not hand-maintained.",Keep only with generator/provenance policy.,2315,72,valid-json,edd4d0118ef1
frontend/public/data/cases/company-4-34143c6a-6a1b-4864-a68e-0d38c967b901-259730.json,KEEP_GENERATED_REVIEW,NO_IF_STATIC_MODE,"Valid static case shard; useful for public/offline results mode but should be generated, not hand-maintained.",Keep only with generator/provenance policy.,2309,72,valid-json,d24ff04d7ca0
frontend/public/data/cases/company-4-34143c6a-6a1b-4864-a68e-0d38c967b901-259896.json,KEEP_GENERATED_REVIEW,NO_IF_STATIC_MODE,"Valid static case shard; useful for public/offline results mode but should be generated, not hand-maintained.",Keep only with generator/provenance policy.,2283,72,valid-json,142c101ae688
frontend/public/data/cases/company-4-34143c6a-6a1b-4864-a68e-0d38c967b901-260200.json,KEEP_GENERATED_REVIEW,NO_IF_STATIC_MODE,"Valid static case shard; useful for public/offline results mode but should be generated, not hand-maintained.",Keep only with generator/provenance policy.,3096,97,valid-json,6d6654b80f99
frontend/public/data/cases/company-4-34143c6a-6a1b-4864-a68e-0d38c967b901-260670.json,KEEP_GENERATED_REVIEW,NO_IF_STATIC_MODE,"Valid static case shard; useful for public/offline results mode but should be generated, not hand-maintained.",Keep only with generator/provenance policy.,3065,97,valid-json,dd3bd0227d03
frontend/public/data/cases/company-4-34143c6a-6a1b-4864-a68e-0d38c967b901-260733.json,KEEP_GENERATED_REVIEW,NO_IF_STATIC_MODE,"Valid static case shard; useful for public/offline results mode but should be generated, not hand-maintained.",Keep only with generator/provenance policy.,3855,120,valid-json,026b1f4beddb
frontend/public/data/cases/company-4-34143c6a-6a1b-4864-a68e-0d38c967b901-261728.json,KEEP_GENERATED_REVIEW,NO_IF_STATIC_MODE,"Valid static case shard; useful for public/offline results mode but should be generated, not hand-maintained.",Keep only with generator/provenance policy.,3076,97,valid-json,a39a489fa39a
frontend/public/data/cases/company-4-34143c6a-6a1b-4864-a68e-0d38c967b901-262207.json,KEEP_GENERATED_REVIEW,NO_IF_STATIC_MODE,"Valid static case shard; useful for public/offline results mode but should be generated, not hand-maintained.",Keep only with generator/provenance policy.,2302,72,valid-json,7f0421170873
frontend/public/data/cases/company-4-34143c6a-6a1b-4864-a68e-0d38c967b901-262321.json,KEEP_GENERATED_REVIEW,NO_IF_STATIC_MODE,"Valid static case shard; useful for public/offline results mode but should be generated, not hand-maintained.",Keep only with generator/provenance policy.,2341,72,valid-json,0d3f04b4c0a7
frontend/public/data/cases/company-4-34143c6a-6a1b-4864-a68e-0d38c967b901-262391.json,KEEP_GENERATED_REVIEW,NO_IF_STATIC_MODE,"Valid static case shard; useful for public/offline results mode but should be generated, not hand-maintained.",Keep only with generator/provenance policy.,2299,72,valid-json,161741750ae5
frontend/public/data/cases/company-4-34143c6a-6a1b-4864-a68e-0d38c967b901-262749.json,KEEP_GENERATED_REVIEW,NO_IF_STATIC_MODE,"Valid static case shard; useful for public/offline results mode but should be generated, not hand-maintained.",Keep only with generator/provenance policy.,2845,90,valid-json,86737cbe9952
frontend/public/data/cases/company-4-34143c6a-6a1b-4864-a68e-0d38c967b901-263307.json,KEEP_GENERATED_REVIEW,NO_IF_STATIC_MODE,"Valid static case shard; useful for public/offline results mode but should be generated, not hand-maintained.",Keep only with generator/provenance policy.,2261,72,valid-json,c129de34b3c7
frontend/public/data/cases/company-4-34143c6a-6a1b-4864-a68e-0d38c967b901-263811.json,KEEP_GENERATED_REVIEW,NO_IF_STATIC_MODE,"Valid static case shard; useful for public/offline results mode but should be generated, not hand-maintained.",Keep only with generator/provenance policy.,3165,97,valid-json,426d7a7a7cc7
frontend/public/data/cases/company-4-34143c6a-6a1b-4864-a68e-0d38c967b901-263919.json,KEEP_GENERATED_REVIEW,NO_IF_STATIC_MODE,"Valid static case shard; useful for public/offline results mode but should be generated, not hand-maintained.",Keep only with generator/provenance policy.,2426,76,valid-json,35fb354b6978
frontend/public/data/cases/company-4-34143c6a-6a1b-4864-a68e-0d38c967b901-264124.json,KEEP_GENERATED_REVIEW,NO_IF_STATIC_MODE,"Valid static case shard; useful for public/offline results mode but should be generated, not hand-maintained.",Keep only with generator/provenance policy.,2307,74,valid-json,9f8d9535ba38
frontend/public/data/cases/company-4-34143c6a-6a1b-4864-a68e-0d38c967b901-264449.json,KEEP_GENERATED_REVIEW,NO_IF_STATIC_MODE,"Valid static case shard; useful for public/offline results mode but should be generated, not hand-maintained.",Keep only with generator/provenance policy.,2280,72,valid-json,8934d2adc774
frontend/public/data/cases/company-4-34143c6a-6a1b-4864-a68e-0d38c967b901-264577.json,KEEP_GENERATED_REVIEW,NO_IF_STATIC_MODE,"Valid static case shard; useful for public/offline results mode but should be generated, not hand-maintained.",Keep only with generator/provenance policy.,2320,72,valid-json,293b6af3ecda
frontend/public/data/cases/company-4-34143c6a-6a1b-4864-a68e-0d38c967b901-264878.json,KEEP_GENERATED_REVIEW,NO_IF_STATIC_MODE,"Valid static case shard; useful for public/offline results mode but should be generated, not hand-maintained.",Keep only with generator/provenance policy.,2331,72,valid-json,c1671c466673
frontend/public/data/cases/company-4-34143c6a-6a1b-4864-a68e-0d38c967b901-265234.json,KEEP_GENERATED_REVIEW,NO_IF_STATIC_MODE,"Valid static case shard; useful for public/offline results mode but should be generated, not hand-maintained.",Keep only with generator/provenance policy.,2276,72,valid-json,303c385e0fdc
frontend/public/data/cases/company-4-34143c6a-6a1b-4864-a68e-0d38c967b901-265257.json,KEEP_GENERATED_REVIEW,NO_IF_STATIC_MODE,"Valid static case shard; useful for public/offline results mode but should be generated, not hand-maintained.",Keep only with generator/provenance policy.,2361,72,valid-json,24837838d90d
frontend/public/data/cases/company-4-34143c6a-6a1b-4864-a68e-0d38c967b901-265640.json,KEEP_GENERATED_REVIEW,NO_IF_STATIC_MODE,"Valid static case shard; useful for public/offline results mode but should be generated, not hand-maintained.",Keep only with generator/provenance policy.,2884,90,valid-json,8d2602389bcd
frontend/public/data/cases/company-4-34143c6a-6a1b-4864-a68e-0d38c967b901-266238.json,KEEP_GENERATED_REVIEW,NO_IF_STATIC_MODE,"Valid static case shard; useful for public/offline results mode but should be generated, not hand-maintained.",Keep only with generator/provenance policy.,2304,72,valid-json,ea66ced65311
frontend/public/data/cases/company-4-34143c6a-6a1b-4864-a68e-0d38c967b901-266675.json,KEEP_GENERATED_REVIEW,NO_IF_STATIC_MODE,"Valid static case shard; useful for public/offline results mode but should be generated, not hand-maintained.",Keep only with generator/provenance policy.,2276,72,valid-json,4e6dfbd90ec6
frontend/public/data/cases/company-4-34143c6a-6a1b-4864-a68e-0d38c967b901-266801.json,KEEP_GENERATED_REVIEW,NO_IF_STATIC_MODE,"Valid static case shard; useful for public/offline results mode but should be generated, not hand-maintained.",Keep only with generator/provenance policy.,2266,72,valid-json,64a831dfbc5a
frontend/public/data/cases/company-4-34143c6a-6a1b-4864-a68e-0d38c967b901-266818.json,KEEP_GENERATED_REVIEW,NO_IF_STATIC_MODE,"Valid static case shard; useful for public/offline results mode but should be generated, not hand-maintained.",Keep only with generator/provenance policy.,2298,72,valid-json,549a94a03397
frontend/public/data/cases/company-4-34143c6a-6a1b-4864-a68e-0d38c967b901-266922.json,KEEP_GENERATED_REVIEW,NO_IF_STATIC_MODE,"Valid static case shard; useful for public/offline results mode but should be generated, not hand-maintained.",Keep only with generator/provenance policy.,2299,72,valid-json,27ab57dd84bf
frontend/public/data/cases/company-4-34143c6a-6a1b-4864-a68e-0d38c967b901-267465.json,KEEP_GENERATED_REVIEW,NO_IF_STATIC_MODE,"Valid static case shard; useful for public/offline results mode but should be generated, not hand-maintained.",Keep only with generator/provenance policy.,3524,108,valid-json,0e644c3772f7
frontend/public/data/cases/company-4-34143c6a-6a1b-4864-a68e-0d38c967b901-267845.json,KEEP_GENERATED_REVIEW,NO_IF_STATIC_MODE,"Valid static case shard; useful for public/offline results mode but should be generated, not hand-maintained.",Keep only with generator/provenance policy.,2337,72,valid-json,64142ee09f8a
frontend/public/data/cases/company-4-34143c6a-6a1b-4864-a68e-0d38c967b901-267975.json,KEEP_GENERATED_REVIEW,NO_IF_STATIC_MODE,"Valid static case shard; useful for public/offline results mode but should be generated, not hand-maintained.",Keep only with generator/provenance policy.,3495,108,valid-json,c88c11060362
frontend/public/data/cases/company-4-34143c6a-6a1b-4864-a68e-0d38c967b901-269659.json,KEEP_GENERATED_REVIEW,NO_IF_STATIC_MODE,"Valid static case shard; useful for public/offline results mode but should be generated, not hand-maintained.",Keep only with generator/provenance policy.,3084,97,valid-json,bc8eaa11bb64
frontend/public/data/cases/company-4-34143c6a-6a1b-4864-a68e-0d38c967b901-270246.json,KEEP_GENERATED_REVIEW,NO_IF_STATIC_MODE,"Valid static case shard; useful for public/offline results mode but should be generated, not hand-maintained.",Keep only with generator/provenance policy.,2324,72,valid-json,4b65202d3f3a
frontend/public/data/cases/company-4-34143c6a-6a1b-4864-a68e-0d38c967b901-271300.json,KEEP_GENERATED_REVIEW,NO_IF_STATIC_MODE,"Valid static case shard; useful for public/offline results mode but should be generated, not hand-maintained.",Keep only with generator/provenance policy.,2394,76,valid-json,c008bfc60a6f
frontend/public/data/cases/company-4-34143c6a-6a1b-4864-a68e-0d38c967b901-27176.json,KEEP_GENERATED_REVIEW,NO_IF_STATIC_MODE,"Valid static case shard; useful for public/offline results mode but should be generated, not hand-maintained.",Keep only with generator/provenance policy.,3704,116,valid-json,6150314b1500
frontend/public/data/cases/company-4-34143c6a-6a1b-4864-a68e-0d38c967b901-272962.json,KEEP_GENERATED_REVIEW,NO_IF_STATIC_MODE,"Valid static case shard; useful for public/offline results mode but should be generated, not hand-maintained.",Keep only with generator/provenance policy.,2234,72,valid-json,7503b6fffc5e
frontend/public/data/cases/company-4-34143c6a-6a1b-4864-a68e-0d38c967b901-272994.json,KEEP_GENERATED_REVIEW,NO_IF_STATIC_MODE,"Valid static case shard; useful for public/offline results mode but should be generated, not hand-maintained.",Keep only with generator/provenance policy.,2926,90,valid-json,2823a2cc5ee3
frontend/public/data/cases/company-4-34143c6a-6a1b-4864-a68e-0d38c967b901-273005.json,KEEP_GENERATED_REVIEW,NO_IF_STATIC_MODE,"Valid static case shard; useful for public/offline results mode but should be generated, not hand-maintained.",Keep only with generator/provenance policy.,2919,90,valid-json,9d49f3b73d25
frontend/public/data/cases/company-4-34143c6a-6a1b-4864-a68e-0d38c967b901-273012.json,KEEP_GENERATED_REVIEW,NO_IF_STATIC_MODE,"Valid static case shard; useful for public/offline results mode but should be generated, not hand-maintained.",Keep only with generator/provenance policy.,2272,72,valid-json,5e12b99ed5cd
frontend/public/data/cases/company-4-34143c6a-6a1b-4864-a68e-0d38c967b901-273017.json,KEEP_GENERATED_REVIEW,NO_IF_STATIC_MODE,"Valid static case shard; useful for public/offline results mode but should be generated, not hand-maintained.",Keep only with generator/provenance policy.,2335,72,valid-json,e5fdd3254885
frontend/public/data/cases/company-4-34143c6a-6a1b-4864-a68e-0d38c967b901-273035.json,KEEP_GENERATED_REVIEW,NO_IF_STATIC_MODE,"Valid static case shard; useful for public/offline results mode but should be generated, not hand-maintained.",Keep only with generator/provenance policy.,2313,72,valid-json,588829e5584f
frontend/public/data/cases/company-4-34143c6a-6a1b-4864-a68e-0d38c967b901-273046.json,KEEP_GENERATED_REVIEW,NO_IF_STATIC_MODE,"Valid static case shard; useful for public/offline results mode but should be generated, not hand-maintained.",Keep only with generator/provenance policy.,2863,90,valid-json,490e02387b1a
frontend/public/data/cases/company-4-34143c6a-6a1b-4864-a68e-0d38c967b901-273050.json,KEEP_GENERATED_REVIEW,NO_IF_STATIC_MODE,"Valid static case shard; useful for public/offline results mode but should be generated, not hand-maintained.",Keep only with generator/provenance policy.,2268,72,valid-json,e790e2f07dd7
frontend/public/data/cases/company-4-34143c6a-6a1b-4864-a68e-0d38c967b901-273052.json,KEEP_GENERATED_REVIEW,NO_IF_STATIC_MODE,"Valid static case shard; useful for public/offline results mode but should be generated, not hand-maintained.",Keep only with generator/provenance policy.,2287,72,valid-json,4f400d59920d
frontend/public/data/cases/company-4-34143c6a-6a1b-4864-a68e-0d38c967b901-273066.json,KEEP_GENERATED_REVIEW,NO_IF_STATIC_MODE,"Valid static case shard; useful for public/offline results mode but should be generated, not hand-maintained.",Keep only with generator/provenance policy.,2318,72,valid-json,e17fbf5dcc27
frontend/public/data/cases/company-4-34143c6a-6a1b-4864-a68e-0d38c967b901-273071.json,KEEP_GENERATED_REVIEW,NO_IF_STATIC_MODE,"Valid static case shard; useful for public/offline results mode but should be generated, not hand-maintained.",Keep only with generator/provenance policy.,2332,72,valid-json,d40fb77d060d
frontend/public/data/cases/company-4-34143c6a-6a1b-4864-a68e-0d38c967b901-273073.json,KEEP_GENERATED_REVIEW,NO_IF_STATIC_MODE,"Valid static case shard; useful for public/offline results mode but should be generated, not hand-maintained.",Keep only with generator/provenance policy.,2941,90,valid-json,ef2f51c0f8f5
frontend/public/data/cases/company-4-34143c6a-6a1b-4864-a68e-0d38c967b901-273090.json,KEEP_GENERATED_REVIEW,NO_IF_STATIC_MODE,"Valid static case shard; useful for public/offline results mode but should be generated, not hand-maintained.",Keep only with generator/provenance policy.,2305,72,valid-json,6bd6a1218c7b
frontend/public/data/cases/company-4-34143c6a-6a1b-4864-a68e-0d38c967b901-273091.json,KEEP_GENERATED_REVIEW,NO_IF_STATIC_MODE,"Valid static case shard; useful for public/offline results mode but should be generated, not hand-maintained.",Keep only with generator/provenance policy.,2879,90,valid-json,1591eb010110
frontend/public/data/cases/company-4-34143c6a-6a1b-4864-a68e-0d38c967b901-273092.json,KEEP_GENERATED_REVIEW,NO_IF_STATIC_MODE,"Valid static case shard; useful for public/offline results mode but should be generated, not hand-maintained.",Keep only with generator/provenance policy.,2266,72,valid-json,862a09b1978c
frontend/public/data/cases/company-4-34143c6a-6a1b-4864-a68e-0d38c967b901-273132.json,KEEP_GENERATED_REVIEW,NO_IF_STATIC_MODE,"Valid static case shard; useful for public/offline results mode but should be generated, not hand-maintained.",Keep only with generator/provenance policy.,2916,90,valid-json,271e0909d4e4
frontend/public/data/cases/company-4-34143c6a-6a1b-4864-a68e-0d38c967b901-273133.json,KEEP_GENERATED_REVIEW,NO_IF_STATIC_MODE,"Valid static case shard; useful for public/offline results mode but should be generated, not hand-maintained.",Keep only with generator/provenance policy.,2284,72,valid-json,1f81842d73ab
frontend/public/data/cases/company-4-34143c6a-6a1b-4864-a68e-0d38c967b901-273143.json,KEEP_GENERATED_REVIEW,NO_IF_STATIC_MODE,"Valid static case shard; useful for public/offline results mode but should be generated, not hand-maintained.",Keep only with generator/provenance policy.,2321,72,valid-json,e7ca63368c1f
frontend/public/data/cases/company-4-34143c6a-6a1b-4864-a68e-0d38c967b901-273151.json,KEEP_GENERATED_REVIEW,NO_IF_STATIC_MODE,"Valid static case shard; useful for public/offline results mode but should be generated, not hand-maintained.",Keep only with generator/provenance policy.,2299,72,valid-json,4e4f08d7a40e
frontend/public/data/cases/company-4-34143c6a-6a1b-4864-a68e-0d38c967b901-273152.json,KEEP_GENERATED_REVIEW,NO_IF_STATIC_MODE,"Valid static case shard; useful for public/offline results mode but should be generated, not hand-maintained.",Keep only with generator/provenance policy.,2266,72,valid-json,92765de5ac05
frontend/public/data/cases/company-4-34143c6a-6a1b-4864-a68e-0d38c967b901-273157.json,KEEP_GENERATED_REVIEW,NO_IF_STATIC_MODE,"Valid static case shard; useful for public/offline results mode but should be generated, not hand-maintained.",Keep only with generator/provenance policy.,2326,72,valid-json,cebb095bb90b
frontend/public/data/cases/company-4-34143c6a-6a1b-4864-a68e-0d38c967b901-273202.json,KEEP_GENERATED_REVIEW,NO_IF_STATIC_MODE,"Valid static case shard; useful for public/offline results mode but should be generated, not hand-maintained.",Keep only with generator/provenance policy.,2324,72,valid-json,e2c0f8072c59
frontend/public/data/cases/company-4-34143c6a-6a1b-4864-a68e-0d38c967b901-273213.json,KEEP_GENERATED_REVIEW,NO_IF_STATIC_MODE,"Valid static case shard; useful for public/offline results mode but should be generated, not hand-maintained.",Keep only with generator/provenance policy.,2285,72,valid-json,8a72ed957371
frontend/public/data/cases/company-4-34143c6a-6a1b-4864-a68e-0d38c967b901-273215.json,KEEP_GENERATED_REVIEW,NO_IF_STATIC_MODE,"Valid static case shard; useful for public/offline results mode but should be generated, not hand-maintained.",Keep only with generator/provenance policy.,2898,90,valid-json,34f2b12563be
frontend/public/data/cases/company-4-34143c6a-6a1b-4864-a68e-0d38c967b901-273221.json,KEEP_GENERATED_REVIEW,NO_IF_STATIC_MODE,"Valid static case shard; useful for public/offline results mode but should be generated, not hand-maintained.",Keep only with generator/provenance policy.,2253,72,valid-json,d4e927628195
frontend/public/data/cases/company-4-34143c6a-6a1b-4864-a68e-0d38c967b901-273223.json,KEEP_GENERATED_REVIEW,NO_IF_STATIC_MODE,"Valid static case shard; useful for public/offline results mode but should be generated, not hand-maintained.",Keep only with generator/provenance policy.,2275,72,valid-json,226ede6f51c2
frontend/public/data/cases/company-4-34143c6a-6a1b-4864-a68e-0d38c967b901-273236.json,KEEP_GENERATED_REVIEW,NO_IF_STATIC_MODE,"Valid static case shard; useful for public/offline results mode but should be generated, not hand-maintained.",Keep only with generator/provenance policy.,2299,72,valid-json,6fe3c18f0a5c
frontend/public/data/cases/company-4-34143c6a-6a1b-4864-a68e-0d38c967b901-273250.json,KEEP_GENERATED_REVIEW,NO_IF_STATIC_MODE,"Valid static case shard; useful for public/offline results mode but should be generated, not hand-maintained.",Keep only with generator/provenance policy.,3039,97,valid-json,7fc3781c2ce0
frontend/public/data/cases/company-4-34143c6a-6a1b-4864-a68e-0d38c967b901-273265.json,KEEP_GENERATED_REVIEW,NO_IF_STATIC_MODE,"Valid static case shard; useful for public/offline results mode but should be generated, not hand-maintained.",Keep only with generator/provenance policy.,2329,72,valid-json,6b9ee2f73731
frontend/public/data/cases/company-4-34143c6a-6a1b-4864-a68e-0d38c967b901-273278.json,KEEP_GENERATED_REVIEW,NO_IF_STATIC_MODE,"Valid static case shard; useful for public/offline results mode but should be generated, not hand-maintained.",Keep only with generator/provenance policy.,2272,72,valid-json,4ccde290f40a
frontend/public/data/cases/company-4-34143c6a-6a1b-4864-a68e-0d38c967b901-273291.json,KEEP_GENERATED_REVIEW,NO_IF_STATIC_MODE,"Valid static case shard; useful for public/offline results mode but should be generated, not hand-maintained.",Keep only with generator/provenance policy.,2331,72,valid-json,618154e4a081
frontend/public/data/cases/company-4-34143c6a-6a1b-4864-a68e-0d38c967b901-273299.json,KEEP_GENERATED_REVIEW,NO_IF_STATIC_MODE,"Valid static case shard; useful for public/offline results mode but should be generated, not hand-maintained.",Keep only with generator/provenance policy.,2343,72,valid-json,6e31568a9349
frontend/public/data/cases/company-4-34143c6a-6a1b-4864-a68e-0d38c967b901-273302.json,KEEP_GENERATED_REVIEW,NO_IF_STATIC_MODE,"Valid static case shard; useful for public/offline results mode but should be generated, not hand-maintained.",Keep only with generator/provenance policy.,2319,72,valid-json,8db6fa4aae46
frontend/public/data/cases/company-4-34143c6a-6a1b-4864-a68e-0d38c967b901-273316.json,KEEP_GENERATED_REVIEW,NO_IF_STATIC_MODE,"Valid static case shard; useful for public/offline results mode but should be generated, not hand-maintained.",Keep only with generator/provenance policy.,2296,72,valid-json,98d1aa58a04d
frontend/public/data/cases/company-4-34143c6a-6a1b-4864-a68e-0d38c967b901-273322.json,KEEP_GENERATED_REVIEW,NO_IF_STATIC_MODE,"Valid static case shard; useful for public/offline results mode but should be generated, not hand-maintained.",Keep only with generator/provenance policy.,2936,90,valid-json,f976df4ba454
frontend/public/data/cases/company-4-34143c6a-6a1b-4864-a68e-0d38c967b901-273335.json,KEEP_GENERATED_REVIEW,NO_IF_STATIC_MODE,"Valid static case shard; useful for public/offline results mode but should be generated, not hand-maintained.",Keep only with generator/provenance policy.,2289,72,valid-json,c0f91f2e50e9
frontend/public/data/cases/company-4-34143c6a-6a1b-4864-a68e-0d38c967b901-273347.json,KEEP_GENERATED_REVIEW,NO_IF_STATIC_MODE,"Valid static case shard; useful for public/offline results mode but should be generated, not hand-maintained.",Keep only with generator/provenance policy.,2287,72,valid-json,a173e04e12a2
frontend/public/data/cases/company-4-34143c6a-6a1b-4864-a68e-0d38c967b901-273361.json,KEEP_GENERATED_REVIEW,NO_IF_STATIC_MODE,"Valid static case shard; useful for public/offline results mode but should be generated, not hand-maintained.",Keep only with generator/provenance policy.,2952,90,valid-json,1589877ea4d1
frontend/public/data/cases/company-4-34143c6a-6a1b-4864-a68e-0d38c967b901-273379.json,KEEP_GENERATED_REVIEW,NO_IF_STATIC_MODE,"Valid static case shard; useful for public/offline results mode but should be generated, not hand-maintained.",Keep only with generator/provenance policy.,2239,72,valid-json,06aafb75c7e2
frontend/public/data/cases/company-4-34143c6a-6a1b-4864-a68e-0d38c967b901-273381.json,KEEP_GENERATED_REVIEW,NO_IF_STATIC_MODE,"Valid static case shard; useful for public/offline results mode but should be generated, not hand-maintained.",Keep only with generator/provenance policy.,2309,72,valid-json,66db504ffc7b
frontend/public/data/cases/company-4-34143c6a-6a1b-4864-a68e-0d38c967b901-273386.json,KEEP_GENERATED_REVIEW,NO_IF_STATIC_MODE,"Valid static case shard; useful for public/offline results mode but should be generated, not hand-maintained.",Keep only with generator/provenance policy.,2354,72,valid-json,609489bb2148
frontend/public/data/cases/company-4-34143c6a-6a1b-4864-a68e-0d38c967b901-273387.json,KEEP_GENERATED_REVIEW,NO_IF_STATIC_MODE,"Valid static case shard; useful for public/offline results mode but should be generated, not hand-maintained.",Keep only with generator/provenance policy.,2312,72,valid-json,fc509d8a3dee
frontend/public/data/cases/company-4-34143c6a-6a1b-4864-a68e-0d38c967b901-273389.json,KEEP_GENERATED_REVIEW,NO_IF_STATIC_MODE,"Valid static case shard; useful for public/offline results mode but should be generated, not hand-maintained.",Keep only with generator/provenance policy.,2315,72,valid-json,05400c655012
frontend/public/data/cases/company-4-34143c6a-6a1b-4864-a68e-0d38c967b901-273391.json,KEEP_GENERATED_REVIEW,NO_IF_STATIC_MODE,"Valid static case shard; useful for public/offline results mode but should be generated, not hand-maintained.",Keep only with generator/provenance policy.,2274,72,valid-json,1f1852f7928f
frontend/public/data/cases/company-4-34143c6a-6a1b-4864-a68e-0d38c967b901-273393.json,KEEP_GENERATED_REVIEW,NO_IF_STATIC_MODE,"Valid static case shard; useful for public/offline results mode but should be generated, not hand-maintained.",Keep only with generator/provenance policy.,2354,72,valid-json,6dd606780b34
frontend/public/data/cases/company-4-34143c6a-6a1b-4864-a68e-0d38c967b901-273422.json,KEEP_GENERATED_REVIEW,NO_IF_STATIC_MODE,"Valid static case shard; useful for public/offline results mode but should be generated, not hand-maintained.",Keep only with generator/provenance policy.,2277,72,valid-json,278007fc7510
frontend/public/data/cases/company-4-34143c6a-6a1b-4864-a68e-0d38c967b901-273432.json,KEEP_GENERATED_REVIEW,NO_IF_STATIC_MODE,"Valid static case shard; useful for public/offline results mode but should be generated, not hand-maintained.",Keep only with generator/provenance policy.,2273,72,valid-json,012164b7fd39
frontend/public/data/cases/company-4-34143c6a-6a1b-4864-a68e-0d38c967b901-273445.json,KEEP_GENERATED_REVIEW,NO_IF_STATIC_MODE,"Valid static case shard; useful for public/offline results mode but should be generated, not hand-maintained.",Keep only with generator/provenance policy.,2326,72,valid-json,9ed8eee312f9
frontend/public/data/cases/company-4-34143c6a-6a1b-4864-a68e-0d38c967b901-273454.json,KEEP_GENERATED_REVIEW,NO_IF_STATIC_MODE,"Valid static case shard; useful for public/offline results mode but should be generated, not hand-maintained.",Keep only with generator/provenance policy.,2324,72,valid-json,3aafa8430337
frontend/public/data/cases/company-4-34143c6a-6a1b-4864-a68e-0d38c967b901-273481.json,KEEP_GENERATED_REVIEW,NO_IF_STATIC_MODE,"Valid static case shard; useful for public/offline results mode but should be generated, not hand-maintained.",Keep only with generator/provenance policy.,2887,90,valid-json,101051ca67ab
frontend/public/data/cases/company-4-34143c6a-6a1b-4864-a68e-0d38c967b901-273508.json,KEEP_GENERATED_REVIEW,NO_IF_STATIC_MODE,"Valid static case shard; useful for public/offline results mode but should be generated, not hand-maintained.",Keep only with generator/provenance policy.,2292,72,valid-json,8eedd333886a
frontend/public/data/cases/company-4-34143c6a-6a1b-4864-a68e-0d38c967b901-273523.json,KEEP_GENERATED_REVIEW,NO_IF_STATIC_MODE,"Valid static case shard; useful for public/offline results mode but should be generated, not hand-maintained.",Keep only with generator/provenance policy.,4958,152,valid-json,6ee02b1ec6c4
frontend/public/data/cases/company-4-34143c6a-6a1b-4864-a68e-0d38c967b901-273547.json,KEEP_GENERATED_REVIEW,NO_IF_STATIC_MODE,"Valid static case shard; useful for public/offline results mode but should be generated, not hand-maintained.",Keep only with generator/provenance policy.,2420,72,valid-json,9e9eb722dcc6
frontend/public/data/cases/company-4-34143c6a-6a1b-4864-a68e-0d38c967b901-273556.json,KEEP_GENERATED_REVIEW,NO_IF_STATIC_MODE,"Valid static case shard; useful for public/offline results mode but should be generated, not hand-maintained.",Keep only with generator/provenance policy.,3782,116,valid-json,ce39cd35236c
frontend/public/data/cases/company-4-34143c6a-6a1b-4864-a68e-0d38c967b901-273577.json,KEEP_GENERATED_REVIEW,NO_IF_STATIC_MODE,"Valid static case shard; useful for public/offline results mode but should be generated, not hand-maintained.",Keep only with generator/provenance policy.,2341,72,valid-json,00d458bf59e3
frontend/public/data/cases/company-4-34143c6a-6a1b-4864-a68e-0d38c967b901-273583.json,KEEP_GENERATED_REVIEW,NO_IF_STATIC_MODE,"Valid static case shard; useful for public/offline results mode but should be generated, not hand-maintained.",Keep only with generator/provenance policy.,2287,72,valid-json,a04967dd1851
frontend/public/data/cases/company-4-34143c6a-6a1b-4864-a68e-0d38c967b901-273610.json,KEEP_GENERATED_REVIEW,NO_IF_STATIC_MODE,"Valid static case shard; useful for public/offline results mode but should be generated, not hand-maintained.",Keep only with generator/provenance policy.,2348,72,valid-json,6a211870d2a7
frontend/public/data/cases/company-4-34143c6a-6a1b-4864-a68e-0d38c967b901-273622.json,KEEP_GENERATED_REVIEW,NO_IF_STATIC_MODE,"Valid static case shard; useful for public/offline results mode but should be generated, not hand-maintained.",Keep only with generator/provenance policy.,2333,72,valid-json,6565be982342
frontend/public/data/cases/company-4-34143c6a-6a1b-4864-a68e-0d38c967b901-273632.json,KEEP_GENERATED_REVIEW,NO_IF_STATIC_MODE,"Valid static case shard; useful for public/offline results mode but should be generated, not hand-maintained.",Keep only with generator/provenance policy.,3473,108,valid-json,918d867c5ddf
frontend/public/data/cases/company-4-34143c6a-6a1b-4864-a68e-0d38c967b901-273634.json,KEEP_GENERATED_REVIEW,NO_IF_STATIC_MODE,"Valid static case shard; useful for public/offline results mode but should be generated, not hand-maintained.",Keep only with generator/provenance policy.,2272,72,valid-json,5a94cc7fa4bd
frontend/public/data/cases/company-4-34143c6a-6a1b-4864-a68e-0d38c967b901-273640.json,KEEP_GENERATED_REVIEW,NO_IF_STATIC_MODE,"Valid static case shard; useful for public/offline results mode but should be generated, not hand-maintained.",Keep only with generator/provenance policy.,2272,72,valid-json,87821639ad0c
frontend/public/data/cases/company-4-34143c6a-6a1b-4864-a68e-0d38c967b901-273662.json,KEEP_GENERATED_REVIEW,NO_IF_STATIC_MODE,"Valid static case shard; useful for public/offline results mode but should be generated, not hand-maintained.",Keep only with generator/provenance policy.,2249,72,valid-json,dfae84188f8f
frontend/public/data/cases/company-4-34143c6a-6a1b-4864-a68e-0d38c967b901-273679.json,KEEP_GENERATED_REVIEW,NO_IF_STATIC_MODE,"Valid static case shard; useful for public/offline results mode but should be generated, not hand-maintained.",Keep only with generator/provenance policy.,2241,72,valid-json,9539e9a18471
frontend/public/data/cases/company-4-34143c6a-6a1b-4864-a68e-0d38c967b901-273686.json,KEEP_GENERATED_REVIEW,NO_IF_STATIC_MODE,"Valid static case shard; useful for public/offline results mode but should be generated, not hand-maintained.",Keep only with generator/provenance policy.,2301,74,valid-json,1ab70d139f8f
frontend/public/data/cases/company-4-34143c6a-6a1b-4864-a68e-0d38c967b901-273693.json,KEEP_GENERATED_REVIEW,NO_IF_STATIC_MODE,"Valid static case shard; useful for public/offline results mode but should be generated, not hand-maintained.",Keep only with generator/provenance policy.,2349,72,valid-json,3c467d5bcb8b
frontend/public/data/cases/company-4-34143c6a-6a1b-4864-a68e-0d38c967b901-273698.json,KEEP_GENERATED_REVIEW,NO_IF_STATIC_MODE,"Valid static case shard; useful for public/offline results mode but should be generated, not hand-maintained.",Keep only with generator/provenance policy.,2275,72,valid-json,aa0ad0a081fd
frontend/public/data/cases/company-4-34143c6a-6a1b-4864-a68e-0d38c967b901-273714.json,KEEP_GENERATED_REVIEW,NO_IF_STATIC_MODE,"Valid static case shard; useful for public/offline results mode but should be generated, not hand-maintained.",Keep only with generator/provenance policy.,2354,72,valid-json,5dcd00c478cc
frontend/public/data/cases/company-4-34143c6a-6a1b-4864-a68e-0d38c967b901-273796.json,KEEP_GENERATED_REVIEW,NO_IF_STATIC_MODE,"Valid static case shard; useful for public/offline results mode but should be generated, not hand-maintained.",Keep only with generator/provenance policy.,2950,90,valid-json,d0ead5c22a01
frontend/public/data/cases/company-4-34143c6a-6a1b-4864-a68e-0d38c967b901-273843.json,KEEP_GENERATED_REVIEW,NO_IF_STATIC_MODE,"Valid static case shard; useful for public/offline results mode but should be generated, not hand-maintained.",Keep only with generator/provenance policy.,2909,90,valid-json,4feaa3123171
frontend/public/data/cases/company-4-34143c6a-6a1b-4864-a68e-0d38c967b901-27762.json,KEEP_GENERATED_REVIEW,NO_IF_STATIC_MODE,"Valid static case shard; useful for public/offline results mode but should be generated, not hand-maintained.",Keep only with generator/provenance policy.,2330,72,valid-json,c4bbf023cc7e
frontend/public/data/cases/company-4-34143c6a-6a1b-4864-a68e-0d38c967b901-39401.json,KEEP_GENERATED_REVIEW,NO_IF_STATIC_MODE,"Valid static case shard; useful for public/offline results mode but should be generated, not hand-maintained.",Keep only with generator/provenance policy.,2296,72,valid-json,f01af77e5cb1
frontend/public/data/cases/company-4-34143c6a-6a1b-4864-a68e-0d38c967b901-39996.json,KEEP_GENERATED_REVIEW,NO_IF_STATIC_MODE,"Valid static case shard; useful for public/offline results mode but should be generated, not hand-maintained.",Keep only with generator/provenance policy.,2381,72,valid-json,4e70c1348c3f
frontend/public/data/cases/company-4-34143c6a-6a1b-4864-a68e-0d38c967b901-40141.json,KEEP_GENERATED_REVIEW,NO_IF_STATIC_MODE,"Valid static case shard; useful for public/offline results mode but should be generated, not hand-maintained.",Keep only with generator/provenance policy.,2301,72,valid-json,587a7c027bdb
frontend/public/data/cases/company-4-34143c6a-6a1b-4864-a68e-0d38c967b901-41757.json,KEEP_GENERATED_REVIEW,NO_IF_STATIC_MODE,"Valid static case shard; useful for public/offline results mode but should be generated, not hand-maintained.",Keep only with generator/provenance policy.,2272,72,valid-json,48d546f347ad
frontend/public/data/cases/company-4-34143c6a-6a1b-4864-a68e-0d38c967b901-43001.json,KEEP_GENERATED_REVIEW,NO_IF_STATIC_MODE,"Valid static case shard; useful for public/offline results mode but should be generated, not hand-maintained.",Keep only with generator/provenance policy.,2275,72,valid-json,881ac0ad0a6b
frontend/public/data/cases/company-4-34143c6a-6a1b-4864-a68e-0d38c967b901-430626.json,KEEP_GENERATED_REVIEW,NO_IF_STATIC_MODE,"Valid static case shard; useful for public/offline results mode but should be generated, not hand-maintained.",Keep only with generator/provenance policy.,3045,97,valid-json,4e367cc572dc
frontend/public/data/cases/company-4-34143c6a-6a1b-4864-a68e-0d38c967b901-430627.json,KEEP_GENERATED_REVIEW,NO_IF_STATIC_MODE,"Valid static case shard; useful for public/offline results mode but should be generated, not hand-maintained.",Keep only with generator/provenance policy.,3711,116,valid-json,448c383c2253
frontend/public/data/cases/company-4-34143c6a-6a1b-4864-a68e-0d38c967b901-430948.json,KEEP_GENERATED_REVIEW,NO_IF_STATIC_MODE,"Valid static case shard; useful for public/offline results mode but should be generated, not hand-maintained.",Keep only with generator/provenance policy.,2295,72,valid-json,f60b5b32ce44
frontend/public/data/cases/company-4-34143c6a-6a1b-4864-a68e-0d38c967b901-431054.json,KEEP_GENERATED_REVIEW,NO_IF_STATIC_MODE,"Valid static case shard; useful for public/offline results mode but should be generated, not hand-maintained.",Keep only with generator/provenance policy.,2301,72,valid-json,11568ea46a2c
frontend/public/data/cases/company-4-34143c6a-6a1b-4864-a68e-0d38c967b901-431223.json,KEEP_GENERATED_REVIEW,NO_IF_STATIC_MODE,"Valid static case shard; useful for public/offline results mode but should be generated, not hand-maintained.",Keep only with generator/provenance policy.,2267,72,valid-json,6f41fda99889
frontend/public/data/cases/company-4-34143c6a-6a1b-4864-a68e-0d38c967b901-431260.json,KEEP_GENERATED_REVIEW,NO_IF_STATIC_MODE,"Valid static case shard; useful for public/offline results mode but should be generated, not hand-maintained.",Keep only with generator/provenance policy.,2262,72,valid-json,64f988f4283c
frontend/public/data/cases/company-4-34143c6a-6a1b-4864-a68e-0d38c967b901-431373.json,KEEP_GENERATED_REVIEW,NO_IF_STATIC_MODE,"Valid static case shard; useful for public/offline results mode but should be generated, not hand-maintained.",Keep only with generator/provenance policy.,2257,72,valid-json,440f5391cf17
frontend/public/data/cases/company-4-34143c6a-6a1b-4864-a68e-0d38c967b901-431385.json,KEEP_GENERATED_REVIEW,NO_IF_STATIC_MODE,"Valid static case shard; useful for public/offline results mode but should be generated, not hand-maintained.",Keep only with generator/provenance policy.,2226,72,valid-json,9d50ae0fd94d
frontend/public/data/cases/company-4-34143c6a-6a1b-4864-a68e-0d38c967b901-431601.json,KEEP_GENERATED_REVIEW,NO_IF_STATIC_MODE,"Valid static case shard; useful for public/offline results mode but should be generated, not hand-maintained.",Keep only with generator/provenance policy.,2283,72,valid-json,df4558d68ee4
frontend/public/data/cases/company-4-34143c6a-6a1b-4864-a68e-0d38c967b901-431701.json,KEEP_GENERATED_REVIEW,NO_IF_STATIC_MODE,"Valid static case shard; useful for public/offline results mode but should be generated, not hand-maintained.",Keep only with generator/provenance policy.,2262,72,valid-json,759ebe4011ec
frontend/public/data/cases/company-4-34143c6a-6a1b-4864-a68e-0d38c967b901-431750.json,KEEP_GENERATED_REVIEW,NO_IF_STATIC_MODE,"Valid static case shard; useful for public/offline results mode but should be generated, not hand-maintained.",Keep only with generator/provenance policy.,2313,72,valid-json,51202696092f
frontend/public/data/cases/company-4-34143c6a-6a1b-4864-a68e-0d38c967b901-431884.json,KEEP_GENERATED_REVIEW,NO_IF_STATIC_MODE,"Valid static case shard; useful for public/offline results mode but should be generated, not hand-maintained.",Keep only with generator/provenance policy.,2319,73,valid-json,bc08d037065e
frontend/public/data/cases/company-4-34143c6a-6a1b-4864-a68e-0d38c967b901-431914.json,KEEP_GENERATED_REVIEW,NO_IF_STATIC_MODE,"Valid static case shard; useful for public/offline results mode but should be generated, not hand-maintained.",Keep only with generator/provenance policy.,2309,72,valid-json,abe8637be894
frontend/public/data/cases/company-4-34143c6a-6a1b-4864-a68e-0d38c967b901-432017.json,KEEP_GENERATED_REVIEW,NO_IF_STATIC_MODE,"Valid static case shard; useful for public/offline results mode but should be generated, not hand-maintained.",Keep only with generator/provenance policy.,2308,72,valid-json,7c1710567167
frontend/public/data/cases/company-4-34143c6a-6a1b-4864-a68e-0d38c967b901-432039.json,KEEP_GENERATED_REVIEW,NO_IF_STATIC_MODE,"Valid static case shard; useful for public/offline results mode but should be generated, not hand-maintained.",Keep only with generator/provenance policy.,2290,72,valid-json,1ac257a8b6b8
frontend/public/data/cases/company-4-34143c6a-6a1b-4864-a68e-0d38c967b901-432480.json,KEEP_GENERATED_REVIEW,NO_IF_STATIC_MODE,"Valid static case shard; useful for public/offline results mode but should be generated, not hand-maintained.",Keep only with generator/provenance policy.,2324,72,valid-json,04fcf27032c2
frontend/public/data/cases/company-4-34143c6a-6a1b-4864-a68e-0d38c967b901-433731.json,KEEP_GENERATED_REVIEW,NO_IF_STATIC_MODE,"Valid static case shard; useful for public/offline results mode but should be generated, not hand-maintained.",Keep only with generator/provenance policy.,2297,72,valid-json,79184784f0c8
frontend/public/data/cases/company-4-34143c6a-6a1b-4864-a68e-0d38c967b901-441824.json,KEEP_GENERATED_REVIEW,NO_IF_STATIC_MODE,"Valid static case shard; useful for public/offline results mode but should be generated, not hand-maintained.",Keep only with generator/provenance policy.,2295,72,valid-json,b99fb86e36dd
frontend/public/data/cases/company-4-34143c6a-6a1b-4864-a68e-0d38c967b901-441828.json,KEEP_GENERATED_REVIEW,NO_IF_STATIC_MODE,"Valid static case shard; useful for public/offline results mode but should be generated, not hand-maintained.",Keep only with generator/provenance policy.,2300,72,valid-json,1fc39979d807
frontend/public/data/cases/company-4-34143c6a-6a1b-4864-a68e-0d38c967b901-441893.json,KEEP_GENERATED_REVIEW,NO_IF_STATIC_MODE,"Valid static case shard; useful for public/offline results mode but should be generated, not hand-maintained.",Keep only with generator/provenance policy.,2379,72,valid-json,9ba1e1cdbb29
frontend/public/data/cases/company-4-34143c6a-6a1b-4864-a68e-0d38c967b901-441894.json,KEEP_GENERATED_REVIEW,NO_IF_STATIC_MODE,"Valid static case shard; useful for public/offline results mode but should be generated, not hand-maintained.",Keep only with generator/provenance policy.,2281,72,valid-json,dca835a97dc4
frontend/public/data/cases/company-4-34143c6a-6a1b-4864-a68e-0d38c967b901-441934.json,KEEP_GENERATED_REVIEW,NO_IF_STATIC_MODE,"Valid static case shard; useful for public/offline results mode but should be generated, not hand-maintained.",Keep only with generator/provenance policy.,2292,72,valid-json,05c4401d3688
frontend/public/data/cases/company-4-34143c6a-6a1b-4864-a68e-0d38c967b901-441980.json,KEEP_GENERATED_REVIEW,NO_IF_STATIC_MODE,"Valid static case shard; useful for public/offline results mode but should be generated, not hand-maintained.",Keep only with generator/provenance policy.,2291,72,valid-json,2b18483d5b1e
frontend/public/data/cases/company-4-34143c6a-6a1b-4864-a68e-0d38c967b901-442001.json,KEEP_GENERATED_REVIEW,NO_IF_STATIC_MODE,"Valid static case shard; useful for public/offline results mode but should be generated, not hand-maintained.",Keep only with generator/provenance policy.,2271,72,valid-json,f9f737562e6c
frontend/public/data/cases/company-4-34143c6a-6a1b-4864-a68e-0d38c967b901-442030.json,KEEP_GENERATED_REVIEW,NO_IF_STATIC_MODE,"Valid static case shard; useful for public/offline results mode but should be generated, not hand-maintained.",Keep only with generator/provenance policy.,2358,72,valid-json,bd8ed62c1ca2
frontend/public/data/cases/company-4-34143c6a-6a1b-4864-a68e-0d38c967b901-442065.json,KEEP_GENERATED_REVIEW,NO_IF_STATIC_MODE,"Valid static case shard; useful for public/offline results mode but should be generated, not hand-maintained.",Keep only with generator/provenance policy.,2270,72,valid-json,11238e1819eb
frontend/public/data/cases/company-4-34143c6a-6a1b-4864-a68e-0d38c967b901-442163.json,KEEP_GENERATED_REVIEW,NO_IF_STATIC_MODE,"Valid static case shard; useful for public/offline results mode but should be generated, not hand-maintained.",Keep only with generator/provenance policy.,2310,72,valid-json,44fd14248d8e
frontend/public/data/cases/company-4-34143c6a-6a1b-4864-a68e-0d38c967b901-442179.json,KEEP_GENERATED_REVIEW,NO_IF_STATIC_MODE,"Valid static case shard; useful for public/offline results mode but should be generated, not hand-maintained.",Keep only with generator/provenance policy.,3098,97,valid-json,64cb2e69f9e6
frontend/public/data/cases/company-4-34143c6a-6a1b-4864-a68e-0d38c967b901-442238.json,KEEP_GENERATED_REVIEW,NO_IF_STATIC_MODE,"Valid static case shard; useful for public/offline results mode but should be generated, not hand-maintained.",Keep only with generator/provenance policy.,2316,72,valid-json,893b94592a38
frontend/public/data/cases/company-4-34143c6a-6a1b-4864-a68e-0d38c967b901-442256.json,KEEP_GENERATED_REVIEW,NO_IF_STATIC_MODE,"Valid static case shard; useful for public/offline results mode but should be generated, not hand-maintained.",Keep only with generator/provenance policy.,2293,72,valid-json,734412f1a9c0
frontend/public/data/cases/company-4-34143c6a-6a1b-4864-a68e-0d38c967b901-442271.json,KEEP_GENERATED_REVIEW,NO_IF_STATIC_MODE,"Valid static case shard; useful for public/offline results mode but should be generated, not hand-maintained.",Keep only with generator/provenance policy.,2408,72,valid-json,c67c95f43c2f
frontend/public/data/cases/company-4-34143c6a-6a1b-4864-a68e-0d38c967b901-442397.json,KEEP_GENERATED_REVIEW,NO_IF_STATIC_MODE,"Valid static case shard; useful for public/offline results mode but should be generated, not hand-maintained.",Keep only with generator/provenance policy.,2307,72,valid-json,6f469fe7572c
frontend/public/data/cases/company-4-34143c6a-6a1b-4864-a68e-0d38c967b901-442611.json,KEEP_GENERATED_REVIEW,NO_IF_STATIC_MODE,"Valid static case shard; useful for public/offline results mode but should be generated, not hand-maintained.",Keep only with generator/provenance policy.,2283,72,valid-json,cae2c84ac7c6
frontend/public/data/cases/company-4-34143c6a-6a1b-4864-a68e-0d38c967b901-442638.json,KEEP_GENERATED_REVIEW,NO_IF_STATIC_MODE,"Valid static case shard; useful for public/offline results mode but should be generated, not hand-maintained.",Keep only with generator/provenance policy.,2342,72,valid-json,2e216f80d25d
frontend/public/data/cases/company-4-34143c6a-6a1b-4864-a68e-0d38c967b901-442871.json,KEEP_GENERATED_REVIEW,NO_IF_STATIC_MODE,"Valid static case shard; useful for public/offline results mode but should be generated, not hand-maintained.",Keep only with generator/provenance policy.,2324,72,valid-json,5a0e462f407d
frontend/public/data/cases/company-4-34143c6a-6a1b-4864-a68e-0d38c967b901-442911.json,KEEP_GENERATED_REVIEW,NO_IF_STATIC_MODE,"Valid static case shard; useful for public/offline results mode but should be generated, not hand-maintained.",Keep only with generator/provenance policy.,2347,72,valid-json,65ce39dade29
frontend/public/data/cases/company-4-34143c6a-6a1b-4864-a68e-0d38c967b901-443885.json,KEEP_GENERATED_REVIEW,NO_IF_STATIC_MODE,"Valid static case shard; useful for public/offline results mode but should be generated, not hand-maintained.",Keep only with generator/provenance policy.,2319,72,valid-json,67b2272be382
frontend/public/data/cases/company-4-34143c6a-6a1b-4864-a68e-0d38c967b901-443895.json,KEEP_GENERATED_REVIEW,NO_IF_STATIC_MODE,"Valid static case shard; useful for public/offline results mode but should be generated, not hand-maintained.",Keep only with generator/provenance policy.,2299,72,valid-json,010817000108
frontend/public/data/cases/company-4-34143c6a-6a1b-4864-a68e-0d38c967b901-445027.json,KEEP_GENERATED_REVIEW,NO_IF_STATIC_MODE,"Valid static case shard; useful for public/offline results mode but should be generated, not hand-maintained.",Keep only with generator/provenance policy.,2282,72,valid-json,bb077cff50c0
frontend/public/data/cases/company-4-34143c6a-6a1b-4864-a68e-0d38c967b901-445062.json,KEEP_GENERATED_REVIEW,NO_IF_STATIC_MODE,"Valid static case shard; useful for public/offline results mode but should be generated, not hand-maintained.",Keep only with generator/provenance policy.,2309,72,valid-json,09bcb9931c62
frontend/public/data/cases/company-4-34143c6a-6a1b-4864-a68e-0d38c967b901-445454.json,KEEP_GENERATED_REVIEW,NO_IF_STATIC_MODE,"Valid static case shard; useful for public/offline results mode but should be generated, not hand-maintained.",Keep only with generator/provenance policy.,2342,72,valid-json,d75aee92e407
frontend/public/data/cases/company-4-34143c6a-6a1b-4864-a68e-0d38c967b901-445591.json,KEEP_GENERATED_REVIEW,NO_IF_STATIC_MODE,"Valid static case shard; useful for public/offline results mode but should be generated, not hand-maintained.",Keep only with generator/provenance policy.,2292,72,valid-json,24c5949ee2ed
frontend/public/data/cases/company-4-34143c6a-6a1b-4864-a68e-0d38c967b901-445764.json,KEEP_GENERATED_REVIEW,NO_IF_STATIC_MODE,"Valid static case shard; useful for public/offline results mode but should be generated, not hand-maintained.",Keep only with generator/provenance policy.,2279,72,valid-json,32e3406acb8b
frontend/public/data/cases/company-4-34143c6a-6a1b-4864-a68e-0d38c967b901-448318.json,KEEP_GENERATED_REVIEW,NO_IF_STATIC_MODE,"Valid static case shard; useful for public/offline results mode but should be generated, not hand-maintained.",Keep only with generator/provenance policy.,2265,72,valid-json,0e70801746a5
frontend/public/data/cases/company-4-34143c6a-6a1b-4864-a68e-0d38c967b901-44928.json,KEEP_GENERATED_REVIEW,NO_IF_STATIC_MODE,"Valid static case shard; useful for public/offline results mode but should be generated, not hand-maintained.",Keep only with generator/provenance policy.,2272,72,valid-json,cca80f6f9cb6
frontend/public/data/cases/company-4-34143c6a-6a1b-4864-a68e-0d38c967b901-455179.json,KEEP_GENERATED_REVIEW,NO_IF_STATIC_MODE,"Valid static case shard; useful for public/offline results mode but should be generated, not hand-maintained.",Keep only with generator/provenance policy.,2306,72,valid-json,229b3b28d8a2
frontend/public/data/cases/company-4-34143c6a-6a1b-4864-a68e-0d38c967b901-466804.json,KEEP_GENERATED_REVIEW,NO_IF_STATIC_MODE,"Valid static case shard; useful for public/offline results mode but should be generated, not hand-maintained.",Keep only with generator/provenance policy.,2841,90,valid-json,d8c4038a17c6
frontend/public/data/cases/company-4-34143c6a-6a1b-4864-a68e-0d38c967b901-466821.json,KEEP_GENERATED_REVIEW,NO_IF_STATIC_MODE,"Valid static case shard; useful for public/offline results mode but should be generated, not hand-maintained.",Keep only with generator/provenance policy.,2276,72,valid-json,e44c14495838
frontend/public/data/cases/company-4-34143c6a-6a1b-4864-a68e-0d38c967b901-466828.json,KEEP_GENERATED_REVIEW,NO_IF_STATIC_MODE,"Valid static case shard; useful for public/offline results mode but should be generated, not hand-maintained.",Keep only with generator/provenance policy.,2325,72,valid-json,72ab06cf4a9c
frontend/public/data/cases/company-4-34143c6a-6a1b-4864-a68e-0d38c967b901-466850.json,KEEP_GENERATED_REVIEW,NO_IF_STATIC_MODE,"Valid static case shard; useful for public/offline results mode but should be generated, not hand-maintained.",Keep only with generator/provenance policy.,2262,72,valid-json,bc16e584c250
frontend/public/data/cases/company-4-34143c6a-6a1b-4864-a68e-0d38c967b901-466855.json,KEEP_GENERATED_REVIEW,NO_IF_STATIC_MODE,"Valid static case shard; useful for public/offline results mode but should be generated, not hand-maintained.",Keep only with generator/provenance policy.,3518,108,valid-json,de800a129818
frontend/public/data/cases/company-4-34143c6a-6a1b-4864-a68e-0d38c967b901-466883.json,KEEP_GENERATED_REVIEW,NO_IF_STATIC_MODE,"Valid static case shard; useful for public/offline results mode but should be generated, not hand-maintained.",Keep only with generator/provenance policy.,3498,108,valid-json,8fd30d80e728
frontend/public/data/cases/company-4-34143c6a-6a1b-4864-a68e-0d38c967b901-466895.json,KEEP_GENERATED_REVIEW,NO_IF_STATIC_MODE,"Valid static case shard; useful for public/offline results mode but should be generated, not hand-maintained.",Keep only with generator/provenance policy.,2319,72,valid-json,b038d5ca03c9
frontend/public/data/cases/company-4-34143c6a-6a1b-4864-a68e-0d38c967b901-466897.json,KEEP_GENERATED_REVIEW,NO_IF_STATIC_MODE,"Valid static case shard; useful for public/offline results mode but should be generated, not hand-maintained.",Keep only with generator/provenance policy.,2281,72,valid-json,070d0db2d1c8
frontend/public/data/cases/company-4-34143c6a-6a1b-4864-a68e-0d38c967b901-466907.json,KEEP_GENERATED_REVIEW,NO_IF_STATIC_MODE,"Valid static case shard; useful for public/offline results mode but should be generated, not hand-maintained.",Keep only with generator/provenance policy.,2294,72,valid-json,d085039b8b63
frontend/public/data/cases/company-4-34143c6a-6a1b-4864-a68e-0d38c967b901-466908.json,KEEP_GENERATED_REVIEW,NO_IF_STATIC_MODE,"Valid static case shard; useful for public/offline results mode but should be generated, not hand-maintained.",Keep only with generator/provenance policy.,2359,72,valid-json,22d702b48acc
frontend/public/data/cases/company-4-34143c6a-6a1b-4864-a68e-0d38c967b901-466914.json,KEEP_GENERATED_REVIEW,NO_IF_STATIC_MODE,"Valid static case shard; useful for public/offline results mode but should be generated, not hand-maintained.",Keep only with generator/provenance policy.,2267,72,valid-json,ac478673c944
frontend/public/data/cases/company-4-34143c6a-6a1b-4864-a68e-0d38c967b901-466916.json,KEEP_GENERATED_REVIEW,NO_IF_STATIC_MODE,"Valid static case shard; useful for public/offline results mode but should be generated, not hand-maintained.",Keep only with generator/provenance policy.,2953,90,valid-json,c505da4ba30f
frontend/public/data/cases/company-4-34143c6a-6a1b-4864-a68e-0d38c967b901-466920.json,KEEP_GENERATED_REVIEW,NO_IF_STATIC_MODE,"Valid static case shard; useful for public/offline results mode but should be generated, not hand-maintained.",Keep only with generator/provenance policy.,2278,72,valid-json,d6b6cafbe4cc
frontend/public/data/cases/company-4-34143c6a-6a1b-4864-a68e-0d38c967b901-466927.json,KEEP_GENERATED_REVIEW,NO_IF_STATIC_MODE,"Valid static case shard; useful for public/offline results mode but should be generated, not hand-maintained.",Keep only with generator/provenance policy.,2279,72,valid-json,5c88026dd9dd
frontend/public/data/cases/company-4-34143c6a-6a1b-4864-a68e-0d38c967b901-466930.json,KEEP_GENERATED_REVIEW,NO_IF_STATIC_MODE,"Valid static case shard; useful for public/offline results mode but should be generated, not hand-maintained.",Keep only with generator/provenance policy.,2243,72,valid-json,cfcc5e83bb48
frontend/public/data/cases/company-4-34143c6a-6a1b-4864-a68e-0d38c967b901-466936.json,KEEP_GENERATED_REVIEW,NO_IF_STATIC_MODE,"Valid static case shard; useful for public/offline results mode but should be generated, not hand-maintained.",Keep only with generator/provenance policy.,2248,72,valid-json,98149472ab93
frontend/public/data/cases/company-4-34143c6a-6a1b-4864-a68e-0d38c967b901-466951.json,KEEP_GENERATED_REVIEW,NO_IF_STATIC_MODE,"Valid static case shard; useful for public/offline results mode but should be generated, not hand-maintained.",Keep only with generator/provenance policy.,2942,90,valid-json,1205202c25b7
frontend/public/data/cases/company-4-34143c6a-6a1b-4864-a68e-0d38c967b901-466960.json,KEEP_GENERATED_REVIEW,NO_IF_STATIC_MODE,"Valid static case shard; useful for public/offline results mode but should be generated, not hand-maintained.",Keep only with generator/provenance policy.,2278,72,valid-json,dd78cefdebb1
frontend/public/data/cases/company-4-34143c6a-6a1b-4864-a68e-0d38c967b901-466975.json,KEEP_GENERATED_REVIEW,NO_IF_STATIC_MODE,"Valid static case shard; useful for public/offline results mode but should be generated, not hand-maintained.",Keep only with generator/provenance policy.,2273,72,valid-json,60221da32abb
frontend/public/data/cases/company-4-34143c6a-6a1b-4864-a68e-0d38c967b901-466977.json,KEEP_GENERATED_REVIEW,NO_IF_STATIC_MODE,"Valid static case shard; useful for public/offline results mode but should be generated, not hand-maintained.",Keep only with generator/provenance policy.,2389,72,valid-json,8cff7f7133fc
frontend/public/data/cases/company-4-34143c6a-6a1b-4864-a68e-0d38c967b901-467076.json,KEEP_GENERATED_REVIEW,NO_IF_STATIC_MODE,"Valid static case shard; useful for public/offline results mode but should be generated, not hand-maintained.",Keep only with generator/provenance policy.,2272,72,valid-json,572cf29964ea
frontend/public/data/cases/company-4-34143c6a-6a1b-4864-a68e-0d38c967b901-467083.json,KEEP_GENERATED_REVIEW,NO_IF_STATIC_MODE,"Valid static case shard; useful for public/offline results mode but should be generated, not hand-maintained.",Keep only with generator/provenance policy.,2883,90,valid-json,0c1de408c0d2
frontend/public/data/cases/company-4-34143c6a-6a1b-4864-a68e-0d38c967b901-467111.json,KEEP_GENERATED_REVIEW,NO_IF_STATIC_MODE,"Valid static case shard; useful for public/offline results mode but should be generated, not hand-maintained.",Keep only with generator/provenance policy.,2342,72,valid-json,bd7e4fd035ce
frontend/public/data/cases/company-4-34143c6a-6a1b-4864-a68e-0d38c967b901-467112.json,KEEP_GENERATED_REVIEW,NO_IF_STATIC_MODE,"Valid static case shard; useful for public/offline results mode but should be generated, not hand-maintained.",Keep only with generator/provenance policy.,2262,72,valid-json,f7be829f8b9f
frontend/public/data/cases/company-4-34143c6a-6a1b-4864-a68e-0d38c967b901-467114.json,KEEP_GENERATED_REVIEW,NO_IF_STATIC_MODE,"Valid static case shard; useful for public/offline results mode but should be generated, not hand-maintained.",Keep only with generator/provenance policy.,2324,72,valid-json,ce2f093594b2
frontend/public/data/cases/company-4-34143c6a-6a1b-4864-a68e-0d38c967b901-467115.json,KEEP_GENERATED_REVIEW,NO_IF_STATIC_MODE,"Valid static case shard; useful for public/offline results mode but should be generated, not hand-maintained.",Keep only with generator/provenance policy.,2254,72,valid-json,a4e33f0f0f16
frontend/public/data/cases/company-4-34143c6a-6a1b-4864-a68e-0d38c967b901-467118.json,KEEP_GENERATED_REVIEW,NO_IF_STATIC_MODE,"Valid static case shard; useful for public/offline results mode but should be generated, not hand-maintained.",Keep only with generator/provenance policy.,2258,72,valid-json,2efb1908c2c3
frontend/public/data/cases/company-4-34143c6a-6a1b-4864-a68e-0d38c967b901-467132.json,KEEP_GENERATED_REVIEW,NO_IF_STATIC_MODE,"Valid static case shard; useful for public/offline results mode but should be generated, not hand-maintained.",Keep only with generator/provenance policy.,2249,72,valid-json,283b31bf5075
frontend/public/data/cases/company-4-34143c6a-6a1b-4864-a68e-0d38c967b901-467219.json,KEEP_GENERATED_REVIEW,NO_IF_STATIC_MODE,"Valid static case shard; useful for public/offline results mode but should be generated, not hand-maintained.",Keep only with generator/provenance policy.,2265,72,valid-json,67ff71e3d6e5
frontend/public/data/cases/company-4-34143c6a-6a1b-4864-a68e-0d38c967b901-467260.json,KEEP_GENERATED_REVIEW,NO_IF_STATIC_MODE,"Valid static case shard; useful for public/offline results mode but should be generated, not hand-maintained.",Keep only with generator/provenance policy.,2352,72,valid-json,b69fafadc425
frontend/public/data/cases/company-4-34143c6a-6a1b-4864-a68e-0d38c967b901-467263.json,KEEP_GENERATED_REVIEW,NO_IF_STATIC_MODE,"Valid static case shard; useful for public/offline results mode but should be generated, not hand-maintained.",Keep only with generator/provenance policy.,2291,72,valid-json,828ef67ef05e
frontend/public/data/cases/company-4-34143c6a-6a1b-4864-a68e-0d38c967b901-467353.json,KEEP_GENERATED_REVIEW,NO_IF_STATIC_MODE,"Valid static case shard; useful for public/offline results mode but should be generated, not hand-maintained.",Keep only with generator/provenance policy.,2367,72,valid-json,1976ab3f023c
frontend/public/data/cases/company-4-34143c6a-6a1b-4864-a68e-0d38c967b901-467358.json,KEEP_GENERATED_REVIEW,NO_IF_STATIC_MODE,"Valid static case shard; useful for public/offline results mode but should be generated, not hand-maintained.",Keep only with generator/provenance policy.,2261,72,valid-json,ed3ddf932703
frontend/public/data/cases/company-4-34143c6a-6a1b-4864-a68e-0d38c967b901-467382.json,KEEP_GENERATED_REVIEW,NO_IF_STATIC_MODE,"Valid static case shard; useful for public/offline results mode but should be generated, not hand-maintained.",Keep only with generator/provenance policy.,2257,72,valid-json,1a86571c7564
frontend/public/data/cases/company-4-34143c6a-6a1b-4864-a68e-0d38c967b901-467412.json,KEEP_GENERATED_REVIEW,NO_IF_STATIC_MODE,"Valid static case shard; useful for public/offline results mode but should be generated, not hand-maintained.",Keep only with generator/provenance policy.,2263,72,valid-json,16417b32732d
frontend/public/data/cases/company-4-34143c6a-6a1b-4864-a68e-0d38c967b901-467504.json,KEEP_GENERATED_REVIEW,NO_IF_STATIC_MODE,"Valid static case shard; useful for public/offline results mode but should be generated, not hand-maintained.",Keep only with generator/provenance policy.,2271,72,valid-json,8723e7640672
frontend/public/data/cases/company-4-34143c6a-6a1b-4864-a68e-0d38c967b901-467508.json,KEEP_GENERATED_REVIEW,NO_IF_STATIC_MODE,"Valid static case shard; useful for public/offline results mode but should be generated, not hand-maintained.",Keep only with generator/provenance policy.,2273,72,valid-json,73c64abbab41
frontend/public/data/cases/company-4-34143c6a-6a1b-4864-a68e-0d38c967b901-467512.json,KEEP_GENERATED_REVIEW,NO_IF_STATIC_MODE,"Valid static case shard; useful for public/offline results mode but should be generated, not hand-maintained.",Keep only with generator/provenance policy.,2284,72,valid-json,33a2fa2867f6
frontend/public/data/cases/company-4-34143c6a-6a1b-4864-a68e-0d38c967b901-467533.json,KEEP_GENERATED_REVIEW,NO_IF_STATIC_MODE,"Valid static case shard; useful for public/offline results mode but should be generated, not hand-maintained.",Keep only with generator/provenance policy.,2287,72,valid-json,5b2c725934f5
frontend/public/data/cases/company-4-34143c6a-6a1b-4864-a68e-0d38c967b901-467592.json,KEEP_GENERATED_REVIEW,NO_IF_STATIC_MODE,"Valid static case shard; useful for public/offline results mode but should be generated, not hand-maintained.",Keep only with generator/provenance policy.,2265,72,valid-json,287ea087ef60
frontend/public/data/cases/company-4-34143c6a-6a1b-4864-a68e-0d38c967b901-467694.json,KEEP_GENERATED_REVIEW,NO_IF_STATIC_MODE,"Valid static case shard; useful for public/offline results mode but should be generated, not hand-maintained.",Keep only with generator/provenance policy.,2283,72,valid-json,9c4d559c55ea
frontend/public/data/cases/company-4-34143c6a-6a1b-4864-a68e-0d38c967b901-467705.json,KEEP_GENERATED_REVIEW,NO_IF_STATIC_MODE,"Valid static case shard; useful for public/offline results mode but should be generated, not hand-maintained.",Keep only with generator/provenance policy.,2269,72,valid-json,b7c16137ed76
frontend/public/data/cases/company-4-34143c6a-6a1b-4864-a68e-0d38c967b901-467707.json,KEEP_GENERATED_REVIEW,NO_IF_STATIC_MODE,"Valid static case shard; useful for public/offline results mode but should be generated, not hand-maintained.",Keep only with generator/provenance policy.,2261,72,valid-json,b585788b6f09
frontend/public/data/cases/company-4-34143c6a-6a1b-4864-a68e-0d38c967b901-467724.json,KEEP_GENERATED_REVIEW,NO_IF_STATIC_MODE,"Valid static case shard; useful for public/offline results mode but should be generated, not hand-maintained.",Keep only with generator/provenance policy.,2275,72,valid-json,aa5f9353df2c
frontend/public/data/cases/company-4-34143c6a-6a1b-4864-a68e-0d38c967b901-467725.json,KEEP_GENERATED_REVIEW,NO_IF_STATIC_MODE,"Valid static case shard; useful for public/offline results mode but should be generated, not hand-maintained.",Keep only with generator/provenance policy.,2275,72,valid-json,ebb09c0cbeb8
frontend/public/data/cases/company-4-34143c6a-6a1b-4864-a68e-0d38c967b901-467746.json,KEEP_GENERATED_REVIEW,NO_IF_STATIC_MODE,"Valid static case shard; useful for public/offline results mode but should be generated, not hand-maintained.",Keep only with generator/provenance policy.,2269,72,valid-json,4ba965edae72
frontend/public/data/cases/company-4-34143c6a-6a1b-4864-a68e-0d38c967b901-467751.json,KEEP_GENERATED_REVIEW,NO_IF_STATIC_MODE,"Valid static case shard; useful for public/offline results mode but should be generated, not hand-maintained.",Keep only with generator/provenance policy.,2273,72,valid-json,0d9ffb892f79
frontend/public/data/cases/company-4-34143c6a-6a1b-4864-a68e-0d38c967b901-467753.json,KEEP_GENERATED_REVIEW,NO_IF_STATIC_MODE,"Valid static case shard; useful for public/offline results mode but should be generated, not hand-maintained.",Keep only with generator/provenance policy.,2283,72,valid-json,20a369be9aa8
frontend/public/data/cases/company-4-34143c6a-6a1b-4864-a68e-0d38c967b901-467756.json,KEEP_GENERATED_REVIEW,NO_IF_STATIC_MODE,"Valid static case shard; useful for public/offline results mode but should be generated, not hand-maintained.",Keep only with generator/provenance policy.,2291,72,valid-json,c830a4848e54
frontend/public/data/cases/company-4-34143c6a-6a1b-4864-a68e-0d38c967b901-467757.json,KEEP_GENERATED_REVIEW,NO_IF_STATIC_MODE,"Valid static case shard; useful for public/offline results mode but should be generated, not hand-maintained.",Keep only with generator/provenance policy.,2267,72,valid-json,1cb704e2a0bc
frontend/public/data/cases/company-4-34143c6a-6a1b-4864-a68e-0d38c967b901-467759.json,KEEP_GENERATED_REVIEW,NO_IF_STATIC_MODE,"Valid static case shard; useful for public/offline results mode but should be generated, not hand-maintained.",Keep only with generator/provenance policy.,2283,72,valid-json,67b5c0f6ebd7
frontend/public/data/cases/company-4-34143c6a-6a1b-4864-a68e-0d38c967b901-467763.json,KEEP_GENERATED_REVIEW,NO_IF_STATIC_MODE,"Valid static case shard; useful for public/offline results mode but should be generated, not hand-maintained.",Keep only with generator/provenance policy.,2269,72,valid-json,c3c1dd6acf21
frontend/public/data/cases/company-4-34143c6a-6a1b-4864-a68e-0d38c967b901-467767.json,KEEP_GENERATED_REVIEW,NO_IF_STATIC_MODE,"Valid static case shard; useful for public/offline results mode but should be generated, not hand-maintained.",Keep only with generator/provenance policy.,2279,72,valid-json,895e744914f0
frontend/public/data/cases/company-4-34143c6a-6a1b-4864-a68e-0d38c967b901-467772.json,KEEP_GENERATED_REVIEW,NO_IF_STATIC_MODE,"Valid static case shard; useful for public/offline results mode but should be generated, not hand-maintained.",Keep only with generator/provenance policy.,2273,72,valid-json,95fb85893fa6
frontend/public/data/cases/company-4-34143c6a-6a1b-4864-a68e-0d38c967b901-467775.json,KEEP_GENERATED_REVIEW,NO_IF_STATIC_MODE,"Valid static case shard; useful for public/offline results mode but should be generated, not hand-maintained.",Keep only with generator/provenance policy.,2277,72,valid-json,6aed2a8e06b6
frontend/public/data/cases/company-4-34143c6a-6a1b-4864-a68e-0d38c967b901-467779.json,KEEP_GENERATED_REVIEW,NO_IF_STATIC_MODE,"Valid static case shard; useful for public/offline results mode but should be generated, not hand-maintained.",Keep only with generator/provenance policy.,2275,72,valid-json,eff4571b49cf
frontend/public/data/cases/company-4-34143c6a-6a1b-4864-a68e-0d38c967b901-467783.json,KEEP_GENERATED_REVIEW,NO_IF_STATIC_MODE,"Valid static case shard; useful for public/offline results mode but should be generated, not hand-maintained.",Keep only with generator/provenance policy.,2273,72,valid-json,af45fe0be37b
frontend/public/data/cases/company-4-34143c6a-6a1b-4864-a68e-0d38c967b901-467791.json,KEEP_GENERATED_REVIEW,NO_IF_STATIC_MODE,"Valid static case shard; useful for public/offline results mode but should be generated, not hand-maintained.",Keep only with generator/provenance policy.,2279,72,valid-json,bb5e41db2b04
frontend/public/data/cases/company-4-34143c6a-6a1b-4864-a68e-0d38c967b901-467799.json,KEEP_GENERATED_REVIEW,NO_IF_STATIC_MODE,"Valid static case shard; useful for public/offline results mode but should be generated, not hand-maintained.",Keep only with generator/provenance policy.,2273,72,valid-json,0a8d33db9e33
frontend/public/data/cases/company-4-34143c6a-6a1b-4864-a68e-0d38c967b901-467813.json,KEEP_GENERATED_REVIEW,NO_IF_STATIC_MODE,"Valid static case shard; useful for public/offline results mode but should be generated, not hand-maintained.",Keep only with generator/provenance policy.,2287,72,valid-json,19703aaa7c08
frontend/public/data/cases/company-4-34143c6a-6a1b-4864-a68e-0d38c967b901-467827.json,KEEP_GENERATED_REVIEW,NO_IF_STATIC_MODE,"Valid static case shard; useful for public/offline results mode but should be generated, not hand-maintained.",Keep only with generator/provenance policy.,2273,72,valid-json,57bdddf76474
frontend/public/data/cases/company-4-34143c6a-6a1b-4864-a68e-0d38c967b901-467841.json,KEEP_GENERATED_REVIEW,NO_IF_STATIC_MODE,"Valid static case shard; useful for public/offline results mode but should be generated, not hand-maintained.",Keep only with generator/provenance policy.,2285,72,valid-json,ae652f960252
frontend/public/data/cases/company-4-34143c6a-6a1b-4864-a68e-0d38c967b901-467844.json,KEEP_GENERATED_REVIEW,NO_IF_STATIC_MODE,"Valid static case shard; useful for public/offline results mode but should be generated, not hand-maintained.",Keep only with generator/provenance policy.,2279,72,valid-json,695091a634c5
frontend/public/data/cases/company-4-34143c6a-6a1b-4864-a68e-0d38c967b901-467865.json,KEEP_GENERATED_REVIEW,NO_IF_STATIC_MODE,"Valid static case shard; useful for public/offline results mode but should be generated, not hand-maintained.",Keep only with generator/provenance policy.,2265,72,valid-json,73fe620cf595
frontend/public/data/cases/company-4-34143c6a-6a1b-4864-a68e-0d38c967b901-467879.json,KEEP_GENERATED_REVIEW,NO_IF_STATIC_MODE,"Valid static case shard; useful for public/offline results mode but should be generated, not hand-maintained.",Keep only with generator/provenance policy.,2281,72,valid-json,b12d32398376
frontend/public/data/cases/company-4-34143c6a-6a1b-4864-a68e-0d38c967b901-467881.json,KEEP_GENERATED_REVIEW,NO_IF_STATIC_MODE,"Valid static case shard; useful for public/offline results mode but should be generated, not hand-maintained.",Keep only with generator/provenance policy.,2283,72,valid-json,0e56ee745050
frontend/public/data/cases/company-4-34143c6a-6a1b-4864-a68e-0d38c967b901-467885.json,KEEP_GENERATED_REVIEW,NO_IF_STATIC_MODE,"Valid static case shard; useful for public/offline results mode but should be generated, not hand-maintained.",Keep only with generator/provenance policy.,2281,72,valid-json,7f6ea4d135e9
frontend/public/data/cases/company-4-34143c6a-6a1b-4864-a68e-0d38c967b901-467890.json,KEEP_GENERATED_REVIEW,NO_IF_STATIC_MODE,"Valid static case shard; useful for public/offline results mode but should be generated, not hand-maintained.",Keep only with generator/provenance policy.,2257,72,valid-json,4b3be4acd67f
frontend/public/data/cases/company-4-34143c6a-6a1b-4864-a68e-0d38c967b901-467897.json,KEEP_GENERATED_REVIEW,NO_IF_STATIC_MODE,"Valid static case shard; useful for public/offline results mode but should be generated, not hand-maintained.",Keep only with generator/provenance policy.,2293,72,valid-json,4cb66de0fe94
frontend/public/data/cases/company-4-34143c6a-6a1b-4864-a68e-0d38c967b901-467901.json,KEEP_GENERATED_REVIEW,NO_IF_STATIC_MODE,"Valid static case shard; useful for public/offline results mode but should be generated, not hand-maintained.",Keep only with generator/provenance policy.,2281,72,valid-json,e45cee5c02b5
frontend/public/data/cases/company-4-34143c6a-6a1b-4864-a68e-0d38c967b901-467903.json,KEEP_GENERATED_REVIEW,NO_IF_STATIC_MODE,"Valid static case shard; useful for public/offline results mode but should be generated, not hand-maintained.",Keep only with generator/provenance policy.,2279,72,valid-json,61b428cee926
frontend/public/data/cases/company-4-34143c6a-6a1b-4864-a68e-0d38c967b901-467906.json,KEEP_GENERATED_REVIEW,NO_IF_STATIC_MODE,"Valid static case shard; useful for public/offline results mode but should be generated, not hand-maintained.",Keep only with generator/provenance policy.,2277,72,valid-json,27f64659eabf
frontend/public/data/cases/company-4-34143c6a-6a1b-4864-a68e-0d38c967b901-467907.json,KEEP_GENERATED_REVIEW,NO_IF_STATIC_MODE,"Valid static case shard; useful for public/offline results mode but should be generated, not hand-maintained.",Keep only with generator/provenance policy.,2289,72,valid-json,a3a95da6746e
frontend/public/data/cases/company-4-34143c6a-6a1b-4864-a68e-0d38c967b901-467908.json,KEEP_GENERATED_REVIEW,NO_IF_STATIC_MODE,"Valid static case shard; useful for public/offline results mode but should be generated, not hand-maintained.",Keep only with generator/provenance policy.,2273,72,valid-json,be0445cd8892
frontend/public/data/cases/company-4-34143c6a-6a1b-4864-a68e-0d38c967b901-467918.json,KEEP_GENERATED_REVIEW,NO_IF_STATIC_MODE,"Valid static case shard; useful for public/offline results mode but should be generated, not hand-maintained.",Keep only with generator/provenance policy.,2281,72,valid-json,ed39c14d3632
frontend/public/data/cases/company-4-34143c6a-6a1b-4864-a68e-0d38c967b901-467930.json,KEEP_GENERATED_REVIEW,NO_IF_STATIC_MODE,"Valid static case shard; useful for public/offline results mode but should be generated, not hand-maintained.",Keep only with generator/provenance policy.,2287,72,valid-json,336a24bdb28f
frontend/public/data/cases/company-4-34143c6a-6a1b-4864-a68e-0d38c967b901-467934.json,KEEP_GENERATED_REVIEW,NO_IF_STATIC_MODE,"Valid static case shard; useful for public/offline results mode but should be generated, not hand-maintained.",Keep only with generator/provenance policy.,2285,72,valid-json,7c1f874b6b5e
frontend/public/data/cases/company-4-34143c6a-6a1b-4864-a68e-0d38c967b901-467955.json,KEEP_GENERATED_REVIEW,NO_IF_STATIC_MODE,"Valid static case shard; useful for public/offline results mode but should be generated, not hand-maintained.",Keep only with generator/provenance policy.,2257,72,valid-json,29352543a5d8
frontend/public/data/cases/company-4-34143c6a-6a1b-4864-a68e-0d38c967b901-467959.json,KEEP_GENERATED_REVIEW,NO_IF_STATIC_MODE,"Valid static case shard; useful for public/offline results mode but should be generated, not hand-maintained.",Keep only with generator/provenance policy.,2271,72,valid-json,a46fd7037308
frontend/public/data/cases/company-4-34143c6a-6a1b-4864-a68e-0d38c967b901-467973.json,KEEP_GENERATED_REVIEW,NO_IF_STATIC_MODE,"Valid static case shard; useful for public/offline results mode but should be generated, not hand-maintained.",Keep only with generator/provenance policy.,2277,72,valid-json,cd2b3015e9ab
frontend/public/data/cases/company-4-34143c6a-6a1b-4864-a68e-0d38c967b901-467981.json,KEEP_GENERATED_REVIEW,NO_IF_STATIC_MODE,"Valid static case shard; useful for public/offline results mode but should be generated, not hand-maintained.",Keep only with generator/provenance policy.,2263,72,valid-json,413dd0f39f4e
frontend/public/data/cases/company-4-34143c6a-6a1b-4864-a68e-0d38c967b901-467987.json,KEEP_GENERATED_REVIEW,NO_IF_STATIC_MODE,"Valid static case shard; useful for public/offline results mode but should be generated, not hand-maintained.",Keep only with generator/provenance policy.,2287,72,valid-json,6c848fb61634
frontend/public/data/cases/company-4-34143c6a-6a1b-4864-a68e-0d38c967b901-467994.json,KEEP_GENERATED_REVIEW,NO_IF_STATIC_MODE,"Valid static case shard; useful for public/offline results mode but should be generated, not hand-maintained.",Keep only with generator/provenance policy.,2281,72,valid-json,31c35ac9ab77
frontend/public/data/cases/company-4-34143c6a-6a1b-4864-a68e-0d38c967b901-468018.json,KEEP_GENERATED_REVIEW,NO_IF_STATIC_MODE,"Valid static case shard; useful for public/offline results mode but should be generated, not hand-maintained.",Keep only with generator/provenance policy.,2285,72,valid-json,4d647635a5d8
frontend/public/data/cases/company-4-34143c6a-6a1b-4864-a68e-0d38c967b901-468022.json,KEEP_GENERATED_REVIEW,NO_IF_STATIC_MODE,"Valid static case shard; useful for public/offline results mode but should be generated, not hand-maintained.",Keep only with generator/provenance policy.,2249,72,valid-json,9b83e8b1cce4
frontend/public/data/cases/company-4-34143c6a-6a1b-4864-a68e-0d38c967b901-468026.json,KEEP_GENERATED_REVIEW,NO_IF_STATIC_MODE,"Valid static case shard; useful for public/offline results mode but should be generated, not hand-maintained.",Keep only with generator/provenance policy.,2279,72,valid-json,cab96ac3700c
frontend/public/data/cases/company-4-34143c6a-6a1b-4864-a68e-0d38c967b901-468053.json,KEEP_GENERATED_REVIEW,NO_IF_STATIC_MODE,"Valid static case shard; useful for public/offline results mode but should be generated, not hand-maintained.",Keep only with generator/provenance policy.,2287,72,valid-json,e142591e4fdd
frontend/public/data/cases/company-4-34143c6a-6a1b-4864-a68e-0d38c967b901-468067.json,KEEP_GENERATED_REVIEW,NO_IF_STATIC_MODE,"Valid static case shard; useful for public/offline results mode but should be generated, not hand-maintained.",Keep only with generator/provenance policy.,2283,72,valid-json,5293ae749151
frontend/public/data/cases/company-4-34143c6a-6a1b-4864-a68e-0d38c967b901-468073.json,KEEP_GENERATED_REVIEW,NO_IF_STATIC_MODE,"Valid static case shard; useful for public/offline results mode but should be generated, not hand-maintained.",Keep only with generator/provenance policy.,2253,72,valid-json,7611363e2129
frontend/public/data/cases/company-4-34143c6a-6a1b-4864-a68e-0d38c967b901-468088.json,KEEP_GENERATED_REVIEW,NO_IF_STATIC_MODE,"Valid static case shard; useful for public/offline results mode but should be generated, not hand-maintained.",Keep only with generator/provenance policy.,2277,72,valid-json,0e66b2cbd597
frontend/public/data/cases/company-4-34143c6a-6a1b-4864-a68e-0d38c967b901-468098.json,KEEP_GENERATED_REVIEW,NO_IF_STATIC_MODE,"Valid static case shard; useful for public/offline results mode but should be generated, not hand-maintained.",Keep only with generator/provenance policy.,2271,72,valid-json,68e84857dcf7
frontend/public/data/cases/company-4-34143c6a-6a1b-4864-a68e-0d38c967b901-468103.json,KEEP_GENERATED_REVIEW,NO_IF_STATIC_MODE,"Valid static case shard; useful for public/offline results mode but should be generated, not hand-maintained.",Keep only with generator/provenance policy.,2283,72,valid-json,6513e7a58932
frontend/public/data/cases/company-4-34143c6a-6a1b-4864-a68e-0d38c967b901-468105.json,KEEP_GENERATED_REVIEW,NO_IF_STATIC_MODE,"Valid static case shard; useful for public/offline results mode but should be generated, not hand-maintained.",Keep only with generator/provenance policy.,2267,72,valid-json,93f5b4e58f33
frontend/public/data/cases/company-4-34143c6a-6a1b-4864-a68e-0d38c967b901-468116.json,KEEP_GENERATED_REVIEW,NO_IF_STATIC_MODE,"Valid static case shard; useful for public/offline results mode but should be generated, not hand-maintained.",Keep only with generator/provenance policy.,2281,72,valid-json,ef0f38c2f423
frontend/public/data/cases/company-4-34143c6a-6a1b-4864-a68e-0d38c967b901-468124.json,KEEP_GENERATED_REVIEW,NO_IF_STATIC_MODE,"Valid static case shard; useful for public/offline results mode but should be generated, not hand-maintained.",Keep only with generator/provenance policy.,2291,72,valid-json,772e7492c9d2
frontend/public/data/cases/company-4-34143c6a-6a1b-4864-a68e-0d38c967b901-468137.json,KEEP_GENERATED_REVIEW,NO_IF_STATIC_MODE,"Valid static case shard; useful for public/offline results mode but should be generated, not hand-maintained.",Keep only with generator/provenance policy.,2259,72,valid-json,2f8adc2a44cb
frontend/public/data/cases/company-4-34143c6a-6a1b-4864-a68e-0d38c967b901-468148.json,KEEP_GENERATED_REVIEW,NO_IF_STATIC_MODE,"Valid static case shard; useful for public/offline results mode but should be generated, not hand-maintained.",Keep only with generator/provenance policy.,2283,72,valid-json,6b695fd55051
frontend/public/data/cases/company-4-34143c6a-6a1b-4864-a68e-0d38c967b901-468150.json,KEEP_GENERATED_REVIEW,NO_IF_STATIC_MODE,"Valid static case shard; useful for public/offline results mode but should be generated, not hand-maintained.",Keep only with generator/provenance policy.,2281,72,valid-json,bc2893d92e79
frontend/public/data/cases/company-4-34143c6a-6a1b-4864-a68e-0d38c967b901-468152.json,KEEP_GENERATED_REVIEW,NO_IF_STATIC_MODE,"Valid static case shard; useful for public/offline results mode but should be generated, not hand-maintained.",Keep only with generator/provenance policy.,2285,72,valid-json,db909f88b434
frontend/public/data/cases/company-4-34143c6a-6a1b-4864-a68e-0d38c967b901-468168.json,KEEP_GENERATED_REVIEW,NO_IF_STATIC_MODE,"Valid static case shard; useful for public/offline results mode but should be generated, not hand-maintained.",Keep only with generator/provenance policy.,2249,72,valid-json,12802c01897c
frontend/public/data/cases/company-4-34143c6a-6a1b-4864-a68e-0d38c967b901-468173.json,KEEP_GENERATED_REVIEW,NO_IF_STATIC_MODE,"Valid static case shard; useful for public/offline results mode but should be generated, not hand-maintained.",Keep only with generator/provenance policy.,2279,72,valid-json,4e68eaeab0b0
frontend/public/data/cases/company-4-34143c6a-6a1b-4864-a68e-0d38c967b901-468175.json,KEEP_GENERATED_REVIEW,NO_IF_STATIC_MODE,"Valid static case shard; useful for public/offline results mode but should be generated, not hand-maintained.",Keep only with generator/provenance policy.,2255,72,valid-json,b6b8dc105e1d
frontend/public/data/cases/company-4-34143c6a-6a1b-4864-a68e-0d38c967b901-468198.json,KEEP_GENERATED_REVIEW,NO_IF_STATIC_MODE,"Valid static case shard; useful for public/offline results mode but should be generated, not hand-maintained.",Keep only with generator/provenance policy.,2271,72,valid-json,ba95d8eb4c65
frontend/public/data/cases/company-4-34143c6a-6a1b-4864-a68e-0d38c967b901-468206.json,KEEP_GENERATED_REVIEW,NO_IF_STATIC_MODE,"Valid static case shard; useful for public/offline results mode but should be generated, not hand-maintained.",Keep only with generator/provenance policy.,2407,72,valid-json,080c6696e092
frontend/public/data/cases/company-4-34143c6a-6a1b-4864-a68e-0d38c967b901-468212.json,KEEP_GENERATED_REVIEW,NO_IF_STATIC_MODE,"Valid static case shard; useful for public/offline results mode but should be generated, not hand-maintained.",Keep only with generator/provenance policy.,2280,72,valid-json,da00eda6b1f2
frontend/public/data/cases/company-4-34143c6a-6a1b-4864-a68e-0d38c967b901-468217.json,KEEP_GENERATED_REVIEW,NO_IF_STATIC_MODE,"Valid static case shard; useful for public/offline results mode but should be generated, not hand-maintained.",Keep only with generator/provenance policy.,2319,72,valid-json,c0d7ee21feb1
frontend/public/data/cases/company-4-34143c6a-6a1b-4864-a68e-0d38c967b901-468222.json,KEEP_GENERATED_REVIEW,NO_IF_STATIC_MODE,"Valid static case shard; useful for public/offline results mode but should be generated, not hand-maintained.",Keep only with generator/provenance policy.,2268,72,valid-json,6010bf7997cf
frontend/public/data/cases/company-4-34143c6a-6a1b-4864-a68e-0d38c967b901-468224.json,KEEP_GENERATED_REVIEW,NO_IF_STATIC_MODE,"Valid static case shard; useful for public/offline results mode but should be generated, not hand-maintained.",Keep only with generator/provenance policy.,2362,72,valid-json,53ff5247c7fd
frontend/public/data/cases/company-4-34143c6a-6a1b-4864-a68e-0d38c967b901-468229.json,KEEP_GENERATED_REVIEW,NO_IF_STATIC_MODE,"Valid static case shard; useful for public/offline results mode but should be generated, not hand-maintained.",Keep only with generator/provenance policy.,2249,72,valid-json,b080fe820cc3
frontend/public/data/cases/company-4-34143c6a-6a1b-4864-a68e-0d38c967b901-468230.json,KEEP_GENERATED_REVIEW,NO_IF_STATIC_MODE,"Valid static case shard; useful for public/offline results mode but should be generated, not hand-maintained.",Keep only with generator/provenance policy.,2277,72,valid-json,711f12f0d384
frontend/public/data/cases/company-4-34143c6a-6a1b-4864-a68e-0d38c967b901-468231.json,KEEP_GENERATED_REVIEW,NO_IF_STATIC_MODE,"Valid static case shard; useful for public/offline results mode but should be generated, not hand-maintained.",Keep only with generator/provenance policy.,2283,72,valid-json,b6668fb07064
frontend/public/data/cases/company-4-34143c6a-6a1b-4864-a68e-0d38c967b901-468234.json,KEEP_GENERATED_REVIEW,NO_IF_STATIC_MODE,"Valid static case shard; useful for public/offline results mode but should be generated, not hand-maintained.",Keep only with generator/provenance policy.,2275,72,valid-json,bc1fe7dfc644
frontend/public/data/cases/company-4-34143c6a-6a1b-4864-a68e-0d38c967b901-468238.json,KEEP_GENERATED_REVIEW,NO_IF_STATIC_MODE,"Valid static case shard; useful for public/offline results mode but should be generated, not hand-maintained.",Keep only with generator/provenance policy.,2271,72,valid-json,02eead886ada
frontend/public/data/cases/company-4-34143c6a-6a1b-4864-a68e-0d38c967b901-468240.json,KEEP_GENERATED_REVIEW,NO_IF_STATIC_MODE,"Valid static case shard; useful for public/offline results mode but should be generated, not hand-maintained.",Keep only with generator/provenance policy.,2281,72,valid-json,b2a6ad9184ff
frontend/public/data/cases/company-4-34143c6a-6a1b-4864-a68e-0d38c967b901-468242.json,KEEP_GENERATED_REVIEW,NO_IF_STATIC_MODE,"Valid static case shard; useful for public/offline results mode but should be generated, not hand-maintained.",Keep only with generator/provenance policy.,2271,72,valid-json,8db3f9a3352d
frontend/public/data/cases/company-4-34143c6a-6a1b-4864-a68e-0d38c967b901-468254.json,KEEP_GENERATED_REVIEW,NO_IF_STATIC_MODE,"Valid static case shard; useful for public/offline results mode but should be generated, not hand-maintained.",Keep only with generator/provenance policy.,2929,90,valid-json,9844d20cb352
frontend/public/data/cases/company-4-34143c6a-6a1b-4864-a68e-0d38c967b901-468258.json,KEEP_GENERATED_REVIEW,NO_IF_STATIC_MODE,"Valid static case shard; useful for public/offline results mode but should be generated, not hand-maintained.",Keep only with generator/provenance policy.,2275,72,valid-json,c9c5adce9b2b
frontend/public/data/cases/company-4-34143c6a-6a1b-4864-a68e-0d38c967b901-468277.json,KEEP_GENERATED_REVIEW,NO_IF_STATIC_MODE,"Valid static case shard; useful for public/offline results mode but should be generated, not hand-maintained.",Keep only with generator/provenance policy.,2273,72,valid-json,78e7c81fdfaf
frontend/public/data/cases/company-4-34143c6a-6a1b-4864-a68e-0d38c967b901-468290.json,KEEP_GENERATED_REVIEW,NO_IF_STATIC_MODE,"Valid static case shard; useful for public/offline results mode but should be generated, not hand-maintained.",Keep only with generator/provenance policy.,2240,72,valid-json,6e321785f597
frontend/public/data/cases/company-4-34143c6a-6a1b-4864-a68e-0d38c967b901-468293.json,KEEP_GENERATED_REVIEW,NO_IF_STATIC_MODE,"Valid static case shard; useful for public/offline results mode but should be generated, not hand-maintained.",Keep only with generator/provenance policy.,2280,72,valid-json,274eee24393b
frontend/public/data/cases/company-4-34143c6a-6a1b-4864-a68e-0d38c967b901-468294.json,KEEP_GENERATED_REVIEW,NO_IF_STATIC_MODE,"Valid static case shard; useful for public/offline results mode but should be generated, not hand-maintained.",Keep only with generator/provenance policy.,2338,72,valid-json,77ab16072882
frontend/public/data/cases/company-4-34143c6a-6a1b-4864-a68e-0d38c967b901-468306.json,KEEP_GENERATED_REVIEW,NO_IF_STATIC_MODE,"Valid static case shard; useful for public/offline results mode but should be generated, not hand-maintained.",Keep only with generator/provenance policy.,3542,108,valid-json,50c8b31f4ce2
frontend/public/data/cases/company-4-34143c6a-6a1b-4864-a68e-0d38c967b901-468309.json,KEEP_GENERATED_REVIEW,NO_IF_STATIC_MODE,"Valid static case shard; useful for public/offline results mode but should be generated, not hand-maintained.",Keep only with generator/provenance policy.,2284,72,valid-json,e5531897517c
frontend/public/data/cases/company-4-34143c6a-6a1b-4864-a68e-0d38c967b901-468312.json,KEEP_GENERATED_REVIEW,NO_IF_STATIC_MODE,"Valid static case shard; useful for public/offline results mode but should be generated, not hand-maintained.",Keep only with generator/provenance policy.,2284,72,valid-json,52523d33717a
frontend/public/data/cases/company-4-34143c6a-6a1b-4864-a68e-0d38c967b901-468329.json,KEEP_GENERATED_REVIEW,NO_IF_STATIC_MODE,"Valid static case shard; useful for public/offline results mode but should be generated, not hand-maintained.",Keep only with generator/provenance policy.,2252,72,valid-json,b3473c5cbf8b
frontend/public/data/cases/company-4-34143c6a-6a1b-4864-a68e-0d38c967b901-468343.json,KEEP_GENERATED_REVIEW,NO_IF_STATIC_MODE,"Valid static case shard; useful for public/offline results mode but should be generated, not hand-maintained.",Keep only with generator/provenance policy.,2410,72,valid-json,f5f7e711a07d
frontend/public/data/cases/company-4-34143c6a-6a1b-4864-a68e-0d38c967b901-468345.json,KEEP_GENERATED_REVIEW,NO_IF_STATIC_MODE,"Valid static case shard; useful for public/offline results mode but should be generated, not hand-maintained.",Keep only with generator/provenance policy.,2262,72,valid-json,b8afe91f942d
frontend/public/data/cases/company-4-34143c6a-6a1b-4864-a68e-0d38c967b901-468346.json,KEEP_GENERATED_REVIEW,NO_IF_STATIC_MODE,"Valid static case shard; useful for public/offline results mode but should be generated, not hand-maintained.",Keep only with generator/provenance policy.,2313,72,valid-json,dce4e707a6ce
frontend/public/data/cases/company-4-34143c6a-6a1b-4864-a68e-0d38c967b901-468350.json,KEEP_GENERATED_REVIEW,NO_IF_STATIC_MODE,"Valid static case shard; useful for public/offline results mode but should be generated, not hand-maintained.",Keep only with generator/provenance policy.,2248,72,valid-json,ee04c44229f3
frontend/public/data/cases/company-4-34143c6a-6a1b-4864-a68e-0d38c967b901-468390.json,KEEP_GENERATED_REVIEW,NO_IF_STATIC_MODE,"Valid static case shard; useful for public/offline results mode but should be generated, not hand-maintained.",Keep only with generator/provenance policy.,2362,72,valid-json,0f7891f5436e
frontend/public/data/cases/company-4-34143c6a-6a1b-4864-a68e-0d38c967b901-468393.json,KEEP_GENERATED_REVIEW,NO_IF_STATIC_MODE,"Valid static case shard; useful for public/offline results mode but should be generated, not hand-maintained.",Keep only with generator/provenance policy.,2250,72,valid-json,4d7f4c2f36db
frontend/public/data/cases/company-4-34143c6a-6a1b-4864-a68e-0d38c967b901-468439.json,KEEP_GENERATED_REVIEW,NO_IF_STATIC_MODE,"Valid static case shard; useful for public/offline results mode but should be generated, not hand-maintained.",Keep only with generator/provenance policy.,2365,72,valid-json,634bfb0439db
frontend/public/data/cases/company-4-34143c6a-6a1b-4864-a68e-0d38c967b901-468448.json,KEEP_GENERATED_REVIEW,NO_IF_STATIC_MODE,"Valid static case shard; useful for public/offline results mode but should be generated, not hand-maintained.",Keep only with generator/provenance policy.,2232,72,valid-json,4eef15e2d8df
frontend/public/data/cases/company-4-34143c6a-6a1b-4864-a68e-0d38c967b901-468455.json,KEEP_GENERATED_REVIEW,NO_IF_STATIC_MODE,"Valid static case shard; useful for public/offline results mode but should be generated, not hand-maintained.",Keep only with generator/provenance policy.,2301,72,valid-json,0c5c70e0d273
frontend/public/data/cases/company-4-34143c6a-6a1b-4864-a68e-0d38c967b901-468457.json,KEEP_GENERATED_REVIEW,NO_IF_STATIC_MODE,"Valid static case shard; useful for public/offline results mode but should be generated, not hand-maintained.",Keep only with generator/provenance policy.,2296,72,valid-json,78d08b076cef
frontend/public/data/cases/company-4-34143c6a-6a1b-4864-a68e-0d38c967b901-468465.json,KEEP_GENERATED_REVIEW,NO_IF_STATIC_MODE,"Valid static case shard; useful for public/offline results mode but should be generated, not hand-maintained.",Keep only with generator/provenance policy.,2238,72,valid-json,6329f7a68fed
frontend/public/data/cases/company-4-34143c6a-6a1b-4864-a68e-0d38c967b901-468467.json,KEEP_GENERATED_REVIEW,NO_IF_STATIC_MODE,"Valid static case shard; useful for public/offline results mode but should be generated, not hand-maintained.",Keep only with generator/provenance policy.,3553,108,valid-json,b1115bb3b4c0
frontend/public/data/cases/company-4-34143c6a-6a1b-4864-a68e-0d38c967b901-468524.json,KEEP_GENERATED_REVIEW,NO_IF_STATIC_MODE,"Valid static case shard; useful for public/offline results mode but should be generated, not hand-maintained.",Keep only with generator/provenance policy.,2301,72,valid-json,4d767ab0c99c
frontend/public/data/cases/company-4-34143c6a-6a1b-4864-a68e-0d38c967b901-468539.json,KEEP_GENERATED_REVIEW,NO_IF_STATIC_MODE,"Valid static case shard; useful for public/offline results mode but should be generated, not hand-maintained.",Keep only with generator/provenance policy.,2289,72,valid-json,59685d09b878
frontend/public/data/cases/company-4-34143c6a-6a1b-4864-a68e-0d38c967b901-468546.json,KEEP_GENERATED_REVIEW,NO_IF_STATIC_MODE,"Valid static case shard; useful for public/offline results mode but should be generated, not hand-maintained.",Keep only with generator/provenance policy.,2291,72,valid-json,6ad20395c077
frontend/public/data/cases/company-4-34143c6a-6a1b-4864-a68e-0d38c967b901-468549.json,KEEP_GENERATED_REVIEW,NO_IF_STATIC_MODE,"Valid static case shard; useful for public/offline results mode but should be generated, not hand-maintained.",Keep only with generator/provenance policy.,2293,72,valid-json,efe166e17e3f
frontend/public/data/cases/company-4-34143c6a-6a1b-4864-a68e-0d38c967b901-468563.json,KEEP_GENERATED_REVIEW,NO_IF_STATIC_MODE,"Valid static case shard; useful for public/offline results mode but should be generated, not hand-maintained.",Keep only with generator/provenance policy.,2261,72,valid-json,494e7490a8a2
frontend/public/data/cases/company-4-34143c6a-6a1b-4864-a68e-0d38c967b901-468565.json,KEEP_GENERATED_REVIEW,NO_IF_STATIC_MODE,"Valid static case shard; useful for public/offline results mode but should be generated, not hand-maintained.",Keep only with generator/provenance policy.,2295,72,valid-json,aee289d6af68
frontend/public/data/cases/company-4-34143c6a-6a1b-4864-a68e-0d38c967b901-468568.json,KEEP_GENERATED_REVIEW,NO_IF_STATIC_MODE,"Valid static case shard; useful for public/offline results mode but should be generated, not hand-maintained.",Keep only with generator/provenance policy.,2304,72,valid-json,d2930546fcbf
frontend/public/data/cases/company-4-34143c6a-6a1b-4864-a68e-0d38c967b901-468589.json,KEEP_GENERATED_REVIEW,NO_IF_STATIC_MODE,"Valid static case shard; useful for public/offline results mode but should be generated, not hand-maintained.",Keep only with generator/provenance policy.,2295,72,valid-json,4e9eeb82d38a
frontend/public/data/cases/company-4-34143c6a-6a1b-4864-a68e-0d38c967b901-468595.json,KEEP_GENERATED_REVIEW,NO_IF_STATIC_MODE,"Valid static case shard; useful for public/offline results mode but should be generated, not hand-maintained.",Keep only with generator/provenance policy.,2295,72,valid-json,666678422fd0
frontend/public/data/cases/company-4-34143c6a-6a1b-4864-a68e-0d38c967b901-468606.json,KEEP_GENERATED_REVIEW,NO_IF_STATIC_MODE,"Valid static case shard; useful for public/offline results mode but should be generated, not hand-maintained.",Keep only with generator/provenance policy.,2279,72,valid-json,cf4e815d3c71
frontend/public/data/cases/company-4-34143c6a-6a1b-4864-a68e-0d38c967b901-468613.json,KEEP_GENERATED_REVIEW,NO_IF_STATIC_MODE,"Valid static case shard; useful for public/offline results mode but should be generated, not hand-maintained.",Keep only with generator/provenance policy.,3736,116,valid-json,4910fb39c194
frontend/public/data/cases/company-4-34143c6a-6a1b-4864-a68e-0d38c967b901-468637.json,KEEP_GENERATED_REVIEW,NO_IF_STATIC_MODE,"Valid static case shard; useful for public/offline results mode but should be generated, not hand-maintained.",Keep only with generator/provenance policy.,2297,72,valid-json,653c9d67bd68
frontend/public/data/cases/company-4-34143c6a-6a1b-4864-a68e-0d38c967b901-468643.json,KEEP_GENERATED_REVIEW,NO_IF_STATIC_MODE,"Valid static case shard; useful for public/offline results mode but should be generated, not hand-maintained.",Keep only with generator/provenance policy.,2283,72,valid-json,266342fe275f
frontend/public/data/cases/company-4-34143c6a-6a1b-4864-a68e-0d38c967b901-468644.json,KEEP_GENERATED_REVIEW,NO_IF_STATIC_MODE,"Valid static case shard; useful for public/offline results mode but should be generated, not hand-maintained.",Keep only with generator/provenance policy.,2283,72,valid-json,8e5fbb5c3ce4
frontend/public/data/cases/company-4-34143c6a-6a1b-4864-a68e-0d38c967b901-468645.json,KEEP_GENERATED_REVIEW,NO_IF_STATIC_MODE,"Valid static case shard; useful for public/offline results mode but should be generated, not hand-maintained.",Keep only with generator/provenance policy.,2287,72,valid-json,92089f2bbdde
frontend/public/data/cases/company-4-34143c6a-6a1b-4864-a68e-0d38c967b901-468667.json,KEEP_GENERATED_REVIEW,NO_IF_STATIC_MODE,"Valid static case shard; useful for public/offline results mode but should be generated, not hand-maintained.",Keep only with generator/provenance policy.,2289,72,valid-json,f5c3c287b470
frontend/public/data/cases/company-4-34143c6a-6a1b-4864-a68e-0d38c967b901-468670.json,KEEP_GENERATED_REVIEW,NO_IF_STATIC_MODE,"Valid static case shard; useful for public/offline results mode but should be generated, not hand-maintained.",Keep only with generator/provenance policy.,2305,72,valid-json,51c6c2bb483a
frontend/public/data/cases/company-4-34143c6a-6a1b-4864-a68e-0d38c967b901-468675.json,KEEP_GENERATED_REVIEW,NO_IF_STATIC_MODE,"Valid static case shard; useful for public/offline results mode but should be generated, not hand-maintained.",Keep only with generator/provenance policy.,2273,72,valid-json,11ba61e83f86
frontend/public/data/cases/company-4-34143c6a-6a1b-4864-a68e-0d38c967b901-468677.json,KEEP_GENERATED_REVIEW,NO_IF_STATIC_MODE,"Valid static case shard; useful for public/offline results mode but should be generated, not hand-maintained.",Keep only with generator/provenance policy.,2307,72,valid-json,c4fb0b2e02d4
frontend/public/data/cases/company-4-34143c6a-6a1b-4864-a68e-0d38c967b901-468680.json,KEEP_GENERATED_REVIEW,NO_IF_STATIC_MODE,"Valid static case shard; useful for public/offline results mode but should be generated, not hand-maintained.",Keep only with generator/provenance policy.,2886,90,valid-json,61e69d908e59
frontend/public/data/cases/company-4-34143c6a-6a1b-4864-a68e-0d38c967b901-468682.json,KEEP_GENERATED_REVIEW,NO_IF_STATIC_MODE,"Valid static case shard; useful for public/offline results mode but should be generated, not hand-maintained.",Keep only with generator/provenance policy.,2311,72,valid-json,9d20b28a9d4f
frontend/public/data/cases/company-4-34143c6a-6a1b-4864-a68e-0d38c967b901-468693.json,KEEP_GENERATED_REVIEW,NO_IF_STATIC_MODE,"Valid static case shard; useful for public/offline results mode but should be generated, not hand-maintained.",Keep only with generator/provenance policy.,2293,72,valid-json,e258c805f472
frontend/public/data/cases/company-4-34143c6a-6a1b-4864-a68e-0d38c967b901-468712.json,KEEP_GENERATED_REVIEW,NO_IF_STATIC_MODE,"Valid static case shard; useful for public/offline results mode but should be generated, not hand-maintained.",Keep only with generator/provenance policy.,2291,72,valid-json,6bc62a03608a
frontend/public/data/cases/company-4-34143c6a-6a1b-4864-a68e-0d38c967b901-468714.json,KEEP_GENERATED_REVIEW,NO_IF_STATIC_MODE,"Valid static case shard; useful for public/offline results mode but should be generated, not hand-maintained.",Keep only with generator/provenance policy.,2305,72,valid-json,64a5ed452336
frontend/public/data/cases/company-4-34143c6a-6a1b-4864-a68e-0d38c967b901-468731.json,KEEP_GENERATED_REVIEW,NO_IF_STATIC_MODE,"Valid static case shard; useful for public/offline results mode but should be generated, not hand-maintained.",Keep only with generator/provenance policy.,2289,72,valid-json,468a79f736fa
frontend/public/data/cases/company-4-34143c6a-6a1b-4864-a68e-0d38c967b901-468785.json,KEEP_GENERATED_REVIEW,NO_IF_STATIC_MODE,"Valid static case shard; useful for public/offline results mode but should be generated, not hand-maintained.",Keep only with generator/provenance policy.,2285,72,valid-json,8d019ef9fd37
frontend/public/data/cases/company-4-34143c6a-6a1b-4864-a68e-0d38c967b901-468790.json,KEEP_GENERATED_REVIEW,NO_IF_STATIC_MODE,"Valid static case shard; useful for public/offline results mode but should be generated, not hand-maintained.",Keep only with generator/provenance policy.,2285,72,valid-json,65ccf2aa05c0
frontend/public/data/cases/company-4-34143c6a-6a1b-4864-a68e-0d38c967b901-468792.json,KEEP_GENERATED_REVIEW,NO_IF_STATIC_MODE,"Valid static case shard; useful for public/offline results mode but should be generated, not hand-maintained.",Keep only with generator/provenance policy.,2297,72,valid-json,249778d89382
frontend/public/data/cases/company-4-34143c6a-6a1b-4864-a68e-0d38c967b901-468805.json,KEEP_GENERATED_REVIEW,NO_IF_STATIC_MODE,"Valid static case shard; useful for public/offline results mode but should be generated, not hand-maintained.",Keep only with generator/provenance policy.,2305,72,valid-json,112f5bc7a76f
frontend/public/data/cases/company-4-34143c6a-6a1b-4864-a68e-0d38c967b901-468807.json,KEEP_GENERATED_REVIEW,NO_IF_STATIC_MODE,"Valid static case shard; useful for public/offline results mode but should be generated, not hand-maintained.",Keep only with generator/provenance policy.,2304,72,valid-json,4243ae63c831
frontend/public/data/cases/company-4-34143c6a-6a1b-4864-a68e-0d38c967b901-468829.json,KEEP_GENERATED_REVIEW,NO_IF_STATIC_MODE,"Valid static case shard; useful for public/offline results mode but should be generated, not hand-maintained.",Keep only with generator/provenance policy.,2283,72,valid-json,04b9af38bc31
frontend/public/data/cases/company-4-34143c6a-6a1b-4864-a68e-0d38c967b901-468848.json,KEEP_GENERATED_REVIEW,NO_IF_STATIC_MODE,"Valid static case shard; useful for public/offline results mode but should be generated, not hand-maintained.",Keep only with generator/provenance policy.,2280,72,valid-json,06b60027a4a1
frontend/public/data/cases/company-4-34143c6a-6a1b-4864-a68e-0d38c967b901-468853.json,KEEP_GENERATED_REVIEW,NO_IF_STATIC_MODE,"Valid static case shard; useful for public/offline results mode but should be generated, not hand-maintained.",Keep only with generator/provenance policy.,2267,72,valid-json,6ad677cb88f4
frontend/public/data/cases/company-4-34143c6a-6a1b-4864-a68e-0d38c967b901-468894.json,KEEP_GENERATED_REVIEW,NO_IF_STATIC_MODE,"Valid static case shard; useful for public/offline results mode but should be generated, not hand-maintained.",Keep only with generator/provenance policy.,2259,72,valid-json,d5af8d6c15aa
frontend/public/data/cases/company-4-34143c6a-6a1b-4864-a68e-0d38c967b901-468901.json,KEEP_GENERATED_REVIEW,NO_IF_STATIC_MODE,"Valid static case shard; useful for public/offline results mode but should be generated, not hand-maintained.",Keep only with generator/provenance policy.,2303,72,valid-json,756a303685b1
frontend/public/data/cases/company-4-34143c6a-6a1b-4864-a68e-0d38c967b901-468904.json,KEEP_GENERATED_REVIEW,NO_IF_STATIC_MODE,"Valid static case shard; useful for public/offline results mode but should be generated, not hand-maintained.",Keep only with generator/provenance policy.,2299,72,valid-json,20484ac62269
frontend/public/data/cases/company-4-34143c6a-6a1b-4864-a68e-0d38c967b901-468998.json,KEEP_GENERATED_REVIEW,NO_IF_STATIC_MODE,"Valid static case shard; useful for public/offline results mode but should be generated, not hand-maintained.",Keep only with generator/provenance policy.,2260,72,valid-json,e96f1b67f99d
frontend/public/data/cases/company-4-34143c6a-6a1b-4864-a68e-0d38c967b901-468999.json,KEEP_GENERATED_REVIEW,NO_IF_STATIC_MODE,"Valid static case shard; useful for public/offline results mode but should be generated, not hand-maintained.",Keep only with generator/provenance policy.,3512,108,valid-json,c965f47ab065
frontend/public/data/cases/company-4-34143c6a-6a1b-4864-a68e-0d38c967b901-469001.json,KEEP_GENERATED_REVIEW,NO_IF_STATIC_MODE,"Valid static case shard; useful for public/offline results mode but should be generated, not hand-maintained.",Keep only with generator/provenance policy.,2279,72,valid-json,7a96274d2c56
frontend/public/data/cases/company-4-34143c6a-6a1b-4864-a68e-0d38c967b901-469003.json,KEEP_GENERATED_REVIEW,NO_IF_STATIC_MODE,"Valid static case shard; useful for public/offline results mode but should be generated, not hand-maintained.",Keep only with generator/provenance policy.,2273,72,valid-json,19268edd83b0
frontend/public/data/cases/company-4-34143c6a-6a1b-4864-a68e-0d38c967b901-469043.json,KEEP_GENERATED_REVIEW,NO_IF_STATIC_MODE,"Valid static case shard; useful for public/offline results mode but should be generated, not hand-maintained.",Keep only with generator/provenance policy.,2944,90,valid-json,ea725dec477e
frontend/public/data/cases/company-4-34143c6a-6a1b-4864-a68e-0d38c967b901-469062.json,KEEP_GENERATED_REVIEW,NO_IF_STATIC_MODE,"Valid static case shard; useful for public/offline results mode but should be generated, not hand-maintained.",Keep only with generator/provenance policy.,2275,72,valid-json,9e4522fcffaa
frontend/public/data/cases/company-4-34143c6a-6a1b-4864-a68e-0d38c967b901-469071.json,KEEP_GENERATED_REVIEW,NO_IF_STATIC_MODE,"Valid static case shard; useful for public/offline results mode but should be generated, not hand-maintained.",Keep only with generator/provenance policy.,2301,72,valid-json,f1bcab1a19ec
frontend/public/data/cases/company-4-34143c6a-6a1b-4864-a68e-0d38c967b901-469074.json,KEEP_GENERATED_REVIEW,NO_IF_STATIC_MODE,"Valid static case shard; useful for public/offline results mode but should be generated, not hand-maintained.",Keep only with generator/provenance policy.,2257,72,valid-json,9d6831221dbe
frontend/public/data/cases/company-4-34143c6a-6a1b-4864-a68e-0d38c967b901-469075.json,KEEP_GENERATED_REVIEW,NO_IF_STATIC_MODE,"Valid static case shard; useful for public/offline results mode but should be generated, not hand-maintained.",Keep only with generator/provenance policy.,2265,72,valid-json,9a90eb24976d
frontend/public/data/cases/company-4-34143c6a-6a1b-4864-a68e-0d38c967b901-469078.json,KEEP_GENERATED_REVIEW,NO_IF_STATIC_MODE,"Valid static case shard; useful for public/offline results mode but should be generated, not hand-maintained.",Keep only with generator/provenance policy.,2269,72,valid-json,9d70f50d9ac2
frontend/public/data/cases/company-4-34143c6a-6a1b-4864-a68e-0d38c967b901-469100.json,KEEP_GENERATED_REVIEW,NO_IF_STATIC_MODE,"Valid static case shard; useful for public/offline results mode but should be generated, not hand-maintained.",Keep only with generator/provenance policy.,2259,72,valid-json,2b9f35a8db26
frontend/public/data/cases/company-4-34143c6a-6a1b-4864-a68e-0d38c967b901-469105.json,KEEP_GENERATED_REVIEW,NO_IF_STATIC_MODE,"Valid static case shard; useful for public/offline results mode but should be generated, not hand-maintained.",Keep only with generator/provenance policy.,2275,72,valid-json,92fa523583e0
frontend/public/data/cases/company-4-34143c6a-6a1b-4864-a68e-0d38c967b901-469107.json,KEEP_GENERATED_REVIEW,NO_IF_STATIC_MODE,"Valid static case shard; useful for public/offline results mode but should be generated, not hand-maintained.",Keep only with generator/provenance policy.,2326,72,valid-json,4d9fa504d300
frontend/public/data/cases/company-4-34143c6a-6a1b-4864-a68e-0d38c967b901-469114.json,KEEP_GENERATED_REVIEW,NO_IF_STATIC_MODE,"Valid static case shard; useful for public/offline results mode but should be generated, not hand-maintained.",Keep only with generator/provenance policy.,2271,72,valid-json,3c959ea91a34
frontend/public/data/cases/company-4-34143c6a-6a1b-4864-a68e-0d38c967b901-469116.json,KEEP_GENERATED_REVIEW,NO_IF_STATIC_MODE,"Valid static case shard; useful for public/offline results mode but should be generated, not hand-maintained.",Keep only with generator/provenance policy.,2255,72,valid-json,345dbd91e8d4
frontend/public/data/cases/company-4-34143c6a-6a1b-4864-a68e-0d38c967b901-469123.json,KEEP_GENERATED_REVIEW,NO_IF_STATIC_MODE,"Valid static case shard; useful for public/offline results mode but should be generated, not hand-maintained.",Keep only with generator/provenance policy.,2352,72,valid-json,9f12071c38f5
frontend/public/data/cases/company-4-34143c6a-6a1b-4864-a68e-0d38c967b901-469131.json,KEEP_GENERATED_REVIEW,NO_IF_STATIC_MODE,"Valid static case shard; useful for public/offline results mode but should be generated, not hand-maintained.",Keep only with generator/provenance policy.,2296,72,valid-json,95ec8c25cd19
frontend/public/data/cases/company-4-34143c6a-6a1b-4864-a68e-0d38c967b901-469132.json,KEEP_GENERATED_REVIEW,NO_IF_STATIC_MODE,"Valid static case shard; useful for public/offline results mode but should be generated, not hand-maintained.",Keep only with generator/provenance policy.,2286,72,valid-json,366cea577b4e
frontend/public/data/cases/company-4-34143c6a-6a1b-4864-a68e-0d38c967b901-469133.json,KEEP_GENERATED_REVIEW,NO_IF_STATIC_MODE,"Valid static case shard; useful for public/offline results mode but should be generated, not hand-maintained.",Keep only with generator/provenance policy.,2262,72,valid-json,50d8211be4ec
frontend/public/data/cases/company-4-34143c6a-6a1b-4864-a68e-0d38c967b901-469143.json,KEEP_GENERATED_REVIEW,NO_IF_STATIC_MODE,"Valid static case shard; useful for public/offline results mode but should be generated, not hand-maintained.",Keep only with generator/provenance policy.,3675,116,valid-json,4d8d393966c5
frontend/public/data/cases/company-4-34143c6a-6a1b-4864-a68e-0d38c967b901-469145.json,KEEP_GENERATED_REVIEW,NO_IF_STATIC_MODE,"Valid static case shard; useful for public/offline results mode but should be generated, not hand-maintained.",Keep only with generator/provenance policy.,2305,72,valid-json,356c84c27438
frontend/public/data/cases/company-4-34143c6a-6a1b-4864-a68e-0d38c967b901-469170.json,KEEP_GENERATED_REVIEW,NO_IF_STATIC_MODE,"Valid static case shard; useful for public/offline results mode but should be generated, not hand-maintained.",Keep only with generator/provenance policy.,2271,72,valid-json,d8de1edeb8b5
frontend/public/data/cases/company-4-34143c6a-6a1b-4864-a68e-0d38c967b901-469197.json,KEEP_GENERATED_REVIEW,NO_IF_STATIC_MODE,"Valid static case shard; useful for public/offline results mode but should be generated, not hand-maintained.",Keep only with generator/provenance policy.,2364,72,valid-json,3adf9c027252
frontend/public/data/cases/company-4-34143c6a-6a1b-4864-a68e-0d38c967b901-469201.json,KEEP_GENERATED_REVIEW,NO_IF_STATIC_MODE,"Valid static case shard; useful for public/offline results mode but should be generated, not hand-maintained.",Keep only with generator/provenance policy.,2253,72,valid-json,88c254d5ac2b
frontend/public/data/cases/company-4-34143c6a-6a1b-4864-a68e-0d38c967b901-469207.json,KEEP_GENERATED_REVIEW,NO_IF_STATIC_MODE,"Valid static case shard; useful for public/offline results mode but should be generated, not hand-maintained.",Keep only with generator/provenance policy.,2237,72,valid-json,1842e9e3c353
frontend/public/data/cases/company-4-34143c6a-6a1b-4864-a68e-0d38c967b901-469217.json,KEEP_GENERATED_REVIEW,NO_IF_STATIC_MODE,"Valid static case shard; useful for public/offline results mode but should be generated, not hand-maintained.",Keep only with generator/provenance policy.,2406,72,valid-json,c75e4eb9019b
frontend/public/data/cases/company-4-34143c6a-6a1b-4864-a68e-0d38c967b901-469219.json,KEEP_GENERATED_REVIEW,NO_IF_STATIC_MODE,"Valid static case shard; useful for public/offline results mode but should be generated, not hand-maintained.",Keep only with generator/provenance policy.,2266,72,valid-json,221e69432f4f
frontend/public/data/cases/company-4-34143c6a-6a1b-4864-a68e-0d38c967b901-469229.json,KEEP_GENERATED_REVIEW,NO_IF_STATIC_MODE,"Valid static case shard; useful for public/offline results mode but should be generated, not hand-maintained.",Keep only with generator/provenance policy.,2278,72,valid-json,eec7c7726d75
frontend/public/data/cases/company-4-34143c6a-6a1b-4864-a68e-0d38c967b901-469237.json,KEEP_GENERATED_REVIEW,NO_IF_STATIC_MODE,"Valid static case shard; useful for public/offline results mode but should be generated, not hand-maintained.",Keep only with generator/provenance policy.,2257,72,valid-json,397581d35430
frontend/public/data/cases/company-4-34143c6a-6a1b-4864-a68e-0d38c967b901-469245.json,KEEP_GENERATED_REVIEW,NO_IF_STATIC_MODE,"Valid static case shard; useful for public/offline results mode but should be generated, not hand-maintained.",Keep only with generator/provenance policy.,2962,90,valid-json,dc74863b620f
frontend/public/data/cases/company-4-34143c6a-6a1b-4864-a68e-0d38c967b901-469250.json,KEEP_GENERATED_REVIEW,NO_IF_STATIC_MODE,"Valid static case shard; useful for public/offline results mode but should be generated, not hand-maintained.",Keep only with generator/provenance policy.,2277,72,valid-json,896d24a198d0
frontend/public/data/cases/company-4-34143c6a-6a1b-4864-a68e-0d38c967b901-469251.json,KEEP_GENERATED_REVIEW,NO_IF_STATIC_MODE,"Valid static case shard; useful for public/offline results mode but should be generated, not hand-maintained.",Keep only with generator/provenance policy.,2285,72,valid-json,e206e79e9599
frontend/public/data/cases/company-4-34143c6a-6a1b-4864-a68e-0d38c967b901-469258.json,KEEP_GENERATED_REVIEW,NO_IF_STATIC_MODE,"Valid static case shard; useful for public/offline results mode but should be generated, not hand-maintained.",Keep only with generator/provenance policy.,2257,72,valid-json,97f03034e436
frontend/public/data/cases/company-4-34143c6a-6a1b-4864-a68e-0d38c967b901-469259.json,KEEP_GENERATED_REVIEW,NO_IF_STATIC_MODE,"Valid static case shard; useful for public/offline results mode but should be generated, not hand-maintained.",Keep only with generator/provenance policy.,2349,72,valid-json,18ede39da1ae
frontend/public/data/cases/company-4-34143c6a-6a1b-4864-a68e-0d38c967b901-469599.json,KEEP_GENERATED_REVIEW,NO_IF_STATIC_MODE,"Valid static case shard; useful for public/offline results mode but should be generated, not hand-maintained.",Keep only with generator/provenance policy.,2227,72,valid-json,688357d8ee4f
frontend/public/data/cases/company-4-34143c6a-6a1b-4864-a68e-0d38c967b901-470184.json,KEEP_GENERATED_REVIEW,NO_IF_STATIC_MODE,"Valid static case shard; useful for public/offline results mode but should be generated, not hand-maintained.",Keep only with generator/provenance policy.,2297,72,valid-json,a508d76792ff
frontend/public/data/cases/company-4-34143c6a-6a1b-4864-a68e-0d38c967b901-470221.json,KEEP_GENERATED_REVIEW,NO_IF_STATIC_MODE,"Valid static case shard; useful for public/offline results mode but should be generated, not hand-maintained.",Keep only with generator/provenance policy.,2942,90,valid-json,848e4b92b828
frontend/public/data/cases/company-4-34143c6a-6a1b-4864-a68e-0d38c967b901-470223.json,KEEP_GENERATED_REVIEW,NO_IF_STATIC_MODE,"Valid static case shard; useful for public/offline results mode but should be generated, not hand-maintained.",Keep only with generator/provenance policy.,2303,72,valid-json,0bdc3f358865
frontend/public/data/cases/company-4-34143c6a-6a1b-4864-a68e-0d38c967b901-470227.json,KEEP_GENERATED_REVIEW,NO_IF_STATIC_MODE,"Valid static case shard; useful for public/offline results mode but should be generated, not hand-maintained.",Keep only with generator/provenance policy.,2276,72,valid-json,9abe16c221c7
frontend/public/data/cases/company-4-34143c6a-6a1b-4864-a68e-0d38c967b901-470228.json,KEEP_GENERATED_REVIEW,NO_IF_STATIC_MODE,"Valid static case shard; useful for public/offline results mode but should be generated, not hand-maintained.",Keep only with generator/provenance policy.,2362,72,valid-json,2bbc4ef82da1
frontend/public/data/cases/company-4-34143c6a-6a1b-4864-a68e-0d38c967b901-470230.json,KEEP_GENERATED_REVIEW,NO_IF_STATIC_MODE,"Valid static case shard; useful for public/offline results mode but should be generated, not hand-maintained.",Keep only with generator/provenance policy.,2278,72,valid-json,66d891d69833
frontend/public/data/cases/company-4-34143c6a-6a1b-4864-a68e-0d38c967b901-470245.json,KEEP_GENERATED_REVIEW,NO_IF_STATIC_MODE,"Valid static case shard; useful for public/offline results mode but should be generated, not hand-maintained.",Keep only with generator/provenance policy.,2252,72,valid-json,dce074fdf1fa
frontend/public/data/cases/company-4-34143c6a-6a1b-4864-a68e-0d38c967b901-470257.json,KEEP_GENERATED_REVIEW,NO_IF_STATIC_MODE,"Valid static case shard; useful for public/offline results mode but should be generated, not hand-maintained.",Keep only with generator/provenance policy.,2279,72,valid-json,2fbec4e2ed3f
frontend/public/data/cases/company-4-34143c6a-6a1b-4864-a68e-0d38c967b901-470278.json,KEEP_GENERATED_REVIEW,NO_IF_STATIC_MODE,"Valid static case shard; useful for public/offline results mode but should be generated, not hand-maintained.",Keep only with generator/provenance policy.,2286,72,valid-json,337c63c714cf
frontend/public/data/cases/company-4-34143c6a-6a1b-4864-a68e-0d38c967b901-470313.json,KEEP_GENERATED_REVIEW,NO_IF_STATIC_MODE,"Valid static case shard; useful for public/offline results mode but should be generated, not hand-maintained.",Keep only with generator/provenance policy.,2252,72,valid-json,a6287c9c0a6b
frontend/public/data/cases/company-4-34143c6a-6a1b-4864-a68e-0d38c967b901-470326.json,KEEP_GENERATED_REVIEW,NO_IF_STATIC_MODE,"Valid static case shard; useful for public/offline results mode but should be generated, not hand-maintained.",Keep only with generator/provenance policy.,2266,72,valid-json,85d70b52b2a6
frontend/public/data/cases/company-4-34143c6a-6a1b-4864-a68e-0d38c967b901-470340.json,KEEP_GENERATED_REVIEW,NO_IF_STATIC_MODE,"Valid static case shard; useful for public/offline results mode but should be generated, not hand-maintained.",Keep only with generator/provenance policy.,2262,72,valid-json,f377563e522c
frontend/public/data/cases/company-4-34143c6a-6a1b-4864-a68e-0d38c967b901-470360.json,KEEP_GENERATED_REVIEW,NO_IF_STATIC_MODE,"Valid static case shard; useful for public/offline results mode but should be generated, not hand-maintained.",Keep only with generator/provenance policy.,2276,72,valid-json,8df8a564355a
frontend/public/data/cases/company-4-34143c6a-6a1b-4864-a68e-0d38c967b901-470391.json,KEEP_GENERATED_REVIEW,NO_IF_STATIC_MODE,"Valid static case shard; useful for public/offline results mode but should be generated, not hand-maintained.",Keep only with generator/provenance policy.,2266,72,valid-json,12df64c96a18
frontend/public/data/cases/company-4-34143c6a-6a1b-4864-a68e-0d38c967b901-470401.json,KEEP_GENERATED_REVIEW,NO_IF_STATIC_MODE,"Valid static case shard; useful for public/offline results mode but should be generated, not hand-maintained.",Keep only with generator/provenance policy.,2264,72,valid-json,b226b993a6e0
frontend/public/data/cases/company-4-34143c6a-6a1b-4864-a68e-0d38c967b901-470407.json,KEEP_GENERATED_REVIEW,NO_IF_STATIC_MODE,"Valid static case shard; useful for public/offline results mode but should be generated, not hand-maintained.",Keep only with generator/provenance policy.,2284,72,valid-json,84bbe0e297e2
frontend/public/data/cases/company-4-34143c6a-6a1b-4864-a68e-0d38c967b901-470423.json,KEEP_GENERATED_REVIEW,NO_IF_STATIC_MODE,"Valid static case shard; useful for public/offline results mode but should be generated, not hand-maintained.",Keep only with generator/provenance policy.,2280,72,valid-json,d6e685b5c4fe
frontend/public/data/cases/company-4-34143c6a-6a1b-4864-a68e-0d38c967b901-470426.json,KEEP_GENERATED_REVIEW,NO_IF_STATIC_MODE,"Valid static case shard; useful for public/offline results mode but should be generated, not hand-maintained.",Keep only with generator/provenance policy.,2277,72,valid-json,9372dabdc953
frontend/public/data/cases/company-4-34143c6a-6a1b-4864-a68e-0d38c967b901-470439.json,KEEP_GENERATED_REVIEW,NO_IF_STATIC_MODE,"Valid static case shard; useful for public/offline results mode but should be generated, not hand-maintained.",Keep only with generator/provenance policy.,2276,72,valid-json,95b9554e70d7
frontend/public/data/cases/company-4-34143c6a-6a1b-4864-a68e-0d38c967b901-470451.json,KEEP_GENERATED_REVIEW,NO_IF_STATIC_MODE,"Valid static case shard; useful for public/offline results mode but should be generated, not hand-maintained.",Keep only with generator/provenance policy.,2242,72,valid-json,8e547ba3d735
frontend/public/data/cases/company-4-34143c6a-6a1b-4864-a68e-0d38c967b901-470466.json,KEEP_GENERATED_REVIEW,NO_IF_STATIC_MODE,"Valid static case shard; useful for public/offline results mode but should be generated, not hand-maintained.",Keep only with generator/provenance policy.,2280,72,valid-json,cef4d055cf79
frontend/public/data/cases/company-4-34143c6a-6a1b-4864-a68e-0d38c967b901-470473.json,KEEP_GENERATED_REVIEW,NO_IF_STATIC_MODE,"Valid static case shard; useful for public/offline results mode but should be generated, not hand-maintained.",Keep only with generator/provenance policy.,2246,72,valid-json,ec6fdb54cc2b
frontend/public/data/cases/company-4-34143c6a-6a1b-4864-a68e-0d38c967b901-470475.json,KEEP_GENERATED_REVIEW,NO_IF_STATIC_MODE,"Valid static case shard; useful for public/offline results mode but should be generated, not hand-maintained.",Keep only with generator/provenance policy.,2280,72,valid-json,e1877e53d0b5
frontend/public/data/cases/company-4-34143c6a-6a1b-4864-a68e-0d38c967b901-470500.json,KEEP_GENERATED_REVIEW,NO_IF_STATIC_MODE,"Valid static case shard; useful for public/offline results mode but should be generated, not hand-maintained.",Keep only with generator/provenance policy.,2272,72,valid-json,d6e1bbcaa84d
frontend/public/data/cases/company-4-34143c6a-6a1b-4864-a68e-0d38c967b901-470504.json,KEEP_GENERATED_REVIEW,NO_IF_STATIC_MODE,"Valid static case shard; useful for public/offline results mode but should be generated, not hand-maintained.",Keep only with generator/provenance policy.,2288,72,valid-json,1ed259b74892
frontend/public/data/cases/company-4-34143c6a-6a1b-4864-a68e-0d38c967b901-470526.json,KEEP_GENERATED_REVIEW,NO_IF_STATIC_MODE,"Valid static case shard; useful for public/offline results mode but should be generated, not hand-maintained.",Keep only with generator/provenance policy.,2285,72,valid-json,7fce650a57d1
frontend/public/data/cases/company-4-34143c6a-6a1b-4864-a68e-0d38c967b901-470537.json,KEEP_GENERATED_REVIEW,NO_IF_STATIC_MODE,"Valid static case shard; useful for public/offline results mode but should be generated, not hand-maintained.",Keep only with generator/provenance policy.,2282,72,valid-json,244518b74d58
frontend/public/data/cases/company-4-34143c6a-6a1b-4864-a68e-0d38c967b901-470549.json,KEEP_GENERATED_REVIEW,NO_IF_STATIC_MODE,"Valid static case shard; useful for public/offline results mode but should be generated, not hand-maintained.",Keep only with generator/provenance policy.,2288,72,valid-json,82e2cb2bbd06
frontend/public/data/cases/company-4-34143c6a-6a1b-4864-a68e-0d38c967b901-470550.json,KEEP_GENERATED_REVIEW,NO_IF_STATIC_MODE,"Valid static case shard; useful for public/offline results mode but should be generated, not hand-maintained.",Keep only with generator/provenance policy.,2283,72,valid-json,cd8764919e71
frontend/public/data/cases/company-4-34143c6a-6a1b-4864-a68e-0d38c967b901-470564.json,KEEP_GENERATED_REVIEW,NO_IF_STATIC_MODE,"Valid static case shard; useful for public/offline results mode but should be generated, not hand-maintained.",Keep only with generator/provenance policy.,2288,72,valid-json,4fb9cebf6bbf
frontend/public/data/cases/company-4-34143c6a-6a1b-4864-a68e-0d38c967b901-470580.json,KEEP_GENERATED_REVIEW,NO_IF_STATIC_MODE,"Valid static case shard; useful for public/offline results mode but should be generated, not hand-maintained.",Keep only with generator/provenance policy.,2278,72,valid-json,455ca92d313b
frontend/public/data/cases/company-4-34143c6a-6a1b-4864-a68e-0d38c967b901-470592.json,KEEP_GENERATED_REVIEW,NO_IF_STATIC_MODE,"Valid static case shard; useful for public/offline results mode but should be generated, not hand-maintained.",Keep only with generator/provenance policy.,2273,72,valid-json,a8f47cdd6734
frontend/public/data/cases/company-4-34143c6a-6a1b-4864-a68e-0d38c967b901-470644.json,KEEP_GENERATED_REVIEW,NO_IF_STATIC_MODE,"Valid static case shard; useful for public/offline results mode but should be generated, not hand-maintained.",Keep only with generator/provenance policy.,2254,72,valid-json,b400a799eaf0
frontend/public/data/cases/company-4-34143c6a-6a1b-4864-a68e-0d38c967b901-470659.json,KEEP_GENERATED_REVIEW,NO_IF_STATIC_MODE,"Valid static case shard; useful for public/offline results mode but should be generated, not hand-maintained.",Keep only with generator/provenance policy.,2431,72,valid-json,355e6b253392
frontend/public/data/cases/company-4-34143c6a-6a1b-4864-a68e-0d38c967b901-470683.json,KEEP_GENERATED_REVIEW,NO_IF_STATIC_MODE,"Valid static case shard; useful for public/offline results mode but should be generated, not hand-maintained.",Keep only with generator/provenance policy.,2272,72,valid-json,85df7c2b1483
frontend/public/data/cases/company-4-34143c6a-6a1b-4864-a68e-0d38c967b901-470687.json,KEEP_GENERATED_REVIEW,NO_IF_STATIC_MODE,"Valid static case shard; useful for public/offline results mode but should be generated, not hand-maintained.",Keep only with generator/provenance policy.,2277,72,valid-json,385ee03161c4
frontend/public/data/cases/company-4-34143c6a-6a1b-4864-a68e-0d38c967b901-470688.json,KEEP_GENERATED_REVIEW,NO_IF_STATIC_MODE,"Valid static case shard; useful for public/offline results mode but should be generated, not hand-maintained.",Keep only with generator/provenance policy.,2292,72,valid-json,520ab911df77
frontend/public/data/cases/company-4-34143c6a-6a1b-4864-a68e-0d38c967b901-470709.json,KEEP_GENERATED_REVIEW,NO_IF_STATIC_MODE,"Valid static case shard; useful for public/offline results mode but should be generated, not hand-maintained.",Keep only with generator/provenance policy.,2287,72,valid-json,533cf882354b
frontend/public/data/cases/company-4-34143c6a-6a1b-4864-a68e-0d38c967b901-470713.json,KEEP_GENERATED_REVIEW,NO_IF_STATIC_MODE,"Valid static case shard; useful for public/offline results mode but should be generated, not hand-maintained.",Keep only with generator/provenance policy.,2265,72,valid-json,d63e6bda688b
frontend/public/data/cases/company-4-34143c6a-6a1b-4864-a68e-0d38c967b901-470714.json,KEEP_GENERATED_REVIEW,NO_IF_STATIC_MODE,"Valid static case shard; useful for public/offline results mode but should be generated, not hand-maintained.",Keep only with generator/provenance policy.,2311,72,valid-json,11bafa0301eb
frontend/public/data/cases/company-4-34143c6a-6a1b-4864-a68e-0d38c967b901-470720.json,KEEP_GENERATED_REVIEW,NO_IF_STATIC_MODE,"Valid static case shard; useful for public/offline results mode but should be generated, not hand-maintained.",Keep only with generator/provenance policy.,2286,72,valid-json,7b23bd2fde36
frontend/public/data/cases/company-4-34143c6a-6a1b-4864-a68e-0d38c967b901-470736.json,KEEP_GENERATED_REVIEW,NO_IF_STATIC_MODE,"Valid static case shard; useful for public/offline results mode but should be generated, not hand-maintained.",Keep only with generator/provenance policy.,2276,72,valid-json,bd6b34269fad
frontend/public/data/cases/company-4-34143c6a-6a1b-4864-a68e-0d38c967b901-470737.json,KEEP_GENERATED_REVIEW,NO_IF_STATIC_MODE,"Valid static case shard; useful for public/offline results mode but should be generated, not hand-maintained.",Keep only with generator/provenance policy.,2296,72,valid-json,2a59e56083d4
frontend/public/data/cases/company-4-34143c6a-6a1b-4864-a68e-0d38c967b901-470739.json,KEEP_GENERATED_REVIEW,NO_IF_STATIC_MODE,"Valid static case shard; useful for public/offline results mode but should be generated, not hand-maintained.",Keep only with generator/provenance policy.,2280,72,valid-json,b0f77838442f
frontend/public/data/cases/company-4-34143c6a-6a1b-4864-a68e-0d38c967b901-470776.json,KEEP_GENERATED_REVIEW,NO_IF_STATIC_MODE,"Valid static case shard; useful for public/offline results mode but should be generated, not hand-maintained.",Keep only with generator/provenance policy.,2279,72,valid-json,c790307d600b
frontend/public/data/cases/company-4-34143c6a-6a1b-4864-a68e-0d38c967b901-470777.json,KEEP_GENERATED_REVIEW,NO_IF_STATIC_MODE,"Valid static case shard; useful for public/offline results mode but should be generated, not hand-maintained.",Keep only with generator/provenance policy.,2284,72,valid-json,4dc1ab96e573
frontend/public/data/cases/company-4-34143c6a-6a1b-4864-a68e-0d38c967b901-470786.json,KEEP_GENERATED_REVIEW,NO_IF_STATIC_MODE,"Valid static case shard; useful for public/offline results mode but should be generated, not hand-maintained.",Keep only with generator/provenance policy.,2293,72,valid-json,d7d4e8361831
frontend/public/data/cases/company-4-34143c6a-6a1b-4864-a68e-0d38c967b901-470817.json,KEEP_GENERATED_REVIEW,NO_IF_STATIC_MODE,"Valid static case shard; useful for public/offline results mode but should be generated, not hand-maintained.",Keep only with generator/provenance policy.,2260,72,valid-json,59175fc42c02
frontend/public/data/cases/company-4-34143c6a-6a1b-4864-a68e-0d38c967b901-470851.json,KEEP_GENERATED_REVIEW,NO_IF_STATIC_MODE,"Valid static case shard; useful for public/offline results mode but should be generated, not hand-maintained.",Keep only with generator/provenance policy.,2272,72,valid-json,eb4d9e60c146
frontend/public/data/cases/company-4-34143c6a-6a1b-4864-a68e-0d38c967b901-470886.json,KEEP_GENERATED_REVIEW,NO_IF_STATIC_MODE,"Valid static case shard; useful for public/offline results mode but should be generated, not hand-maintained.",Keep only with generator/provenance policy.,2266,72,valid-json,4ae47711c750
frontend/public/data/cases/company-4-34143c6a-6a1b-4864-a68e-0d38c967b901-470924.json,KEEP_GENERATED_REVIEW,NO_IF_STATIC_MODE,"Valid static case shard; useful for public/offline results mode but should be generated, not hand-maintained.",Keep only with generator/provenance policy.,2285,72,valid-json,69514dd08e68
frontend/public/data/cases/company-4-34143c6a-6a1b-4864-a68e-0d38c967b901-470956.json,KEEP_GENERATED_REVIEW,NO_IF_STATIC_MODE,"Valid static case shard; useful for public/offline results mode but should be generated, not hand-maintained.",Keep only with generator/provenance policy.,2274,72,valid-json,37c4ce02f633
frontend/public/data/cases/company-4-34143c6a-6a1b-4864-a68e-0d38c967b901-470978.json,KEEP_GENERATED_REVIEW,NO_IF_STATIC_MODE,"Valid static case shard; useful for public/offline results mode but should be generated, not hand-maintained.",Keep only with generator/provenance policy.,2290,72,valid-json,df88d2f12614
frontend/public/data/cases/company-4-34143c6a-6a1b-4864-a68e-0d38c967b901-470996.json,KEEP_GENERATED_REVIEW,NO_IF_STATIC_MODE,"Valid static case shard; useful for public/offline results mode but should be generated, not hand-maintained.",Keep only with generator/provenance policy.,2284,72,valid-json,a909e1365b89
frontend/public/data/cases/company-4-34143c6a-6a1b-4864-a68e-0d38c967b901-471011.json,KEEP_GENERATED_REVIEW,NO_IF_STATIC_MODE,"Valid static case shard; useful for public/offline results mode but should be generated, not hand-maintained.",Keep only with generator/provenance policy.,2872,90,valid-json,bc2a6b3511a7
frontend/public/data/cases/company-4-34143c6a-6a1b-4864-a68e-0d38c967b901-471016.json,KEEP_GENERATED_REVIEW,NO_IF_STATIC_MODE,"Valid static case shard; useful for public/offline results mode but should be generated, not hand-maintained.",Keep only with generator/provenance policy.,2269,72,valid-json,572b01f3925c
frontend/public/data/cases/company-4-34143c6a-6a1b-4864-a68e-0d38c967b901-471018.json,KEEP_GENERATED_REVIEW,NO_IF_STATIC_MODE,"Valid static case shard; useful for public/offline results mode but should be generated, not hand-maintained.",Keep only with generator/provenance policy.,2293,72,valid-json,99a374d45688
frontend/public/data/cases/company-4-34143c6a-6a1b-4864-a68e-0d38c967b901-471031.json,KEEP_GENERATED_REVIEW,NO_IF_STATIC_MODE,"Valid static case shard; useful for public/offline results mode but should be generated, not hand-maintained.",Keep only with generator/provenance policy.,2299,72,valid-json,8eabe1dbf299
frontend/public/data/cases/company-4-34143c6a-6a1b-4864-a68e-0d38c967b901-471040.json,KEEP_GENERATED_REVIEW,NO_IF_STATIC_MODE,"Valid static case shard; useful for public/offline results mode but should be generated, not hand-maintained.",Keep only with generator/provenance policy.,2290,72,valid-json,cf32447d2ef3
frontend/public/data/cases/company-4-34143c6a-6a1b-4864-a68e-0d38c967b901-471041.json,KEEP_GENERATED_REVIEW,NO_IF_STATIC_MODE,"Valid static case shard; useful for public/offline results mode but should be generated, not hand-maintained.",Keep only with generator/provenance policy.,2948,90,valid-json,35288b016af2
frontend/public/data/cases/company-4-34143c6a-6a1b-4864-a68e-0d38c967b901-471047.json,KEEP_GENERATED_REVIEW,NO_IF_STATIC_MODE,"Valid static case shard; useful for public/offline results mode but should be generated, not hand-maintained.",Keep only with generator/provenance policy.,2362,72,valid-json,b6d4184d777a
frontend/public/data/cases/company-4-34143c6a-6a1b-4864-a68e-0d38c967b901-471089.json,KEEP_GENERATED_REVIEW,NO_IF_STATIC_MODE,"Valid static case shard; useful for public/offline results mode but should be generated, not hand-maintained.",Keep only with generator/provenance policy.,2298,72,valid-json,d6b310f536e2
frontend/public/data/cases/company-4-34143c6a-6a1b-4864-a68e-0d38c967b901-471098.json,KEEP_GENERATED_REVIEW,NO_IF_STATIC_MODE,"Valid static case shard; useful for public/offline results mode but should be generated, not hand-maintained.",Keep only with generator/provenance policy.,2256,72,valid-json,ee45836d57c2
frontend/public/data/cases/company-4-34143c6a-6a1b-4864-a68e-0d38c967b901-471099.json,KEEP_GENERATED_REVIEW,NO_IF_STATIC_MODE,"Valid static case shard; useful for public/offline results mode but should be generated, not hand-maintained.",Keep only with generator/provenance policy.,2290,72,valid-json,15705f1ea26d
frontend/public/data/cases/company-4-34143c6a-6a1b-4864-a68e-0d38c967b901-471105.json,KEEP_GENERATED_REVIEW,NO_IF_STATIC_MODE,"Valid static case shard; useful for public/offline results mode but should be generated, not hand-maintained.",Keep only with generator/provenance policy.,2276,72,valid-json,9d29acab0d81
frontend/public/data/cases/company-4-34143c6a-6a1b-4864-a68e-0d38c967b901-471112.json,KEEP_GENERATED_REVIEW,NO_IF_STATIC_MODE,"Valid static case shard; useful for public/offline results mode but should be generated, not hand-maintained.",Keep only with generator/provenance policy.,2272,72,valid-json,38f4d2caf847
frontend/public/data/cases/company-4-34143c6a-6a1b-4864-a68e-0d38c967b901-471120.json,KEEP_GENERATED_REVIEW,NO_IF_STATIC_MODE,"Valid static case shard; useful for public/offline results mode but should be generated, not hand-maintained.",Keep only with generator/provenance policy.,2278,72,valid-json,000170146bb6
frontend/public/data/cases/company-4-34143c6a-6a1b-4864-a68e-0d38c967b901-471125.json,KEEP_GENERATED_REVIEW,NO_IF_STATIC_MODE,"Valid static case shard; useful for public/offline results mode but should be generated, not hand-maintained.",Keep only with generator/provenance policy.,2251,72,valid-json,56f1af0e2972
frontend/public/data/cases/company-4-34143c6a-6a1b-4864-a68e-0d38c967b901-471135.json,KEEP_GENERATED_REVIEW,NO_IF_STATIC_MODE,"Valid static case shard; useful for public/offline results mode but should be generated, not hand-maintained.",Keep only with generator/provenance policy.,2278,72,valid-json,60919a3de43a
frontend/public/data/cases/company-4-34143c6a-6a1b-4864-a68e-0d38c967b901-471149.json,KEEP_GENERATED_REVIEW,NO_IF_STATIC_MODE,"Valid static case shard; useful for public/offline results mode but should be generated, not hand-maintained.",Keep only with generator/provenance policy.,2245,72,valid-json,b08f6fff30f2
frontend/public/data/cases/company-4-34143c6a-6a1b-4864-a68e-0d38c967b901-471168.json,KEEP_GENERATED_REVIEW,NO_IF_STATIC_MODE,"Valid static case shard; useful for public/offline results mode but should be generated, not hand-maintained.",Keep only with generator/provenance policy.,2266,72,valid-json,e8f1e1a14a88
frontend/public/data/cases/company-4-34143c6a-6a1b-4864-a68e-0d38c967b901-471172.json,KEEP_GENERATED_REVIEW,NO_IF_STATIC_MODE,"Valid static case shard; useful for public/offline results mode but should be generated, not hand-maintained.",Keep only with generator/provenance policy.,2302,72,valid-json,23af1acc4582
frontend/public/data/cases/company-4-34143c6a-6a1b-4864-a68e-0d38c967b901-471175.json,KEEP_GENERATED_REVIEW,NO_IF_STATIC_MODE,"Valid static case shard; useful for public/offline results mode but should be generated, not hand-maintained.",Keep only with generator/provenance policy.,2313,72,valid-json,55e43cde9f30
frontend/public/data/cases/company-4-34143c6a-6a1b-4864-a68e-0d38c967b901-471196.json,KEEP_GENERATED_REVIEW,NO_IF_STATIC_MODE,"Valid static case shard; useful for public/offline results mode but should be generated, not hand-maintained.",Keep only with generator/provenance policy.,2251,72,valid-json,0f54800c251c
frontend/public/data/cases/company-4-34143c6a-6a1b-4864-a68e-0d38c967b901-471200.json,KEEP_GENERATED_REVIEW,NO_IF_STATIC_MODE,"Valid static case shard; useful for public/offline results mode but should be generated, not hand-maintained.",Keep only with generator/provenance policy.,2278,72,valid-json,f43755a57b85
frontend/public/data/cases/company-4-34143c6a-6a1b-4864-a68e-0d38c967b901-471218.json,KEEP_GENERATED_REVIEW,NO_IF_STATIC_MODE,"Valid static case shard; useful for public/offline results mode but should be generated, not hand-maintained.",Keep only with generator/provenance policy.,2272,72,valid-json,099424bed9dd
frontend/public/data/cases/company-4-34143c6a-6a1b-4864-a68e-0d38c967b901-471231.json,KEEP_GENERATED_REVIEW,NO_IF_STATIC_MODE,"Valid static case shard; useful for public/offline results mode but should be generated, not hand-maintained.",Keep only with generator/provenance policy.,2257,72,valid-json,3e34845730f0
frontend/public/data/cases/company-4-34143c6a-6a1b-4864-a68e-0d38c967b901-471238.json,KEEP_GENERATED_REVIEW,NO_IF_STATIC_MODE,"Valid static case shard; useful for public/offline results mode but should be generated, not hand-maintained.",Keep only with generator/provenance policy.,2313,72,valid-json,df3f93d13791
frontend/public/data/cases/company-4-34143c6a-6a1b-4864-a68e-0d38c967b901-471244.json,KEEP_GENERATED_REVIEW,NO_IF_STATIC_MODE,"Valid static case shard; useful for public/offline results mode but should be generated, not hand-maintained.",Keep only with generator/provenance policy.,2245,72,valid-json,15ceed63d357
frontend/public/data/cases/company-4-34143c6a-6a1b-4864-a68e-0d38c967b901-471252.json,KEEP_GENERATED_REVIEW,NO_IF_STATIC_MODE,"Valid static case shard; useful for public/offline results mode but should be generated, not hand-maintained.",Keep only with generator/provenance policy.,2277,72,valid-json,7ba652756560
frontend/public/data/cases/company-4-34143c6a-6a1b-4864-a68e-0d38c967b901-471254.json,KEEP_GENERATED_REVIEW,NO_IF_STATIC_MODE,"Valid static case shard; useful for public/offline results mode but should be generated, not hand-maintained.",Keep only with generator/provenance policy.,2307,72,valid-json,574384a3c83e
frontend/public/data/cases/company-4-34143c6a-6a1b-4864-a68e-0d38c967b901-471258.json,KEEP_GENERATED_REVIEW,NO_IF_STATIC_MODE,"Valid static case shard; useful for public/offline results mode but should be generated, not hand-maintained.",Keep only with generator/provenance policy.,2269,72,valid-json,a631035717ca
frontend/public/data/cases/company-4-34143c6a-6a1b-4864-a68e-0d38c967b901-471265.json,KEEP_GENERATED_REVIEW,NO_IF_STATIC_MODE,"Valid static case shard; useful for public/offline results mode but should be generated, not hand-maintained.",Keep only with generator/provenance policy.,2278,72,valid-json,57bdf76a5e2f
frontend/public/data/cases/company-4-34143c6a-6a1b-4864-a68e-0d38c967b901-471275.json,KEEP_GENERATED_REVIEW,NO_IF_STATIC_MODE,"Valid static case shard; useful for public/offline results mode but should be generated, not hand-maintained.",Keep only with generator/provenance policy.,2269,72,valid-json,0d85cce3ef41
frontend/public/data/cases/company-4-34143c6a-6a1b-4864-a68e-0d38c967b901-471291.json,KEEP_GENERATED_REVIEW,NO_IF_STATIC_MODE,"Valid static case shard; useful for public/offline results mode but should be generated, not hand-maintained.",Keep only with generator/provenance policy.,2277,72,valid-json,593dac789600
frontend/public/data/cases/company-4-34143c6a-6a1b-4864-a68e-0d38c967b901-471300.json,KEEP_GENERATED_REVIEW,NO_IF_STATIC_MODE,"Valid static case shard; useful for public/offline results mode but should be generated, not hand-maintained.",Keep only with generator/provenance policy.,2266,72,valid-json,724bd15216ac
frontend/public/data/cases/company-4-34143c6a-6a1b-4864-a68e-0d38c967b901-471319.json,KEEP_GENERATED_REVIEW,NO_IF_STATIC_MODE,"Valid static case shard; useful for public/offline results mode but should be generated, not hand-maintained.",Keep only with generator/provenance policy.,2272,72,valid-json,c5898c495713
frontend/public/data/cases/company-4-34143c6a-6a1b-4864-a68e-0d38c967b901-471341.json,KEEP_GENERATED_REVIEW,NO_IF_STATIC_MODE,"Valid static case shard; useful for public/offline results mode but should be generated, not hand-maintained.",Keep only with generator/provenance policy.,2310,72,valid-json,d249bf852896
frontend/public/data/cases/company-4-34143c6a-6a1b-4864-a68e-0d38c967b901-471349.json,KEEP_GENERATED_REVIEW,NO_IF_STATIC_MODE,"Valid static case shard; useful for public/offline results mode but should be generated, not hand-maintained.",Keep only with generator/provenance policy.,2269,72,valid-json,38d35357cb86
frontend/public/data/cases/company-4-34143c6a-6a1b-4864-a68e-0d38c967b901-471355.json,KEEP_GENERATED_REVIEW,NO_IF_STATIC_MODE,"Valid static case shard; useful for public/offline results mode but should be generated, not hand-maintained.",Keep only with generator/provenance policy.,2296,72,valid-json,3435bf5bf6e2
frontend/public/data/cases/company-4-34143c6a-6a1b-4864-a68e-0d38c967b901-471403.json,KEEP_GENERATED_REVIEW,NO_IF_STATIC_MODE,"Valid static case shard; useful for public/offline results mode but should be generated, not hand-maintained.",Keep only with generator/provenance policy.,2266,72,valid-json,117a428312d3
frontend/public/data/cases/company-4-34143c6a-6a1b-4864-a68e-0d38c967b901-471416.json,KEEP_GENERATED_REVIEW,NO_IF_STATIC_MODE,"Valid static case shard; useful for public/offline results mode but should be generated, not hand-maintained.",Keep only with generator/provenance policy.,2269,72,valid-json,3f4d29f3ec34
frontend/public/data/cases/company-4-34143c6a-6a1b-4864-a68e-0d38c967b901-471423.json,KEEP_GENERATED_REVIEW,NO_IF_STATIC_MODE,"Valid static case shard; useful for public/offline results mode but should be generated, not hand-maintained.",Keep only with generator/provenance policy.,2269,72,valid-json,1113585a7a77
frontend/public/data/cases/company-4-34143c6a-6a1b-4864-a68e-0d38c967b901-471447.json,KEEP_GENERATED_REVIEW,NO_IF_STATIC_MODE,"Valid static case shard; useful for public/offline results mode but should be generated, not hand-maintained.",Keep only with generator/provenance policy.,2270,72,valid-json,695dbb771c41
frontend/public/data/cases/company-4-34143c6a-6a1b-4864-a68e-0d38c967b901-471457.json,KEEP_GENERATED_REVIEW,NO_IF_STATIC_MODE,"Valid static case shard; useful for public/offline results mode but should be generated, not hand-maintained.",Keep only with generator/provenance policy.,2284,72,valid-json,b7fcda221695
frontend/public/data/cases/company-4-34143c6a-6a1b-4864-a68e-0d38c967b901-471481.json,KEEP_GENERATED_REVIEW,NO_IF_STATIC_MODE,"Valid static case shard; useful for public/offline results mode but should be generated, not hand-maintained.",Keep only with generator/provenance policy.,2287,72,valid-json,3bc415b2a941
frontend/public/data/cases/company-4-34143c6a-6a1b-4864-a68e-0d38c967b901-471487.json,KEEP_GENERATED_REVIEW,NO_IF_STATIC_MODE,"Valid static case shard; useful for public/offline results mode but should be generated, not hand-maintained.",Keep only with generator/provenance policy.,2275,72,valid-json,767f6f4d90e2
frontend/public/data/cases/company-4-34143c6a-6a1b-4864-a68e-0d38c967b901-471491.json,KEEP_GENERATED_REVIEW,NO_IF_STATIC_MODE,"Valid static case shard; useful for public/offline results mode but should be generated, not hand-maintained.",Keep only with generator/provenance policy.,2281,72,valid-json,12852776dadd
frontend/public/data/cases/company-4-34143c6a-6a1b-4864-a68e-0d38c967b901-471494.json,KEEP_GENERATED_REVIEW,NO_IF_STATIC_MODE,"Valid static case shard; useful for public/offline results mode but should be generated, not hand-maintained.",Keep only with generator/provenance policy.,2941,93,valid-json,3f5b843ba4d0
frontend/public/data/cases/company-4-34143c6a-6a1b-4864-a68e-0d38c967b901-471508.json,KEEP_GENERATED_REVIEW,NO_IF_STATIC_MODE,"Valid static case shard; useful for public/offline results mode but should be generated, not hand-maintained.",Keep only with generator/provenance policy.,2281,72,valid-json,eb9d8acbd650
frontend/public/data/cases/company-4-34143c6a-6a1b-4864-a68e-0d38c967b901-471528.json,KEEP_GENERATED_REVIEW,NO_IF_STATIC_MODE,"Valid static case shard; useful for public/offline results mode but should be generated, not hand-maintained.",Keep only with generator/provenance policy.,2285,72,valid-json,c42fd51a3a27
frontend/public/data/cases/company-4-34143c6a-6a1b-4864-a68e-0d38c967b901-471530.json,KEEP_GENERATED_REVIEW,NO_IF_STATIC_MODE,"Valid static case shard; useful for public/offline results mode but should be generated, not hand-maintained.",Keep only with generator/provenance policy.,2336,72,valid-json,9db4a775556f
frontend/public/data/cases/company-4-34143c6a-6a1b-4864-a68e-0d38c967b901-471532.json,KEEP_GENERATED_REVIEW,NO_IF_STATIC_MODE,"Valid static case shard; useful for public/offline results mode but should be generated, not hand-maintained.",Keep only with generator/provenance policy.,2307,72,valid-json,066947965694
frontend/public/data/cases/company-4-34143c6a-6a1b-4864-a68e-0d38c967b901-471544.json,KEEP_GENERATED_REVIEW,NO_IF_STATIC_MODE,"Valid static case shard; useful for public/offline results mode but should be generated, not hand-maintained.",Keep only with generator/provenance policy.,2289,72,valid-json,4f6571018848
frontend/public/data/cases/company-4-34143c6a-6a1b-4864-a68e-0d38c967b901-471553.json,KEEP_GENERATED_REVIEW,NO_IF_STATIC_MODE,"Valid static case shard; useful for public/offline results mode but should be generated, not hand-maintained.",Keep only with generator/provenance policy.,2281,72,valid-json,9a17b8ea0f88
frontend/public/data/cases/company-4-34143c6a-6a1b-4864-a68e-0d38c967b901-471565.json,KEEP_GENERATED_REVIEW,NO_IF_STATIC_MODE,"Valid static case shard; useful for public/offline results mode but should be generated, not hand-maintained.",Keep only with generator/provenance policy.,2282,72,valid-json,98fabc01a3dc
frontend/public/data/cases/company-4-34143c6a-6a1b-4864-a68e-0d38c967b901-471566.json,KEEP_GENERATED_REVIEW,NO_IF_STATIC_MODE,"Valid static case shard; useful for public/offline results mode but should be generated, not hand-maintained.",Keep only with generator/provenance policy.,2274,72,valid-json,a57b036bd6c2
frontend/public/data/cases/company-4-34143c6a-6a1b-4864-a68e-0d38c967b901-471586.json,KEEP_GENERATED_REVIEW,NO_IF_STATIC_MODE,"Valid static case shard; useful for public/offline results mode but should be generated, not hand-maintained.",Keep only with generator/provenance policy.,2272,72,valid-json,e425b7f95d5c
frontend/public/data/cases/company-4-34143c6a-6a1b-4864-a68e-0d38c967b901-471588.json,KEEP_GENERATED_REVIEW,NO_IF_STATIC_MODE,"Valid static case shard; useful for public/offline results mode but should be generated, not hand-maintained.",Keep only with generator/provenance policy.,3729,116,valid-json,f4486c1a1704
frontend/public/data/cases/company-4-34143c6a-6a1b-4864-a68e-0d38c967b901-471592.json,KEEP_GENERATED_REVIEW,NO_IF_STATIC_MODE,"Valid static case shard; useful for public/offline results mode but should be generated, not hand-maintained.",Keep only with generator/provenance policy.,2281,72,valid-json,8a8c64489826
frontend/public/data/cases/company-4-34143c6a-6a1b-4864-a68e-0d38c967b901-471595.json,KEEP_GENERATED_REVIEW,NO_IF_STATIC_MODE,"Valid static case shard; useful for public/offline results mode but should be generated, not hand-maintained.",Keep only with generator/provenance policy.,2279,72,valid-json,269caf47d0d0
frontend/public/data/cases/company-4-34143c6a-6a1b-4864-a68e-0d38c967b901-471596.json,KEEP_GENERATED_REVIEW,NO_IF_STATIC_MODE,"Valid static case shard; useful for public/offline results mode but should be generated, not hand-maintained.",Keep only with generator/provenance policy.,2275,72,valid-json,8dbfd4af01c6
frontend/public/data/cases/company-4-34143c6a-6a1b-4864-a68e-0d38c967b901-471614.json,KEEP_GENERATED_REVIEW,NO_IF_STATIC_MODE,"Valid static case shard; useful for public/offline results mode but should be generated, not hand-maintained.",Keep only with generator/provenance policy.,2266,72,valid-json,3f127bf53b18
frontend/public/data/cases/company-4-34143c6a-6a1b-4864-a68e-0d38c967b901-471615.json,KEEP_GENERATED_REVIEW,NO_IF_STATIC_MODE,"Valid static case shard; useful for public/offline results mode but should be generated, not hand-maintained.",Keep only with generator/provenance policy.,2253,72,valid-json,4e5dbfb9e355
frontend/public/data/cases/company-4-34143c6a-6a1b-4864-a68e-0d38c967b901-471625.json,KEEP_GENERATED_REVIEW,NO_IF_STATIC_MODE,"Valid static case shard; useful for public/offline results mode but should be generated, not hand-maintained.",Keep only with generator/provenance policy.,2278,72,valid-json,e088f64b6e4e
frontend/public/data/cases/company-4-34143c6a-6a1b-4864-a68e-0d38c967b901-471629.json,KEEP_GENERATED_REVIEW,NO_IF_STATIC_MODE,"Valid static case shard; useful for public/offline results mode but should be generated, not hand-maintained.",Keep only with generator/provenance policy.,2265,72,valid-json,aa80033934e7
frontend/public/data/cases/company-4-34143c6a-6a1b-4864-a68e-0d38c967b901-471642.json,KEEP_GENERATED_REVIEW,NO_IF_STATIC_MODE,"Valid static case shard; useful for public/offline results mode but should be generated, not hand-maintained.",Keep only with generator/provenance policy.,2245,72,valid-json,5babf7d0d5b3
frontend/public/data/cases/company-4-34143c6a-6a1b-4864-a68e-0d38c967b901-471683.json,KEEP_GENERATED_REVIEW,NO_IF_STATIC_MODE,"Valid static case shard; useful for public/offline results mode but should be generated, not hand-maintained.",Keep only with generator/provenance policy.,2390,72,valid-json,a3a1896dd4e1
frontend/public/data/cases/company-4-34143c6a-6a1b-4864-a68e-0d38c967b901-471695.json,KEEP_GENERATED_REVIEW,NO_IF_STATIC_MODE,"Valid static case shard; useful for public/offline results mode but should be generated, not hand-maintained.",Keep only with generator/provenance policy.,2242,72,valid-json,ff2710b4dd6d
frontend/public/data/cases/company-4-34143c6a-6a1b-4864-a68e-0d38c967b901-471700.json,KEEP_GENERATED_REVIEW,NO_IF_STATIC_MODE,"Valid static case shard; useful for public/offline results mode but should be generated, not hand-maintained.",Keep only with generator/provenance policy.,2282,72,valid-json,4e22e052cc50
frontend/public/data/cases/company-4-34143c6a-6a1b-4864-a68e-0d38c967b901-471703.json,KEEP_GENERATED_REVIEW,NO_IF_STATIC_MODE,"Valid static case shard; useful for public/offline results mode but should be generated, not hand-maintained.",Keep only with generator/provenance policy.,2266,72,valid-json,d0a3afe77d7a
frontend/public/data/cases/company-4-34143c6a-6a1b-4864-a68e-0d38c967b901-471704.json,KEEP_GENERATED_REVIEW,NO_IF_STATIC_MODE,"Valid static case shard; useful for public/offline results mode but should be generated, not hand-maintained.",Keep only with generator/provenance policy.,2304,72,valid-json,7fa1cee2a067
frontend/public/data/cases/company-4-34143c6a-6a1b-4864-a68e-0d38c967b901-471706.json,KEEP_GENERATED_REVIEW,NO_IF_STATIC_MODE,"Valid static case shard; useful for public/offline results mode but should be generated, not hand-maintained.",Keep only with generator/provenance policy.,2291,72,valid-json,9926b659dbcb
frontend/public/data/cases/company-4-34143c6a-6a1b-4864-a68e-0d38c967b901-471712.json,KEEP_GENERATED_REVIEW,NO_IF_STATIC_MODE,"Valid static case shard; useful for public/offline results mode but should be generated, not hand-maintained.",Keep only with generator/provenance policy.,2271,72,valid-json,b5e490ee37e3
frontend/public/data/cases/company-4-34143c6a-6a1b-4864-a68e-0d38c967b901-471719.json,KEEP_GENERATED_REVIEW,NO_IF_STATIC_MODE,"Valid static case shard; useful for public/offline results mode but should be generated, not hand-maintained.",Keep only with generator/provenance policy.,2284,72,valid-json,025c9b721fd2
frontend/public/data/cases/company-4-34143c6a-6a1b-4864-a68e-0d38c967b901-471743.json,KEEP_GENERATED_REVIEW,NO_IF_STATIC_MODE,"Valid static case shard; useful for public/offline results mode but should be generated, not hand-maintained.",Keep only with generator/provenance policy.,2355,72,valid-json,3206a485eb1e
frontend/public/data/cases/company-4-34143c6a-6a1b-4864-a68e-0d38c967b901-471764.json,KEEP_GENERATED_REVIEW,NO_IF_STATIC_MODE,"Valid static case shard; useful for public/offline results mode but should be generated, not hand-maintained.",Keep only with generator/provenance policy.,2345,72,valid-json,14127a4ebcf8
frontend/public/data/cases/company-4-34143c6a-6a1b-4864-a68e-0d38c967b901-471766.json,KEEP_GENERATED_REVIEW,NO_IF_STATIC_MODE,"Valid static case shard; useful for public/offline results mode but should be generated, not hand-maintained.",Keep only with generator/provenance policy.,2281,72,valid-json,3ebb6b4c7b04
frontend/public/data/cases/company-4-34143c6a-6a1b-4864-a68e-0d38c967b901-471767.json,KEEP_GENERATED_REVIEW,NO_IF_STATIC_MODE,"Valid static case shard; useful for public/offline results mode but should be generated, not hand-maintained.",Keep only with generator/provenance policy.,2331,72,valid-json,6adbe0fe5769
frontend/public/data/cases/company-4-34143c6a-6a1b-4864-a68e-0d38c967b901-471773.json,KEEP_GENERATED_REVIEW,NO_IF_STATIC_MODE,"Valid static case shard; useful for public/offline results mode but should be generated, not hand-maintained.",Keep only with generator/provenance policy.,2293,72,valid-json,89902738b6df
frontend/public/data/cases/company-4-34143c6a-6a1b-4864-a68e-0d38c967b901-471863.json,KEEP_GENERATED_REVIEW,NO_IF_STATIC_MODE,"Valid static case shard; useful for public/offline results mode but should be generated, not hand-maintained.",Keep only with generator/provenance policy.,2303,72,valid-json,c5928a1b1b38
frontend/public/data/cases/company-4-34143c6a-6a1b-4864-a68e-0d38c967b901-471867.json,KEEP_GENERATED_REVIEW,NO_IF_STATIC_MODE,"Valid static case shard; useful for public/offline results mode but should be generated, not hand-maintained.",Keep only with generator/provenance policy.,2287,72,valid-json,1edab5b04323
frontend/public/data/cases/company-4-34143c6a-6a1b-4864-a68e-0d38c967b901-471878.json,KEEP_GENERATED_REVIEW,NO_IF_STATIC_MODE,"Valid static case shard; useful for public/offline results mode but should be generated, not hand-maintained.",Keep only with generator/provenance policy.,2360,72,valid-json,db3ffaeecf21
frontend/public/data/cases/company-4-34143c6a-6a1b-4864-a68e-0d38c967b901-471882.json,KEEP_GENERATED_REVIEW,NO_IF_STATIC_MODE,"Valid static case shard; useful for public/offline results mode but should be generated, not hand-maintained.",Keep only with generator/provenance policy.,2252,72,valid-json,8b58771ff292
frontend/public/data/cases/company-4-34143c6a-6a1b-4864-a68e-0d38c967b901-471887.json,KEEP_GENERATED_REVIEW,NO_IF_STATIC_MODE,"Valid static case shard; useful for public/offline results mode but should be generated, not hand-maintained.",Keep only with generator/provenance policy.,2280,72,valid-json,cb3ed2bd6e0f
frontend/public/data/cases/company-4-34143c6a-6a1b-4864-a68e-0d38c967b901-471891.json,KEEP_GENERATED_REVIEW,NO_IF_STATIC_MODE,"Valid static case shard; useful for public/offline results mode but should be generated, not hand-maintained.",Keep only with generator/provenance policy.,2375,72,valid-json,a5d60754875a
frontend/public/data/cases/company-4-34143c6a-6a1b-4864-a68e-0d38c967b901-471892.json,KEEP_GENERATED_REVIEW,NO_IF_STATIC_MODE,"Valid static case shard; useful for public/offline results mode but should be generated, not hand-maintained.",Keep only with generator/provenance policy.,2305,72,valid-json,188ecc86fcce
frontend/public/data/cases/company-4-34143c6a-6a1b-4864-a68e-0d38c967b901-471893.json,KEEP_GENERATED_REVIEW,NO_IF_STATIC_MODE,"Valid static case shard; useful for public/offline results mode but should be generated, not hand-maintained.",Keep only with generator/provenance policy.,2318,72,valid-json,f2d921f2bec4
frontend/public/data/cases/company-4-34143c6a-6a1b-4864-a68e-0d38c967b901-471895.json,KEEP_GENERATED_REVIEW,NO_IF_STATIC_MODE,"Valid static case shard; useful for public/offline results mode but should be generated, not hand-maintained.",Keep only with generator/provenance policy.,2275,72,valid-json,3ed3181e60b3
frontend/public/data/cases/company-4-34143c6a-6a1b-4864-a68e-0d38c967b901-471915.json,KEEP_GENERATED_REVIEW,NO_IF_STATIC_MODE,"Valid static case shard; useful for public/offline results mode but should be generated, not hand-maintained.",Keep only with generator/provenance policy.,2322,72,valid-json,b7f08296cd83
frontend/public/data/cases/company-4-34143c6a-6a1b-4864-a68e-0d38c967b901-471921.json,KEEP_GENERATED_REVIEW,NO_IF_STATIC_MODE,"Valid static case shard; useful for public/offline results mode but should be generated, not hand-maintained.",Keep only with generator/provenance policy.,2271,72,valid-json,d40e2c2e4752
frontend/public/data/cases/company-4-34143c6a-6a1b-4864-a68e-0d38c967b901-471926.json,KEEP_GENERATED_REVIEW,NO_IF_STATIC_MODE,"Valid static case shard; useful for public/offline results mode but should be generated, not hand-maintained.",Keep only with generator/provenance policy.,2303,72,valid-json,aa81e65d2b81
frontend/public/data/cases/company-4-34143c6a-6a1b-4864-a68e-0d38c967b901-471941.json,KEEP_GENERATED_REVIEW,NO_IF_STATIC_MODE,"Valid static case shard; useful for public/offline results mode but should be generated, not hand-maintained.",Keep only with generator/provenance policy.,2356,72,valid-json,54b6edbd1751
frontend/public/data/cases/company-4-34143c6a-6a1b-4864-a68e-0d38c967b901-471947.json,KEEP_GENERATED_REVIEW,NO_IF_STATIC_MODE,"Valid static case shard; useful for public/offline results mode but should be generated, not hand-maintained.",Keep only with generator/provenance policy.,2294,72,valid-json,ea389d2bd53e
frontend/public/data/cases/company-4-34143c6a-6a1b-4864-a68e-0d38c967b901-471948.json,KEEP_GENERATED_REVIEW,NO_IF_STATIC_MODE,"Valid static case shard; useful for public/offline results mode but should be generated, not hand-maintained.",Keep only with generator/provenance policy.,2296,72,valid-json,5f7d27ad8159
frontend/public/data/cases/company-4-34143c6a-6a1b-4864-a68e-0d38c967b901-471950.json,KEEP_GENERATED_REVIEW,NO_IF_STATIC_MODE,"Valid static case shard; useful for public/offline results mode but should be generated, not hand-maintained.",Keep only with generator/provenance policy.,2284,72,valid-json,fbb5111c4bec
frontend/public/data/cases/company-4-34143c6a-6a1b-4864-a68e-0d38c967b901-471955.json,KEEP_GENERATED_REVIEW,NO_IF_STATIC_MODE,"Valid static case shard; useful for public/offline results mode but should be generated, not hand-maintained.",Keep only with generator/provenance policy.,2271,72,valid-json,e6f0be7d3628
frontend/public/data/cases/company-4-34143c6a-6a1b-4864-a68e-0d38c967b901-471957.json,KEEP_GENERATED_REVIEW,NO_IF_STATIC_MODE,"Valid static case shard; useful for public/offline results mode but should be generated, not hand-maintained.",Keep only with generator/provenance policy.,2305,72,valid-json,7d6b41975dce
frontend/public/data/cases/company-4-34143c6a-6a1b-4864-a68e-0d38c967b901-471959.json,KEEP_GENERATED_REVIEW,NO_IF_STATIC_MODE,"Valid static case shard; useful for public/offline results mode but should be generated, not hand-maintained.",Keep only with generator/provenance policy.,2268,72,valid-json,2aa93866f312
frontend/public/data/cases/company-4-34143c6a-6a1b-4864-a68e-0d38c967b901-471967.json,KEEP_GENERATED_REVIEW,NO_IF_STATIC_MODE,"Valid static case shard; useful for public/offline results mode but should be generated, not hand-maintained.",Keep only with generator/provenance policy.,2272,72,valid-json,f4afc6849739
frontend/public/data/cases/company-4-34143c6a-6a1b-4864-a68e-0d38c967b901-471968.json,KEEP_GENERATED_REVIEW,NO_IF_STATIC_MODE,"Valid static case shard; useful for public/offline results mode but should be generated, not hand-maintained.",Keep only with generator/provenance policy.,2311,72,valid-json,d85386ca648c
frontend/public/data/cases/company-4-34143c6a-6a1b-4864-a68e-0d38c967b901-471969.json,KEEP_GENERATED_REVIEW,NO_IF_STATIC_MODE,"Valid static case shard; useful for public/offline results mode but should be generated, not hand-maintained.",Keep only with generator/provenance policy.,2277,72,valid-json,1b1ad1478868
frontend/public/data/cases/company-4-34143c6a-6a1b-4864-a68e-0d38c967b901-471977.json,KEEP_GENERATED_REVIEW,NO_IF_STATIC_MODE,"Valid static case shard; useful for public/offline results mode but should be generated, not hand-maintained.",Keep only with generator/provenance policy.,2369,72,valid-json,ed26641bd585
frontend/public/data/cases/company-4-34143c6a-6a1b-4864-a68e-0d38c967b901-471981.json,KEEP_GENERATED_REVIEW,NO_IF_STATIC_MODE,"Valid static case shard; useful for public/offline results mode but should be generated, not hand-maintained.",Keep only with generator/provenance policy.,2287,72,valid-json,4a9159e73dab
frontend/public/data/cases/company-4-34143c6a-6a1b-4864-a68e-0d38c967b901-471987.json,KEEP_GENERATED_REVIEW,NO_IF_STATIC_MODE,"Valid static case shard; useful for public/offline results mode but should be generated, not hand-maintained.",Keep only with generator/provenance policy.,2355,72,valid-json,a620db814e0d
frontend/public/data/cases/company-4-34143c6a-6a1b-4864-a68e-0d38c967b901-471998.json,KEEP_GENERATED_REVIEW,NO_IF_STATIC_MODE,"Valid static case shard; useful for public/offline results mode but should be generated, not hand-maintained.",Keep only with generator/provenance policy.,2236,72,valid-json,968d2f7f2e47
frontend/public/data/cases/company-4-34143c6a-6a1b-4864-a68e-0d38c967b901-471999.json,KEEP_GENERATED_REVIEW,NO_IF_STATIC_MODE,"Valid static case shard; useful for public/offline results mode but should be generated, not hand-maintained.",Keep only with generator/provenance policy.,2334,72,valid-json,554fbf5d0a27
frontend/public/data/cases/company-4-34143c6a-6a1b-4864-a68e-0d38c967b901-472002.json,KEEP_GENERATED_REVIEW,NO_IF_STATIC_MODE,"Valid static case shard; useful for public/offline results mode but should be generated, not hand-maintained.",Keep only with generator/provenance policy.,2276,72,valid-json,906bb5e5ce80
frontend/public/data/cases/company-4-34143c6a-6a1b-4864-a68e-0d38c967b901-472011.json,KEEP_GENERATED_REVIEW,NO_IF_STATIC_MODE,"Valid static case shard; useful for public/offline results mode but should be generated, not hand-maintained.",Keep only with generator/provenance policy.,2257,72,valid-json,5cb37a3253e4
frontend/public/data/cases/company-4-34143c6a-6a1b-4864-a68e-0d38c967b901-472016.json,KEEP_GENERATED_REVIEW,NO_IF_STATIC_MODE,"Valid static case shard; useful for public/offline results mode but should be generated, not hand-maintained.",Keep only with generator/provenance policy.,2285,72,valid-json,88752fed93c0
frontend/public/data/cases/company-4-34143c6a-6a1b-4864-a68e-0d38c967b901-472017.json,KEEP_GENERATED_REVIEW,NO_IF_STATIC_MODE,"Valid static case shard; useful for public/offline results mode but should be generated, not hand-maintained.",Keep only with generator/provenance policy.,2294,72,valid-json,d023b8a3b951
frontend/public/data/cases/company-4-34143c6a-6a1b-4864-a68e-0d38c967b901-472029.json,KEEP_GENERATED_REVIEW,NO_IF_STATIC_MODE,"Valid static case shard; useful for public/offline results mode but should be generated, not hand-maintained.",Keep only with generator/provenance policy.,2278,72,valid-json,cbed1c7d5d1d
frontend/public/data/cases/company-4-34143c6a-6a1b-4864-a68e-0d38c967b901-472030.json,KEEP_GENERATED_REVIEW,NO_IF_STATIC_MODE,"Valid static case shard; useful for public/offline results mode but should be generated, not hand-maintained.",Keep only with generator/provenance policy.,2275,72,valid-json,3f2473689700
frontend/public/data/cases/company-4-34143c6a-6a1b-4864-a68e-0d38c967b901-472033.json,KEEP_GENERATED_REVIEW,NO_IF_STATIC_MODE,"Valid static case shard; useful for public/offline results mode but should be generated, not hand-maintained.",Keep only with generator/provenance policy.,2283,72,valid-json,edf2af863601
frontend/public/data/cases/company-4-34143c6a-6a1b-4864-a68e-0d38c967b901-472036.json,KEEP_GENERATED_REVIEW,NO_IF_STATIC_MODE,"Valid static case shard; useful for public/offline results mode but should be generated, not hand-maintained.",Keep only with generator/provenance policy.,2290,72,valid-json,8a1e4713ee6b
frontend/public/data/cases/company-4-34143c6a-6a1b-4864-a68e-0d38c967b901-472037.json,KEEP_GENERATED_REVIEW,NO_IF_STATIC_MODE,"Valid static case shard; useful for public/offline results mode but should be generated, not hand-maintained.",Keep only with generator/provenance policy.,2289,72,valid-json,4bce0f4fa79b
frontend/public/data/cases/company-4-34143c6a-6a1b-4864-a68e-0d38c967b901-472040.json,KEEP_GENERATED_REVIEW,NO_IF_STATIC_MODE,"Valid static case shard; useful for public/offline results mode but should be generated, not hand-maintained.",Keep only with generator/provenance policy.,2281,72,valid-json,025f8c18d1c0
frontend/public/data/cases/company-4-34143c6a-6a1b-4864-a68e-0d38c967b901-472047.json,KEEP_GENERATED_REVIEW,NO_IF_STATIC_MODE,"Valid static case shard; useful for public/offline results mode but should be generated, not hand-maintained.",Keep only with generator/provenance policy.,2254,72,valid-json,2504362cc1c4
frontend/public/data/cases/company-4-34143c6a-6a1b-4864-a68e-0d38c967b901-472048.json,KEEP_GENERATED_REVIEW,NO_IF_STATIC_MODE,"Valid static case shard; useful for public/offline results mode but should be generated, not hand-maintained.",Keep only with generator/provenance policy.,2293,72,valid-json,912fc89b4f56
frontend/public/data/cases/company-4-34143c6a-6a1b-4864-a68e-0d38c967b901-472054.json,KEEP_GENERATED_REVIEW,NO_IF_STATIC_MODE,"Valid static case shard; useful for public/offline results mode but should be generated, not hand-maintained.",Keep only with generator/provenance policy.,2257,72,valid-json,58cc62b8e700
frontend/public/data/cases/company-4-34143c6a-6a1b-4864-a68e-0d38c967b901-472056.json,KEEP_GENERATED_REVIEW,NO_IF_STATIC_MODE,"Valid static case shard; useful for public/offline results mode but should be generated, not hand-maintained.",Keep only with generator/provenance policy.,2257,72,valid-json,ae8c2c6bf62f
frontend/public/data/cases/company-4-34143c6a-6a1b-4864-a68e-0d38c967b901-472066.json,KEEP_GENERATED_REVIEW,NO_IF_STATIC_MODE,"Valid static case shard; useful for public/offline results mode but should be generated, not hand-maintained.",Keep only with generator/provenance policy.,2284,72,valid-json,8fdb6cd803bb
frontend/public/data/cases/company-4-34143c6a-6a1b-4864-a68e-0d38c967b901-472067.json,KEEP_GENERATED_REVIEW,NO_IF_STATIC_MODE,"Valid static case shard; useful for public/offline results mode but should be generated, not hand-maintained.",Keep only with generator/provenance policy.,2260,72,valid-json,d912d5aad1f5
frontend/public/data/cases/company-4-34143c6a-6a1b-4864-a68e-0d38c967b901-472082.json,KEEP_GENERATED_REVIEW,NO_IF_STATIC_MODE,"Valid static case shard; useful for public/offline results mode but should be generated, not hand-maintained.",Keep only with generator/provenance policy.,2275,72,valid-json,5fd9e907093e
frontend/public/data/cases/company-4-34143c6a-6a1b-4864-a68e-0d38c967b901-472084.json,KEEP_GENERATED_REVIEW,NO_IF_STATIC_MODE,"Valid static case shard; useful for public/offline results mode but should be generated, not hand-maintained.",Keep only with generator/provenance policy.,2263,72,valid-json,7be08d1119eb
frontend/public/data/cases/company-4-34143c6a-6a1b-4864-a68e-0d38c967b901-472085.json,KEEP_GENERATED_REVIEW,NO_IF_STATIC_MODE,"Valid static case shard; useful for public/offline results mode but should be generated, not hand-maintained.",Keep only with generator/provenance policy.,2284,72,valid-json,c746302e4b44
frontend/public/data/cases/company-4-34143c6a-6a1b-4864-a68e-0d38c967b901-472089.json,KEEP_GENERATED_REVIEW,NO_IF_STATIC_MODE,"Valid static case shard; useful for public/offline results mode but should be generated, not hand-maintained.",Keep only with generator/provenance policy.,2275,72,valid-json,aa4dc8fd21f4
frontend/public/data/cases/company-4-34143c6a-6a1b-4864-a68e-0d38c967b901-472096.json,KEEP_GENERATED_REVIEW,NO_IF_STATIC_MODE,"Valid static case shard; useful for public/offline results mode but should be generated, not hand-maintained.",Keep only with generator/provenance policy.,2263,72,valid-json,e986025b743d
frontend/public/data/cases/company-4-34143c6a-6a1b-4864-a68e-0d38c967b901-472097.json,KEEP_GENERATED_REVIEW,NO_IF_STATIC_MODE,"Valid static case shard; useful for public/offline results mode but should be generated, not hand-maintained.",Keep only with generator/provenance policy.,2263,72,valid-json,a075101c505d
frontend/public/data/cases/company-4-34143c6a-6a1b-4864-a68e-0d38c967b901-472102.json,KEEP_GENERATED_REVIEW,NO_IF_STATIC_MODE,"Valid static case shard; useful for public/offline results mode but should be generated, not hand-maintained.",Keep only with generator/provenance policy.,2269,72,valid-json,737663a2dbb3
frontend/public/data/cases/company-4-34143c6a-6a1b-4864-a68e-0d38c967b901-472108.json,KEEP_GENERATED_REVIEW,NO_IF_STATIC_MODE,"Valid static case shard; useful for public/offline results mode but should be generated, not hand-maintained.",Keep only with generator/provenance policy.,2287,72,valid-json,5297ab7362ab
frontend/public/data/cases/company-4-34143c6a-6a1b-4864-a68e-0d38c967b901-472131.json,KEEP_GENERATED_REVIEW,NO_IF_STATIC_MODE,"Valid static case shard; useful for public/offline results mode but should be generated, not hand-maintained.",Keep only with generator/provenance policy.,2293,72,valid-json,1057820dc0ce
frontend/public/data/cases/company-4-34143c6a-6a1b-4864-a68e-0d38c967b901-472134.json,KEEP_GENERATED_REVIEW,NO_IF_STATIC_MODE,"Valid static case shard; useful for public/offline results mode but should be generated, not hand-maintained.",Keep only with generator/provenance policy.,2268,72,valid-json,c7ec6a2faf67
frontend/public/data/cases/company-4-34143c6a-6a1b-4864-a68e-0d38c967b901-472136.json,KEEP_GENERATED_REVIEW,NO_IF_STATIC_MODE,"Valid static case shard; useful for public/offline results mode but should be generated, not hand-maintained.",Keep only with generator/provenance policy.,2267,72,valid-json,5e738cde7622
frontend/public/data/cases/company-4-34143c6a-6a1b-4864-a68e-0d38c967b901-472137.json,KEEP_GENERATED_REVIEW,NO_IF_STATIC_MODE,"Valid static case shard; useful for public/offline results mode but should be generated, not hand-maintained.",Keep only with generator/provenance policy.,2260,72,valid-json,8d97be1c198e
frontend/public/data/cases/company-4-34143c6a-6a1b-4864-a68e-0d38c967b901-472162.json,KEEP_GENERATED_REVIEW,NO_IF_STATIC_MODE,"Valid static case shard; useful for public/offline results mode but should be generated, not hand-maintained.",Keep only with generator/provenance policy.,2245,72,valid-json,db43d925bf60
frontend/public/data/cases/company-4-34143c6a-6a1b-4864-a68e-0d38c967b901-472165.json,KEEP_GENERATED_REVIEW,NO_IF_STATIC_MODE,"Valid static case shard; useful for public/offline results mode but should be generated, not hand-maintained.",Keep only with generator/provenance policy.,2330,72,valid-json,072fe40b495b
frontend/public/data/cases/company-4-34143c6a-6a1b-4864-a68e-0d38c967b901-472174.json,KEEP_GENERATED_REVIEW,NO_IF_STATIC_MODE,"Valid static case shard; useful for public/offline results mode but should be generated, not hand-maintained.",Keep only with generator/provenance policy.,2281,72,valid-json,f40ef94c56e7
frontend/public/data/cases/company-4-34143c6a-6a1b-4864-a68e-0d38c967b901-472202.json,KEEP_GENERATED_REVIEW,NO_IF_STATIC_MODE,"Valid static case shard; useful for public/offline results mode but should be generated, not hand-maintained.",Keep only with generator/provenance policy.,2277,72,valid-json,dfc3f8ec40bf
frontend/public/data/cases/company-4-34143c6a-6a1b-4864-a68e-0d38c967b901-472222.json,KEEP_GENERATED_REVIEW,NO_IF_STATIC_MODE,"Valid static case shard; useful for public/offline results mode but should be generated, not hand-maintained.",Keep only with generator/provenance policy.,2250,72,valid-json,691432cfce50
frontend/public/data/cases/company-4-34143c6a-6a1b-4864-a68e-0d38c967b901-472224.json,KEEP_GENERATED_REVIEW,NO_IF_STATIC_MODE,"Valid static case shard; useful for public/offline results mode but should be generated, not hand-maintained.",Keep only with generator/provenance policy.,2281,72,valid-json,353a15cd8711
frontend/public/data/cases/company-4-34143c6a-6a1b-4864-a68e-0d38c967b901-472232.json,KEEP_GENERATED_REVIEW,NO_IF_STATIC_MODE,"Valid static case shard; useful for public/offline results mode but should be generated, not hand-maintained.",Keep only with generator/provenance policy.,2281,72,valid-json,a1b56e37541b
frontend/public/data/cases/company-4-34143c6a-6a1b-4864-a68e-0d38c967b901-472242.json,KEEP_GENERATED_REVIEW,NO_IF_STATIC_MODE,"Valid static case shard; useful for public/offline results mode but should be generated, not hand-maintained.",Keep only with generator/provenance policy.,2281,72,valid-json,1cf2aa0bbcd1
frontend/public/data/cases/company-4-34143c6a-6a1b-4864-a68e-0d38c967b901-472251.json,KEEP_GENERATED_REVIEW,NO_IF_STATIC_MODE,"Valid static case shard; useful for public/offline results mode but should be generated, not hand-maintained.",Keep only with generator/provenance policy.,2269,72,valid-json,0d702bb09dd7
frontend/public/data/cases/company-4-34143c6a-6a1b-4864-a68e-0d38c967b901-472256.json,KEEP_GENERATED_REVIEW,NO_IF_STATIC_MODE,"Valid static case shard; useful for public/offline results mode but should be generated, not hand-maintained.",Keep only with generator/provenance policy.,2885,90,valid-json,dec616e16be1
frontend/public/data/cases/company-4-34143c6a-6a1b-4864-a68e-0d38c967b901-472263.json,KEEP_GENERATED_REVIEW,NO_IF_STATIC_MODE,"Valid static case shard; useful for public/offline results mode but should be generated, not hand-maintained.",Keep only with generator/provenance policy.,2275,72,valid-json,18c565ab0165
frontend/public/data/cases/company-4-34143c6a-6a1b-4864-a68e-0d38c967b901-472272.json,KEEP_GENERATED_REVIEW,NO_IF_STATIC_MODE,"Valid static case shard; useful for public/offline results mode but should be generated, not hand-maintained.",Keep only with generator/provenance policy.,2254,72,valid-json,9ae59887b818
frontend/public/data/cases/company-4-34143c6a-6a1b-4864-a68e-0d38c967b901-472276.json,KEEP_GENERATED_REVIEW,NO_IF_STATIC_MODE,"Valid static case shard; useful for public/offline results mode but should be generated, not hand-maintained.",Keep only with generator/provenance policy.,2271,72,valid-json,dcf199506d57
frontend/public/data/cases/company-4-34143c6a-6a1b-4864-a68e-0d38c967b901-472280.json,KEEP_GENERATED_REVIEW,NO_IF_STATIC_MODE,"Valid static case shard; useful for public/offline results mode but should be generated, not hand-maintained.",Keep only with generator/provenance policy.,2315,72,valid-json,899874387e1e
frontend/public/data/cases/company-4-34143c6a-6a1b-4864-a68e-0d38c967b901-472317.json,KEEP_GENERATED_REVIEW,NO_IF_STATIC_MODE,"Valid static case shard; useful for public/offline results mode but should be generated, not hand-maintained.",Keep only with generator/provenance policy.,2263,72,valid-json,6083113cabd4
frontend/public/data/cases/company-4-34143c6a-6a1b-4864-a68e-0d38c967b901-472318.json,KEEP_GENERATED_REVIEW,NO_IF_STATIC_MODE,"Valid static case shard; useful for public/offline results mode but should be generated, not hand-maintained.",Keep only with generator/provenance policy.,2281,72,valid-json,62b71ec99953
frontend/public/data/cases/company-4-34143c6a-6a1b-4864-a68e-0d38c967b901-472334.json,KEEP_GENERATED_REVIEW,NO_IF_STATIC_MODE,"Valid static case shard; useful for public/offline results mode but should be generated, not hand-maintained.",Keep only with generator/provenance policy.,2287,72,valid-json,cba5d138f47d
frontend/public/data/cases/company-4-34143c6a-6a1b-4864-a68e-0d38c967b901-472337.json,KEEP_GENERATED_REVIEW,NO_IF_STATIC_MODE,"Valid static case shard; useful for public/offline results mode but should be generated, not hand-maintained.",Keep only with generator/provenance policy.,2313,72,valid-json,97993686421b
frontend/public/data/cases/company-4-34143c6a-6a1b-4864-a68e-0d38c967b901-472340.json,KEEP_GENERATED_REVIEW,NO_IF_STATIC_MODE,"Valid static case shard; useful for public/offline results mode but should be generated, not hand-maintained.",Keep only with generator/provenance policy.,2254,72,valid-json,05cdb7645f76
frontend/public/data/cases/company-4-34143c6a-6a1b-4864-a68e-0d38c967b901-472345.json,KEEP_GENERATED_REVIEW,NO_IF_STATIC_MODE,"Valid static case shard; useful for public/offline results mode but should be generated, not hand-maintained.",Keep only with generator/provenance policy.,2274,72,valid-json,78473a21f9a0
frontend/public/data/cases/company-4-34143c6a-6a1b-4864-a68e-0d38c967b901-472352.json,KEEP_GENERATED_REVIEW,NO_IF_STATIC_MODE,"Valid static case shard; useful for public/offline results mode but should be generated, not hand-maintained.",Keep only with generator/provenance policy.,2260,72,valid-json,2b06522602e4
frontend/public/data/cases/company-4-34143c6a-6a1b-4864-a68e-0d38c967b901-472364.json,KEEP_GENERATED_REVIEW,NO_IF_STATIC_MODE,"Valid static case shard; useful for public/offline results mode but should be generated, not hand-maintained.",Keep only with generator/provenance policy.,2249,72,valid-json,392df85a3136
frontend/public/data/cases/company-4-34143c6a-6a1b-4864-a68e-0d38c967b901-472367.json,KEEP_GENERATED_REVIEW,NO_IF_STATIC_MODE,"Valid static case shard; useful for public/offline results mode but should be generated, not hand-maintained.",Keep only with generator/provenance policy.,2272,72,valid-json,3dd8982476ea
frontend/public/data/cases/company-4-34143c6a-6a1b-4864-a68e-0d38c967b901-472369.json,KEEP_GENERATED_REVIEW,NO_IF_STATIC_MODE,"Valid static case shard; useful for public/offline results mode but should be generated, not hand-maintained.",Keep only with generator/provenance policy.,2275,72,valid-json,84a6520fee7a
frontend/public/data/cases/company-4-34143c6a-6a1b-4864-a68e-0d38c967b901-472371.json,KEEP_GENERATED_REVIEW,NO_IF_STATIC_MODE,"Valid static case shard; useful for public/offline results mode but should be generated, not hand-maintained.",Keep only with generator/provenance policy.,2377,72,valid-json,d6f158d1ca3e
frontend/public/data/cases/company-4-34143c6a-6a1b-4864-a68e-0d38c967b901-472381.json,KEEP_GENERATED_REVIEW,NO_IF_STATIC_MODE,"Valid static case shard; useful for public/offline results mode but should be generated, not hand-maintained.",Keep only with generator/provenance policy.,2270,72,valid-json,9fafebd5272d
frontend/public/data/cases/company-4-34143c6a-6a1b-4864-a68e-0d38c967b901-472401.json,KEEP_GENERATED_REVIEW,NO_IF_STATIC_MODE,"Valid static case shard; useful for public/offline results mode but should be generated, not hand-maintained.",Keep only with generator/provenance policy.,2257,72,valid-json,b106bb03226d
frontend/public/data/cases/company-4-34143c6a-6a1b-4864-a68e-0d38c967b901-472404.json,KEEP_GENERATED_REVIEW,NO_IF_STATIC_MODE,"Valid static case shard; useful for public/offline results mode but should be generated, not hand-maintained.",Keep only with generator/provenance policy.,2263,72,valid-json,59339073d0b2
frontend/public/data/cases/company-4-34143c6a-6a1b-4864-a68e-0d38c967b901-472415.json,KEEP_GENERATED_REVIEW,NO_IF_STATIC_MODE,"Valid static case shard; useful for public/offline results mode but should be generated, not hand-maintained.",Keep only with generator/provenance policy.,2278,72,valid-json,336c6da5265d
frontend/public/data/cases/company-4-34143c6a-6a1b-4864-a68e-0d38c967b901-472420.json,KEEP_GENERATED_REVIEW,NO_IF_STATIC_MODE,"Valid static case shard; useful for public/offline results mode but should be generated, not hand-maintained.",Keep only with generator/provenance policy.,2302,72,valid-json,2f5b8994722c
frontend/public/data/cases/company-4-34143c6a-6a1b-4864-a68e-0d38c967b901-472428.json,KEEP_GENERATED_REVIEW,NO_IF_STATIC_MODE,"Valid static case shard; useful for public/offline results mode but should be generated, not hand-maintained.",Keep only with generator/provenance policy.,2301,72,valid-json,d1a776d3afd2
frontend/public/data/cases/company-4-34143c6a-6a1b-4864-a68e-0d38c967b901-472449.json,KEEP_GENERATED_REVIEW,NO_IF_STATIC_MODE,"Valid static case shard; useful for public/offline results mode but should be generated, not hand-maintained.",Keep only with generator/provenance policy.,2310,72,valid-json,ad1852b486ad
frontend/public/data/cases/company-4-34143c6a-6a1b-4864-a68e-0d38c967b901-472460.json,KEEP_GENERATED_REVIEW,NO_IF_STATIC_MODE,"Valid static case shard; useful for public/offline results mode but should be generated, not hand-maintained.",Keep only with generator/provenance policy.,2302,72,valid-json,d874c35a89db
frontend/public/data/cases/company-4-34143c6a-6a1b-4864-a68e-0d38c967b901-472461.json,KEEP_GENERATED_REVIEW,NO_IF_STATIC_MODE,"Valid static case shard; useful for public/offline results mode but should be generated, not hand-maintained.",Keep only with generator/provenance policy.,2301,72,valid-json,19253e5c0574
frontend/public/data/cases/company-4-34143c6a-6a1b-4864-a68e-0d38c967b901-472470.json,KEEP_GENERATED_REVIEW,NO_IF_STATIC_MODE,"Valid static case shard; useful for public/offline results mode but should be generated, not hand-maintained.",Keep only with generator/provenance policy.,2285,72,valid-json,f3e4fe10d971
frontend/public/data/cases/company-4-34143c6a-6a1b-4864-a68e-0d38c967b901-472471.json,KEEP_GENERATED_REVIEW,NO_IF_STATIC_MODE,"Valid static case shard; useful for public/offline results mode but should be generated, not hand-maintained.",Keep only with generator/provenance policy.,2279,72,valid-json,ae84cd9eba26
frontend/public/data/cases/company-4-34143c6a-6a1b-4864-a68e-0d38c967b901-472509.json,KEEP_GENERATED_REVIEW,NO_IF_STATIC_MODE,"Valid static case shard; useful for public/offline results mode but should be generated, not hand-maintained.",Keep only with generator/provenance policy.,2265,72,valid-json,2e5712444c28
frontend/public/data/cases/company-4-34143c6a-6a1b-4864-a68e-0d38c967b901-472569.json,KEEP_GENERATED_REVIEW,NO_IF_STATIC_MODE,"Valid static case shard; useful for public/offline results mode but should be generated, not hand-maintained.",Keep only with generator/provenance policy.,2278,72,valid-json,7a0d2e07b570
frontend/public/data/cases/company-4-34143c6a-6a1b-4864-a68e-0d38c967b901-472694.json,KEEP_GENERATED_REVIEW,NO_IF_STATIC_MODE,"Valid static case shard; useful for public/offline results mode but should be generated, not hand-maintained.",Keep only with generator/provenance policy.,2278,72,valid-json,6fc184c4f2f1
frontend/public/data/cases/company-4-34143c6a-6a1b-4864-a68e-0d38c967b901-472703.json,KEEP_GENERATED_REVIEW,NO_IF_STATIC_MODE,"Valid static case shard; useful for public/offline results mode but should be generated, not hand-maintained.",Keep only with generator/provenance policy.,2373,72,valid-json,eac8fc675044
frontend/public/data/cases/company-4-34143c6a-6a1b-4864-a68e-0d38c967b901-472705.json,KEEP_GENERATED_REVIEW,NO_IF_STATIC_MODE,"Valid static case shard; useful for public/offline results mode but should be generated, not hand-maintained.",Keep only with generator/provenance policy.,2317,72,valid-json,d0390467834f
frontend/public/data/cases/company-4-34143c6a-6a1b-4864-a68e-0d38c967b901-472706.json,KEEP_GENERATED_REVIEW,NO_IF_STATIC_MODE,"Valid static case shard; useful for public/offline results mode but should be generated, not hand-maintained.",Keep only with generator/provenance policy.,2251,72,valid-json,d8c998d40a22
frontend/public/data/cases/company-4-34143c6a-6a1b-4864-a68e-0d38c967b901-472707.json,KEEP_GENERATED_REVIEW,NO_IF_STATIC_MODE,"Valid static case shard; useful for public/offline results mode but should be generated, not hand-maintained.",Keep only with generator/provenance policy.,2319,72,valid-json,3bafae0f2ada
frontend/public/data/cases/company-4-34143c6a-6a1b-4864-a68e-0d38c967b901-472711.json,KEEP_GENERATED_REVIEW,NO_IF_STATIC_MODE,"Valid static case shard; useful for public/offline results mode but should be generated, not hand-maintained.",Keep only with generator/provenance policy.,2304,72,valid-json,128ff3704503
frontend/public/data/cases/company-4-34143c6a-6a1b-4864-a68e-0d38c967b901-472714.json,KEEP_GENERATED_REVIEW,NO_IF_STATIC_MODE,"Valid static case shard; useful for public/offline results mode but should be generated, not hand-maintained.",Keep only with generator/provenance policy.,2277,72,valid-json,11c30f1524a0
frontend/public/data/cases/company-4-34143c6a-6a1b-4864-a68e-0d38c967b901-472719.json,KEEP_GENERATED_REVIEW,NO_IF_STATIC_MODE,"Valid static case shard; useful for public/offline results mode but should be generated, not hand-maintained.",Keep only with generator/provenance policy.,2279,72,valid-json,9c0f86150332
frontend/public/data/cases/company-4-34143c6a-6a1b-4864-a68e-0d38c967b901-472723.json,KEEP_GENERATED_REVIEW,NO_IF_STATIC_MODE,"Valid static case shard; useful for public/offline results mode but should be generated, not hand-maintained.",Keep only with generator/provenance policy.,2272,72,valid-json,d85628709851
frontend/public/data/cases/company-4-34143c6a-6a1b-4864-a68e-0d38c967b901-472725.json,KEEP_GENERATED_REVIEW,NO_IF_STATIC_MODE,"Valid static case shard; useful for public/offline results mode but should be generated, not hand-maintained.",Keep only with generator/provenance policy.,2281,72,valid-json,f2bdbd54b966
frontend/public/data/cases/company-4-34143c6a-6a1b-4864-a68e-0d38c967b901-472726.json,KEEP_GENERATED_REVIEW,NO_IF_STATIC_MODE,"Valid static case shard; useful for public/offline results mode but should be generated, not hand-maintained.",Keep only with generator/provenance policy.,2260,72,valid-json,b5fc8c1bf40f
frontend/public/data/cases/company-4-34143c6a-6a1b-4864-a68e-0d38c967b901-472733.json,KEEP_GENERATED_REVIEW,NO_IF_STATIC_MODE,"Valid static case shard; useful for public/offline results mode but should be generated, not hand-maintained.",Keep only with generator/provenance policy.,2287,72,valid-json,f7fb7977e8c5
frontend/public/data/cases/company-4-34143c6a-6a1b-4864-a68e-0d38c967b901-472737.json,KEEP_GENERATED_REVIEW,NO_IF_STATIC_MODE,"Valid static case shard; useful for public/offline results mode but should be generated, not hand-maintained.",Keep only with generator/provenance policy.,2288,72,valid-json,70cc9c0bac8e
frontend/public/data/cases/company-4-34143c6a-6a1b-4864-a68e-0d38c967b901-472769.json,KEEP_GENERATED_REVIEW,NO_IF_STATIC_MODE,"Valid static case shard; useful for public/offline results mode but should be generated, not hand-maintained.",Keep only with generator/provenance policy.,2278,72,valid-json,ca2219954ade
frontend/public/data/cases/company-4-34143c6a-6a1b-4864-a68e-0d38c967b901-472781.json,KEEP_GENERATED_REVIEW,NO_IF_STATIC_MODE,"Valid static case shard; useful for public/offline results mode but should be generated, not hand-maintained.",Keep only with generator/provenance policy.,2331,72,valid-json,acba697cf2c8
frontend/public/data/cases/company-4-34143c6a-6a1b-4864-a68e-0d38c967b901-472782.json,KEEP_GENERATED_REVIEW,NO_IF_STATIC_MODE,"Valid static case shard; useful for public/offline results mode but should be generated, not hand-maintained.",Keep only with generator/provenance policy.,2263,72,valid-json,99f9009976b1
frontend/public/data/cases/company-4-34143c6a-6a1b-4864-a68e-0d38c967b901-472786.json,KEEP_GENERATED_REVIEW,NO_IF_STATIC_MODE,"Valid static case shard; useful for public/offline results mode but should be generated, not hand-maintained.",Keep only with generator/provenance policy.,2271,72,valid-json,4c11fcb50213
frontend/public/data/cases/company-4-34143c6a-6a1b-4864-a68e-0d38c967b901-472808.json,KEEP_GENERATED_REVIEW,NO_IF_STATIC_MODE,"Valid static case shard; useful for public/offline results mode but should be generated, not hand-maintained.",Keep only with generator/provenance policy.,2287,72,valid-json,41b8968eb0bb
frontend/public/data/cases/company-4-34143c6a-6a1b-4864-a68e-0d38c967b901-472821.json,KEEP_GENERATED_REVIEW,NO_IF_STATIC_MODE,"Valid static case shard; useful for public/offline results mode but should be generated, not hand-maintained.",Keep only with generator/provenance policy.,2354,72,valid-json,e5fa8d9cfbc0
frontend/public/data/cases/company-4-34143c6a-6a1b-4864-a68e-0d38c967b901-472834.json,KEEP_GENERATED_REVIEW,NO_IF_STATIC_MODE,"Valid static case shard; useful for public/offline results mode but should be generated, not hand-maintained.",Keep only with generator/provenance policy.,2275,72,valid-json,cfc21b0e6f71
frontend/public/data/cases/company-4-34143c6a-6a1b-4864-a68e-0d38c967b901-472835.json,KEEP_GENERATED_REVIEW,NO_IF_STATIC_MODE,"Valid static case shard; useful for public/offline results mode but should be generated, not hand-maintained.",Keep only with generator/provenance policy.,2325,72,valid-json,c453723ad151
frontend/public/data/cases/company-4-34143c6a-6a1b-4864-a68e-0d38c967b901-472863.json,KEEP_GENERATED_REVIEW,NO_IF_STATIC_MODE,"Valid static case shard; useful for public/offline results mode but should be generated, not hand-maintained.",Keep only with generator/provenance policy.,2247,72,valid-json,43ab952a5b87
frontend/public/data/cases/company-4-34143c6a-6a1b-4864-a68e-0d38c967b901-472865.json,KEEP_GENERATED_REVIEW,NO_IF_STATIC_MODE,"Valid static case shard; useful for public/offline results mode but should be generated, not hand-maintained.",Keep only with generator/provenance policy.,2305,72,valid-json,62bdf75a3768
frontend/public/data/cases/company-4-34143c6a-6a1b-4864-a68e-0d38c967b901-472882.json,KEEP_GENERATED_REVIEW,NO_IF_STATIC_MODE,"Valid static case shard; useful for public/offline results mode but should be generated, not hand-maintained.",Keep only with generator/provenance policy.,2376,72,valid-json,90858e6383e9
frontend/public/data/cases/company-4-34143c6a-6a1b-4864-a68e-0d38c967b901-472891.json,KEEP_GENERATED_REVIEW,NO_IF_STATIC_MODE,"Valid static case shard; useful for public/offline results mode but should be generated, not hand-maintained.",Keep only with generator/provenance policy.,2298,72,valid-json,5c467bd92740
frontend/public/data/cases/company-4-34143c6a-6a1b-4864-a68e-0d38c967b901-472895.json,KEEP_GENERATED_REVIEW,NO_IF_STATIC_MODE,"Valid static case shard; useful for public/offline results mode but should be generated, not hand-maintained.",Keep only with generator/provenance policy.,2291,72,valid-json,ad98683607f0
frontend/public/data/cases/company-4-34143c6a-6a1b-4864-a68e-0d38c967b901-472902.json,KEEP_GENERATED_REVIEW,NO_IF_STATIC_MODE,"Valid static case shard; useful for public/offline results mode but should be generated, not hand-maintained.",Keep only with generator/provenance policy.,2281,72,valid-json,ec226ffaacc8
frontend/public/data/cases/company-4-34143c6a-6a1b-4864-a68e-0d38c967b901-472915.json,KEEP_GENERATED_REVIEW,NO_IF_STATIC_MODE,"Valid static case shard; useful for public/offline results mode but should be generated, not hand-maintained.",Keep only with generator/provenance policy.,2261,72,valid-json,9270ae05ed54
frontend/public/data/cases/company-4-34143c6a-6a1b-4864-a68e-0d38c967b901-472923.json,KEEP_GENERATED_REVIEW,NO_IF_STATIC_MODE,"Valid static case shard; useful for public/offline results mode but should be generated, not hand-maintained.",Keep only with generator/provenance policy.,2297,72,valid-json,e3efe1f7feb9
frontend/public/data/cases/company-4-34143c6a-6a1b-4864-a68e-0d38c967b901-472925.json,KEEP_GENERATED_REVIEW,NO_IF_STATIC_MODE,"Valid static case shard; useful for public/offline results mode but should be generated, not hand-maintained.",Keep only with generator/provenance policy.,2315,72,valid-json,6977166417ba
frontend/public/data/cases/company-4-34143c6a-6a1b-4864-a68e-0d38c967b901-472952.json,KEEP_GENERATED_REVIEW,NO_IF_STATIC_MODE,"Valid static case shard; useful for public/offline results mode but should be generated, not hand-maintained.",Keep only with generator/provenance policy.,2320,72,valid-json,665a6cf02fe0
frontend/public/data/cases/company-4-34143c6a-6a1b-4864-a68e-0d38c967b901-472962.json,KEEP_GENERATED_REVIEW,NO_IF_STATIC_MODE,"Valid static case shard; useful for public/offline results mode but should be generated, not hand-maintained.",Keep only with generator/provenance policy.,2311,72,valid-json,59fdaf092676
frontend/public/data/cases/company-4-34143c6a-6a1b-4864-a68e-0d38c967b901-472965.json,KEEP_GENERATED_REVIEW,NO_IF_STATIC_MODE,"Valid static case shard; useful for public/offline results mode but should be generated, not hand-maintained.",Keep only with generator/provenance policy.,2260,72,valid-json,c4cc3c2e5898
frontend/public/data/cases/company-4-34143c6a-6a1b-4864-a68e-0d38c967b901-472985.json,KEEP_GENERATED_REVIEW,NO_IF_STATIC_MODE,"Valid static case shard; useful for public/offline results mode but should be generated, not hand-maintained.",Keep only with generator/provenance policy.,2359,72,valid-json,40ac005f5e32
frontend/public/data/cases/company-4-34143c6a-6a1b-4864-a68e-0d38c967b901-472991.json,KEEP_GENERATED_REVIEW,NO_IF_STATIC_MODE,"Valid static case shard; useful for public/offline results mode but should be generated, not hand-maintained.",Keep only with generator/provenance policy.,2295,72,valid-json,42e1267814e5
frontend/public/data/cases/company-4-34143c6a-6a1b-4864-a68e-0d38c967b901-473024.json,KEEP_GENERATED_REVIEW,NO_IF_STATIC_MODE,"Valid static case shard; useful for public/offline results mode but should be generated, not hand-maintained.",Keep only with generator/provenance policy.,2267,72,valid-json,12d25dbfeb1d
frontend/public/data/cases/company-4-34143c6a-6a1b-4864-a68e-0d38c967b901-473027.json,KEEP_GENERATED_REVIEW,NO_IF_STATIC_MODE,"Valid static case shard; useful for public/offline results mode but should be generated, not hand-maintained.",Keep only with generator/provenance policy.,2268,72,valid-json,d07292c58690
frontend/public/data/cases/company-4-34143c6a-6a1b-4864-a68e-0d38c967b901-473040.json,KEEP_GENERATED_REVIEW,NO_IF_STATIC_MODE,"Valid static case shard; useful for public/offline results mode but should be generated, not hand-maintained.",Keep only with generator/provenance policy.,2307,72,valid-json,28cb09e68f0e
frontend/public/data/cases/company-4-34143c6a-6a1b-4864-a68e-0d38c967b901-473046.json,KEEP_GENERATED_REVIEW,NO_IF_STATIC_MODE,"Valid static case shard; useful for public/offline results mode but should be generated, not hand-maintained.",Keep only with generator/provenance policy.,2348,72,valid-json,90327c0878eb
frontend/public/data/cases/company-4-34143c6a-6a1b-4864-a68e-0d38c967b901-473051.json,KEEP_GENERATED_REVIEW,NO_IF_STATIC_MODE,"Valid static case shard; useful for public/offline results mode but should be generated, not hand-maintained.",Keep only with generator/provenance policy.,2284,72,valid-json,03c62f300dc3
frontend/public/data/cases/company-4-34143c6a-6a1b-4864-a68e-0d38c967b901-473052.json,KEEP_GENERATED_REVIEW,NO_IF_STATIC_MODE,"Valid static case shard; useful for public/offline results mode but should be generated, not hand-maintained.",Keep only with generator/provenance policy.,2258,72,valid-json,d1003764d1ac
frontend/public/data/cases/company-4-34143c6a-6a1b-4864-a68e-0d38c967b901-473064.json,KEEP_GENERATED_REVIEW,NO_IF_STATIC_MODE,"Valid static case shard; useful for public/offline results mode but should be generated, not hand-maintained.",Keep only with generator/provenance policy.,2251,72,valid-json,855c073aa8f6
frontend/public/data/cases/company-4-34143c6a-6a1b-4864-a68e-0d38c967b901-473065.json,KEEP_GENERATED_REVIEW,NO_IF_STATIC_MODE,"Valid static case shard; useful for public/offline results mode but should be generated, not hand-maintained.",Keep only with generator/provenance policy.,2238,72,valid-json,7100e77a4554
frontend/public/data/cases/company-4-34143c6a-6a1b-4864-a68e-0d38c967b901-473066.json,KEEP_GENERATED_REVIEW,NO_IF_STATIC_MODE,"Valid static case shard; useful for public/offline results mode but should be generated, not hand-maintained.",Keep only with generator/provenance policy.,2280,72,valid-json,2baea82e82ff
frontend/public/data/cases/company-4-34143c6a-6a1b-4864-a68e-0d38c967b901-473067.json,KEEP_GENERATED_REVIEW,NO_IF_STATIC_MODE,"Valid static case shard; useful for public/offline results mode but should be generated, not hand-maintained.",Keep only with generator/provenance policy.,2330,72,valid-json,f57577c0c5f4
frontend/public/data/cases/company-4-34143c6a-6a1b-4864-a68e-0d38c967b901-473072.json,KEEP_GENERATED_REVIEW,NO_IF_STATIC_MODE,"Valid static case shard; useful for public/offline results mode but should be generated, not hand-maintained.",Keep only with generator/provenance policy.,2322,72,valid-json,c2bec1e2dca6
frontend/public/data/cases/company-4-34143c6a-6a1b-4864-a68e-0d38c967b901-473114.json,KEEP_GENERATED_REVIEW,NO_IF_STATIC_MODE,"Valid static case shard; useful for public/offline results mode but should be generated, not hand-maintained.",Keep only with generator/provenance policy.,2282,72,valid-json,4072e93b1358
frontend/public/data/cases/company-4-34143c6a-6a1b-4864-a68e-0d38c967b901-473149.json,KEEP_GENERATED_REVIEW,NO_IF_STATIC_MODE,"Valid static case shard; useful for public/offline results mode but should be generated, not hand-maintained.",Keep only with generator/provenance policy.,2330,72,valid-json,600930d7d663
frontend/public/data/cases/company-4-34143c6a-6a1b-4864-a68e-0d38c967b901-473172.json,KEEP_GENERATED_REVIEW,NO_IF_STATIC_MODE,"Valid static case shard; useful for public/offline results mode but should be generated, not hand-maintained.",Keep only with generator/provenance policy.,2291,72,valid-json,e71287042c6e
frontend/public/data/cases/company-4-34143c6a-6a1b-4864-a68e-0d38c967b901-473179.json,KEEP_GENERATED_REVIEW,NO_IF_STATIC_MODE,"Valid static case shard; useful for public/offline results mode but should be generated, not hand-maintained.",Keep only with generator/provenance policy.,2285,72,valid-json,9472baf581aa
frontend/public/data/cases/company-4-34143c6a-6a1b-4864-a68e-0d38c967b901-473203.json,KEEP_GENERATED_REVIEW,NO_IF_STATIC_MODE,"Valid static case shard; useful for public/offline results mode but should be generated, not hand-maintained.",Keep only with generator/provenance policy.,2278,72,valid-json,e8c3390f4761
frontend/public/data/cases/company-4-34143c6a-6a1b-4864-a68e-0d38c967b901-473222.json,KEEP_GENERATED_REVIEW,NO_IF_STATIC_MODE,"Valid static case shard; useful for public/offline results mode but should be generated, not hand-maintained.",Keep only with generator/provenance policy.,2285,72,valid-json,d796eeb1a7a3
frontend/public/data/cases/company-4-34143c6a-6a1b-4864-a68e-0d38c967b901-473237.json,KEEP_GENERATED_REVIEW,NO_IF_STATIC_MODE,"Valid static case shard; useful for public/offline results mode but should be generated, not hand-maintained.",Keep only with generator/provenance policy.,2285,72,valid-json,b71606770c6e
frontend/public/data/cases/company-4-34143c6a-6a1b-4864-a68e-0d38c967b901-473298.json,KEEP_GENERATED_REVIEW,NO_IF_STATIC_MODE,"Valid static case shard; useful for public/offline results mode but should be generated, not hand-maintained.",Keep only with generator/provenance policy.,2285,72,valid-json,f8d78ea8114d
frontend/public/data/cases/company-4-34143c6a-6a1b-4864-a68e-0d38c967b901-473325.json,KEEP_GENERATED_REVIEW,NO_IF_STATIC_MODE,"Valid static case shard; useful for public/offline results mode but should be generated, not hand-maintained.",Keep only with generator/provenance policy.,2258,72,valid-json,fb6c05440446
frontend/public/data/cases/company-4-34143c6a-6a1b-4864-a68e-0d38c967b901-473337.json,KEEP_GENERATED_REVIEW,NO_IF_STATIC_MODE,"Valid static case shard; useful for public/offline results mode but should be generated, not hand-maintained.",Keep only with generator/provenance policy.,2374,72,valid-json,2529361cfa52
frontend/public/data/cases/company-4-34143c6a-6a1b-4864-a68e-0d38c967b901-473339.json,KEEP_GENERATED_REVIEW,NO_IF_STATIC_MODE,"Valid static case shard; useful for public/offline results mode but should be generated, not hand-maintained.",Keep only with generator/provenance policy.,2276,72,valid-json,b79fd9ab244d
frontend/public/data/cases/company-4-34143c6a-6a1b-4864-a68e-0d38c967b901-473343.json,KEEP_GENERATED_REVIEW,NO_IF_STATIC_MODE,"Valid static case shard; useful for public/offline results mode but should be generated, not hand-maintained.",Keep only with generator/provenance policy.,2288,72,valid-json,fe34c7041900
frontend/public/data/cases/company-4-34143c6a-6a1b-4864-a68e-0d38c967b901-473360.json,KEEP_GENERATED_REVIEW,NO_IF_STATIC_MODE,"Valid static case shard; useful for public/offline results mode but should be generated, not hand-maintained.",Keep only with generator/provenance policy.,2291,72,valid-json,36c3397426c2
frontend/public/data/cases/company-4-34143c6a-6a1b-4864-a68e-0d38c967b901-473362.json,KEEP_GENERATED_REVIEW,NO_IF_STATIC_MODE,"Valid static case shard; useful for public/offline results mode but should be generated, not hand-maintained.",Keep only with generator/provenance policy.,2294,72,valid-json,15ea29eb7d43
frontend/public/data/cases/company-4-34143c6a-6a1b-4864-a68e-0d38c967b901-473383.json,KEEP_GENERATED_REVIEW,NO_IF_STATIC_MODE,"Valid static case shard; useful for public/offline results mode but should be generated, not hand-maintained.",Keep only with generator/provenance policy.,2304,72,valid-json,e5ca1482d179
frontend/public/data/cases/company-4-34143c6a-6a1b-4864-a68e-0d38c967b901-473501.json,KEEP_GENERATED_REVIEW,NO_IF_STATIC_MODE,"Valid static case shard; useful for public/offline results mode but should be generated, not hand-maintained.",Keep only with generator/provenance policy.,2289,72,valid-json,7b30d3b27397
frontend/public/data/cases/company-4-34143c6a-6a1b-4864-a68e-0d38c967b901-473502.json,KEEP_GENERATED_REVIEW,NO_IF_STATIC_MODE,"Valid static case shard; useful for public/offline results mode but should be generated, not hand-maintained.",Keep only with generator/provenance policy.,2273,72,valid-json,b30062c6ec70
frontend/public/data/cases/company-4-34143c6a-6a1b-4864-a68e-0d38c967b901-473544.json,KEEP_GENERATED_REVIEW,NO_IF_STATIC_MODE,"Valid static case shard; useful for public/offline results mode but should be generated, not hand-maintained.",Keep only with generator/provenance policy.,2312,72,valid-json,1156905053f2
frontend/public/data/cases/company-4-34143c6a-6a1b-4864-a68e-0d38c967b901-473572.json,KEEP_GENERATED_REVIEW,NO_IF_STATIC_MODE,"Valid static case shard; useful for public/offline results mode but should be generated, not hand-maintained.",Keep only with generator/provenance policy.,2264,72,valid-json,9a062e0aa69b
frontend/public/data/cases/company-4-34143c6a-6a1b-4864-a68e-0d38c967b901-473590.json,KEEP_GENERATED_REVIEW,NO_IF_STATIC_MODE,"Valid static case shard; useful for public/offline results mode but should be generated, not hand-maintained.",Keep only with generator/provenance policy.,2306,72,valid-json,9938275aafc6
frontend/public/data/cases/company-4-34143c6a-6a1b-4864-a68e-0d38c967b901-473615.json,KEEP_GENERATED_REVIEW,NO_IF_STATIC_MODE,"Valid static case shard; useful for public/offline results mode but should be generated, not hand-maintained.",Keep only with generator/provenance policy.,2300,72,valid-json,2e9ab7ea8be9
frontend/public/data/cases/company-4-34143c6a-6a1b-4864-a68e-0d38c967b901-473617.json,KEEP_GENERATED_REVIEW,NO_IF_STATIC_MODE,"Valid static case shard; useful for public/offline results mode but should be generated, not hand-maintained.",Keep only with generator/provenance policy.,2276,72,valid-json,79aebf933f05
frontend/public/data/cases/company-4-34143c6a-6a1b-4864-a68e-0d38c967b901-474663.json,KEEP_GENERATED_REVIEW,NO_IF_STATIC_MODE,"Valid static case shard; useful for public/offline results mode but should be generated, not hand-maintained.",Keep only with generator/provenance policy.,3122,97,valid-json,8d73c2c32772
frontend/public/data/cases/company-4-34143c6a-6a1b-4864-a68e-0d38c967b901-474877.json,KEEP_GENERATED_REVIEW,NO_IF_STATIC_MODE,"Valid static case shard; useful for public/offline results mode but should be generated, not hand-maintained.",Keep only with generator/provenance policy.,3128,97,valid-json,30d8d900c405
frontend/public/data/cases/company-4-34143c6a-6a1b-4864-a68e-0d38c967b901-47490.json,KEEP_GENERATED_REVIEW,NO_IF_STATIC_MODE,"Valid static case shard; useful for public/offline results mode but should be generated, not hand-maintained.",Keep only with generator/provenance policy.,2261,72,valid-json,e9b6edc41c37
frontend/public/data/cases/company-4-34143c6a-6a1b-4864-a68e-0d38c967b901-475267.json,KEEP_GENERATED_REVIEW,NO_IF_STATIC_MODE,"Valid static case shard; useful for public/offline results mode but should be generated, not hand-maintained.",Keep only with generator/provenance policy.,3057,97,valid-json,5b12139b304d
frontend/public/data/cases/company-4-34143c6a-6a1b-4864-a68e-0d38c967b901-475443.json,KEEP_GENERATED_REVIEW,NO_IF_STATIC_MODE,"Valid static case shard; useful for public/offline results mode but should be generated, not hand-maintained.",Keep only with generator/provenance policy.,3101,97,valid-json,7a85fda14ad8
frontend/public/data/cases/company-4-34143c6a-6a1b-4864-a68e-0d38c967b901-47580.json,KEEP_GENERATED_REVIEW,NO_IF_STATIC_MODE,"Valid static case shard; useful for public/offline results mode but should be generated, not hand-maintained.",Keep only with generator/provenance policy.,2273,72,valid-json,ce496c38a693
frontend/public/data/cases/company-4-34143c6a-6a1b-4864-a68e-0d38c967b901-476764.json,KEEP_GENERATED_REVIEW,NO_IF_STATIC_MODE,"Valid static case shard; useful for public/offline results mode but should be generated, not hand-maintained.",Keep only with generator/provenance policy.,3064,97,valid-json,bd882ba1e15a
frontend/public/data/cases/company-4-34143c6a-6a1b-4864-a68e-0d38c967b901-477093.json,KEEP_GENERATED_REVIEW,NO_IF_STATIC_MODE,"Valid static case shard; useful for public/offline results mode but should be generated, not hand-maintained.",Keep only with generator/provenance policy.,3070,97,valid-json,537375ddb99e
frontend/public/data/cases/company-4-34143c6a-6a1b-4864-a68e-0d38c967b901-477214.json,KEEP_GENERATED_REVIEW,NO_IF_STATIC_MODE,"Valid static case shard; useful for public/offline results mode but should be generated, not hand-maintained.",Keep only with generator/provenance policy.,3065,97,valid-json,e206b7e07243
frontend/public/data/cases/company-4-34143c6a-6a1b-4864-a68e-0d38c967b901-477384.json,KEEP_GENERATED_REVIEW,NO_IF_STATIC_MODE,"Valid static case shard; useful for public/offline results mode but should be generated, not hand-maintained.",Keep only with generator/provenance policy.,3100,97,valid-json,0d9308c7fd29
frontend/public/data/cases/company-4-34143c6a-6a1b-4864-a68e-0d38c967b901-479465.json,KEEP_GENERATED_REVIEW,NO_IF_STATIC_MODE,"Valid static case shard; useful for public/offline results mode but should be generated, not hand-maintained.",Keep only with generator/provenance policy.,3064,97,valid-json,71bf78f6c44e
frontend/public/data/cases/company-4-34143c6a-6a1b-4864-a68e-0d38c967b901-479468.json,KEEP_GENERATED_REVIEW,NO_IF_STATIC_MODE,"Valid static case shard; useful for public/offline results mode but should be generated, not hand-maintained.",Keep only with generator/provenance policy.,3046,97,valid-json,7914ee66a22c
frontend/public/data/cases/company-4-34143c6a-6a1b-4864-a68e-0d38c967b901-479469.json,KEEP_GENERATED_REVIEW,NO_IF_STATIC_MODE,"Valid static case shard; useful for public/offline results mode but should be generated, not hand-maintained.",Keep only with generator/provenance policy.,3050,97,valid-json,e00416618b6e
frontend/public/data/cases/company-4-34143c6a-6a1b-4864-a68e-0d38c967b901-479470.json,KEEP_GENERATED_REVIEW,NO_IF_STATIC_MODE,"Valid static case shard; useful for public/offline results mode but should be generated, not hand-maintained.",Keep only with generator/provenance policy.,3056,97,valid-json,4fda3b7a5ce4
frontend/public/data/cases/company-4-34143c6a-6a1b-4864-a68e-0d38c967b901-479484.json,KEEP_GENERATED_REVIEW,NO_IF_STATIC_MODE,"Valid static case shard; useful for public/offline results mode but should be generated, not hand-maintained.",Keep only with generator/provenance policy.,3059,97,valid-json,2649b7a57e68
frontend/public/data/cases/company-4-34143c6a-6a1b-4864-a68e-0d38c967b901-479485.json,KEEP_GENERATED_REVIEW,NO_IF_STATIC_MODE,"Valid static case shard; useful for public/offline results mode but should be generated, not hand-maintained.",Keep only with generator/provenance policy.,3052,97,valid-json,63116d18d633
frontend/public/data/cases/company-4-34143c6a-6a1b-4864-a68e-0d38c967b901-479492.json,KEEP_GENERATED_REVIEW,NO_IF_STATIC_MODE,"Valid static case shard; useful for public/offline results mode but should be generated, not hand-maintained.",Keep only with generator/provenance policy.,3062,97,valid-json,09213f074949
frontend/public/data/cases/company-4-34143c6a-6a1b-4864-a68e-0d38c967b901-479504.json,KEEP_GENERATED_REVIEW,NO_IF_STATIC_MODE,"Valid static case shard; useful for public/offline results mode but should be generated, not hand-maintained.",Keep only with generator/provenance policy.,3046,97,valid-json,985652ad38a8
frontend/public/data/cases/company-4-34143c6a-6a1b-4864-a68e-0d38c967b901-479505.json,KEEP_GENERATED_REVIEW,NO_IF_STATIC_MODE,"Valid static case shard; useful for public/offline results mode but should be generated, not hand-maintained.",Keep only with generator/provenance policy.,3050,97,valid-json,285f01bcf84c
frontend/public/data/cases/company-4-34143c6a-6a1b-4864-a68e-0d38c967b901-479506.json,KEEP_GENERATED_REVIEW,NO_IF_STATIC_MODE,"Valid static case shard; useful for public/offline results mode but should be generated, not hand-maintained.",Keep only with generator/provenance policy.,3033,97,valid-json,995f68dec499
frontend/public/data/cases/company-4-34143c6a-6a1b-4864-a68e-0d38c967b901-479507.json,KEEP_GENERATED_REVIEW,NO_IF_STATIC_MODE,"Valid static case shard; useful for public/offline results mode but should be generated, not hand-maintained.",Keep only with generator/provenance policy.,3047,97,valid-json,64bcc07e4034
frontend/public/data/cases/company-4-34143c6a-6a1b-4864-a68e-0d38c967b901-479518.json,KEEP_GENERATED_REVIEW,NO_IF_STATIC_MODE,"Valid static case shard; useful for public/offline results mode but should be generated, not hand-maintained.",Keep only with generator/provenance policy.,3057,97,valid-json,694974b98fbf
frontend/public/data/cases/company-4-34143c6a-6a1b-4864-a68e-0d38c967b901-479519.json,KEEP_GENERATED_REVIEW,NO_IF_STATIC_MODE,"Valid static case shard; useful for public/offline results mode but should be generated, not hand-maintained.",Keep only with generator/provenance policy.,3021,97,valid-json,4dfecbf87a90
frontend/public/data/cases/company-4-34143c6a-6a1b-4864-a68e-0d38c967b901-479521.json,KEEP_GENERATED_REVIEW,NO_IF_STATIC_MODE,"Valid static case shard; useful for public/offline results mode but should be generated, not hand-maintained.",Keep only with generator/provenance policy.,3032,97,valid-json,ed822ccb39f8
frontend/public/data/cases/company-4-34143c6a-6a1b-4864-a68e-0d38c967b901-479523.json,KEEP_GENERATED_REVIEW,NO_IF_STATIC_MODE,"Valid static case shard; useful for public/offline results mode but should be generated, not hand-maintained.",Keep only with generator/provenance policy.,3054,97,valid-json,ff356a053ead
frontend/public/data/cases/company-4-34143c6a-6a1b-4864-a68e-0d38c967b901-479524.json,KEEP_GENERATED_REVIEW,NO_IF_STATIC_MODE,"Valid static case shard; useful for public/offline results mode but should be generated, not hand-maintained.",Keep only with generator/provenance policy.,3053,97,valid-json,974da956021c
frontend/public/data/cases/company-4-34143c6a-6a1b-4864-a68e-0d38c967b901-479525.json,KEEP_GENERATED_REVIEW,NO_IF_STATIC_MODE,"Valid static case shard; useful for public/offline results mode but should be generated, not hand-maintained.",Keep only with generator/provenance policy.,3046,97,valid-json,1c070b4ee832
frontend/public/data/cases/company-4-34143c6a-6a1b-4864-a68e-0d38c967b901-479527.json,KEEP_GENERATED_REVIEW,NO_IF_STATIC_MODE,"Valid static case shard; useful for public/offline results mode but should be generated, not hand-maintained.",Keep only with generator/provenance policy.,3038,97,valid-json,c145788d3fef
frontend/public/data/cases/company-4-34143c6a-6a1b-4864-a68e-0d38c967b901-479529.json,KEEP_GENERATED_REVIEW,NO_IF_STATIC_MODE,"Valid static case shard; useful for public/offline results mode but should be generated, not hand-maintained.",Keep only with generator/provenance policy.,3061,97,valid-json,a85d8512bcdc
frontend/public/data/cases/company-4-34143c6a-6a1b-4864-a68e-0d38c967b901-479530.json,KEEP_GENERATED_REVIEW,NO_IF_STATIC_MODE,"Valid static case shard; useful for public/offline results mode but should be generated, not hand-maintained.",Keep only with generator/provenance policy.,3054,97,valid-json,d3328af219b0
frontend/public/data/cases/company-4-34143c6a-6a1b-4864-a68e-0d38c967b901-479536.json,KEEP_GENERATED_REVIEW,NO_IF_STATIC_MODE,"Valid static case shard; useful for public/offline results mode but should be generated, not hand-maintained.",Keep only with generator/provenance policy.,3043,97,valid-json,c680c078c073
frontend/public/data/cases/company-4-34143c6a-6a1b-4864-a68e-0d38c967b901-479540.json,KEEP_GENERATED_REVIEW,NO_IF_STATIC_MODE,"Valid static case shard; useful for public/offline results mode but should be generated, not hand-maintained.",Keep only with generator/provenance policy.,3058,97,valid-json,6ea437c02232
frontend/public/data/cases/company-4-34143c6a-6a1b-4864-a68e-0d38c967b901-479541.json,KEEP_GENERATED_REVIEW,NO_IF_STATIC_MODE,"Valid static case shard; useful for public/offline results mode but should be generated, not hand-maintained.",Keep only with generator/provenance policy.,3052,97,valid-json,3154aa5a39b1
frontend/public/data/cases/company-4-34143c6a-6a1b-4864-a68e-0d38c967b901-479542.json,KEEP_GENERATED_REVIEW,NO_IF_STATIC_MODE,"Valid static case shard; useful for public/offline results mode but should be generated, not hand-maintained.",Keep only with generator/provenance policy.,3041,97,valid-json,b5c809bbddc1
frontend/public/data/cases/company-4-34143c6a-6a1b-4864-a68e-0d38c967b901-479545.json,KEEP_GENERATED_REVIEW,NO_IF_STATIC_MODE,"Valid static case shard; useful for public/offline results mode but should be generated, not hand-maintained.",Keep only with generator/provenance policy.,3058,97,valid-json,b6981773948a
frontend/public/data/cases/company-4-34143c6a-6a1b-4864-a68e-0d38c967b901-479546.json,KEEP_GENERATED_REVIEW,NO_IF_STATIC_MODE,"Valid static case shard; useful for public/offline results mode but should be generated, not hand-maintained.",Keep only with generator/provenance policy.,3049,97,valid-json,101c2d032a96
frontend/public/data/cases/company-4-34143c6a-6a1b-4864-a68e-0d38c967b901-479549.json,KEEP_GENERATED_REVIEW,NO_IF_STATIC_MODE,"Valid static case shard; useful for public/offline results mode but should be generated, not hand-maintained.",Keep only with generator/provenance policy.,3050,97,valid-json,b1a4f1eca130
frontend/public/data/cases/company-4-34143c6a-6a1b-4864-a68e-0d38c967b901-479552.json,KEEP_GENERATED_REVIEW,NO_IF_STATIC_MODE,"Valid static case shard; useful for public/offline results mode but should be generated, not hand-maintained.",Keep only with generator/provenance policy.,3026,97,valid-json,e7ba274be4be
frontend/public/data/cases/company-4-34143c6a-6a1b-4864-a68e-0d38c967b901-479554.json,KEEP_GENERATED_REVIEW,NO_IF_STATIC_MODE,"Valid static case shard; useful for public/offline results mode but should be generated, not hand-maintained.",Keep only with generator/provenance policy.,3036,97,valid-json,dd06223fa388
frontend/public/data/cases/company-4-34143c6a-6a1b-4864-a68e-0d38c967b901-479556.json,KEEP_GENERATED_REVIEW,NO_IF_STATIC_MODE,"Valid static case shard; useful for public/offline results mode but should be generated, not hand-maintained.",Keep only with generator/provenance policy.,3059,97,valid-json,e77491a02a36
frontend/public/data/cases/company-4-34143c6a-6a1b-4864-a68e-0d38c967b901-479560.json,KEEP_GENERATED_REVIEW,NO_IF_STATIC_MODE,"Valid static case shard; useful for public/offline results mode but should be generated, not hand-maintained.",Keep only with generator/provenance policy.,3049,97,valid-json,c4a316cac3dc
frontend/public/data/cases/company-4-34143c6a-6a1b-4864-a68e-0d38c967b901-479561.json,KEEP_GENERATED_REVIEW,NO_IF_STATIC_MODE,"Valid static case shard; useful for public/offline results mode but should be generated, not hand-maintained.",Keep only with generator/provenance policy.,3033,97,valid-json,49e66db6cf8f
frontend/public/data/cases/company-4-34143c6a-6a1b-4864-a68e-0d38c967b901-479562.json,KEEP_GENERATED_REVIEW,NO_IF_STATIC_MODE,"Valid static case shard; useful for public/offline results mode but should be generated, not hand-maintained.",Keep only with generator/provenance policy.,3002,97,valid-json,894d07658980
frontend/public/data/cases/company-4-34143c6a-6a1b-4864-a68e-0d38c967b901-479565.json,KEEP_GENERATED_REVIEW,NO_IF_STATIC_MODE,"Valid static case shard; useful for public/offline results mode but should be generated, not hand-maintained.",Keep only with generator/provenance policy.,3065,97,valid-json,682c69a665a2
frontend/public/data/cases/company-4-34143c6a-6a1b-4864-a68e-0d38c967b901-479569.json,KEEP_GENERATED_REVIEW,NO_IF_STATIC_MODE,"Valid static case shard; useful for public/offline results mode but should be generated, not hand-maintained.",Keep only with generator/provenance policy.,3073,97,valid-json,e29329ea2353
frontend/public/data/cases/company-4-34143c6a-6a1b-4864-a68e-0d38c967b901-479570.json,KEEP_GENERATED_REVIEW,NO_IF_STATIC_MODE,"Valid static case shard; useful for public/offline results mode but should be generated, not hand-maintained.",Keep only with generator/provenance policy.,3083,97,valid-json,8a8cadb4d9fb
frontend/public/data/cases/company-4-34143c6a-6a1b-4864-a68e-0d38c967b901-479572.json,KEEP_GENERATED_REVIEW,NO_IF_STATIC_MODE,"Valid static case shard; useful for public/offline results mode but should be generated, not hand-maintained.",Keep only with generator/provenance policy.,3054,97,valid-json,8002d7649d56
frontend/public/data/cases/company-4-34143c6a-6a1b-4864-a68e-0d38c967b901-479575.json,KEEP_GENERATED_REVIEW,NO_IF_STATIC_MODE,"Valid static case shard; useful for public/offline results mode but should be generated, not hand-maintained.",Keep only with generator/provenance policy.,3043,97,valid-json,7e90337952ad
frontend/public/data/cases/company-4-34143c6a-6a1b-4864-a68e-0d38c967b901-479576.json,KEEP_GENERATED_REVIEW,NO_IF_STATIC_MODE,"Valid static case shard; useful for public/offline results mode but should be generated, not hand-maintained.",Keep only with generator/provenance policy.,3059,97,valid-json,a5bd8b100e20
frontend/public/data/cases/company-4-34143c6a-6a1b-4864-a68e-0d38c967b901-479577.json,KEEP_GENERATED_REVIEW,NO_IF_STATIC_MODE,"Valid static case shard; useful for public/offline results mode but should be generated, not hand-maintained.",Keep only with generator/provenance policy.,3046,97,valid-json,0f904525c3cc
frontend/public/data/cases/company-4-34143c6a-6a1b-4864-a68e-0d38c967b901-479579.json,KEEP_GENERATED_REVIEW,NO_IF_STATIC_MODE,"Valid static case shard; useful for public/offline results mode but should be generated, not hand-maintained.",Keep only with generator/provenance policy.,3051,97,valid-json,1d79c079d0e4
frontend/public/data/cases/company-4-34143c6a-6a1b-4864-a68e-0d38c967b901-479582.json,KEEP_GENERATED_REVIEW,NO_IF_STATIC_MODE,"Valid static case shard; useful for public/offline results mode but should be generated, not hand-maintained.",Keep only with generator/provenance policy.,3070,97,valid-json,86906af6603b
frontend/public/data/cases/company-4-34143c6a-6a1b-4864-a68e-0d38c967b901-479584.json,KEEP_GENERATED_REVIEW,NO_IF_STATIC_MODE,"Valid static case shard; useful for public/offline results mode but should be generated, not hand-maintained.",Keep only with generator/provenance policy.,3049,97,valid-json,04f6fa633df6
frontend/public/data/cases/company-4-34143c6a-6a1b-4864-a68e-0d38c967b901-479609.json,KEEP_GENERATED_REVIEW,NO_IF_STATIC_MODE,"Valid static case shard; useful for public/offline results mode but should be generated, not hand-maintained.",Keep only with generator/provenance policy.,3064,97,valid-json,c5796361c284
frontend/public/data/cases/company-4-34143c6a-6a1b-4864-a68e-0d38c967b901-479618.json,KEEP_GENERATED_REVIEW,NO_IF_STATIC_MODE,"Valid static case shard; useful for public/offline results mode but should be generated, not hand-maintained.",Keep only with generator/provenance policy.,3054,97,valid-json,5902d9f71b0f
frontend/public/data/cases/company-4-34143c6a-6a1b-4864-a68e-0d38c967b901-479634.json,KEEP_GENERATED_REVIEW,NO_IF_STATIC_MODE,"Valid static case shard; useful for public/offline results mode but should be generated, not hand-maintained.",Keep only with generator/provenance policy.,3044,97,valid-json,584edc0c364f
frontend/public/data/cases/company-4-34143c6a-6a1b-4864-a68e-0d38c967b901-479635.json,KEEP_GENERATED_REVIEW,NO_IF_STATIC_MODE,"Valid static case shard; useful for public/offline results mode but should be generated, not hand-maintained.",Keep only with generator/provenance policy.,3057,97,valid-json,51027b2010d1
frontend/public/data/cases/company-4-34143c6a-6a1b-4864-a68e-0d38c967b901-479640.json,KEEP_GENERATED_REVIEW,NO_IF_STATIC_MODE,"Valid static case shard; useful for public/offline results mode but should be generated, not hand-maintained.",Keep only with generator/provenance policy.,3061,97,valid-json,66dc43b5be65
frontend/public/data/cases/company-4-34143c6a-6a1b-4864-a68e-0d38c967b901-479651.json,KEEP_GENERATED_REVIEW,NO_IF_STATIC_MODE,"Valid static case shard; useful for public/offline results mode but should be generated, not hand-maintained.",Keep only with generator/provenance policy.,3059,97,valid-json,0192fc08be36
frontend/public/data/cases/company-4-34143c6a-6a1b-4864-a68e-0d38c967b901-479672.json,KEEP_GENERATED_REVIEW,NO_IF_STATIC_MODE,"Valid static case shard; useful for public/offline results mode but should be generated, not hand-maintained.",Keep only with generator/provenance policy.,3059,97,valid-json,7487996d5b1b
frontend/public/data/cases/company-4-34143c6a-6a1b-4864-a68e-0d38c967b901-47968.json,KEEP_GENERATED_REVIEW,NO_IF_STATIC_MODE,"Valid static case shard; useful for public/offline results mode but should be generated, not hand-maintained.",Keep only with generator/provenance policy.,2260,72,valid-json,b420ef39c904
frontend/public/data/cases/company-4-34143c6a-6a1b-4864-a68e-0d38c967b901-479681.json,KEEP_GENERATED_REVIEW,NO_IF_STATIC_MODE,"Valid static case shard; useful for public/offline results mode but should be generated, not hand-maintained.",Keep only with generator/provenance policy.,3086,97,valid-json,5812bd59cad3
frontend/public/data/cases/company-4-34143c6a-6a1b-4864-a68e-0d38c967b901-479687.json,KEEP_GENERATED_REVIEW,NO_IF_STATIC_MODE,"Valid static case shard; useful for public/offline results mode but should be generated, not hand-maintained.",Keep only with generator/provenance policy.,3035,97,valid-json,db79bec3f345
frontend/public/data/cases/company-4-34143c6a-6a1b-4864-a68e-0d38c967b901-479692.json,KEEP_GENERATED_REVIEW,NO_IF_STATIC_MODE,"Valid static case shard; useful for public/offline results mode but should be generated, not hand-maintained.",Keep only with generator/provenance policy.,3062,97,valid-json,214a76715dbd
frontend/public/data/cases/company-4-34143c6a-6a1b-4864-a68e-0d38c967b901-479696.json,KEEP_GENERATED_REVIEW,NO_IF_STATIC_MODE,"Valid static case shard; useful for public/offline results mode but should be generated, not hand-maintained.",Keep only with generator/provenance policy.,3034,97,valid-json,22efeeffad70
frontend/public/data/cases/company-4-34143c6a-6a1b-4864-a68e-0d38c967b901-479704.json,KEEP_GENERATED_REVIEW,NO_IF_STATIC_MODE,"Valid static case shard; useful for public/offline results mode but should be generated, not hand-maintained.",Keep only with generator/provenance policy.,3048,97,valid-json,65d399965ced
frontend/public/data/cases/company-4-34143c6a-6a1b-4864-a68e-0d38c967b901-479713.json,KEEP_GENERATED_REVIEW,NO_IF_STATIC_MODE,"Valid static case shard; useful for public/offline results mode but should be generated, not hand-maintained.",Keep only with generator/provenance policy.,3037,97,valid-json,3810ff14398b
frontend/public/data/cases/company-4-34143c6a-6a1b-4864-a68e-0d38c967b901-479716.json,KEEP_GENERATED_REVIEW,NO_IF_STATIC_MODE,"Valid static case shard; useful for public/offline results mode but should be generated, not hand-maintained.",Keep only with generator/provenance policy.,3043,97,valid-json,41966b902c65
frontend/public/data/cases/company-4-34143c6a-6a1b-4864-a68e-0d38c967b901-479718.json,KEEP_GENERATED_REVIEW,NO_IF_STATIC_MODE,"Valid static case shard; useful for public/offline results mode but should be generated, not hand-maintained.",Keep only with generator/provenance policy.,3058,97,valid-json,1f0d0ffa29bb
frontend/public/data/cases/company-4-34143c6a-6a1b-4864-a68e-0d38c967b901-479723.json,KEEP_GENERATED_REVIEW,NO_IF_STATIC_MODE,"Valid static case shard; useful for public/offline results mode but should be generated, not hand-maintained.",Keep only with generator/provenance policy.,3039,97,valid-json,818a5b2aad7a
frontend/public/data/cases/company-4-34143c6a-6a1b-4864-a68e-0d38c967b901-479730.json,KEEP_GENERATED_REVIEW,NO_IF_STATIC_MODE,"Valid static case shard; useful for public/offline results mode but should be generated, not hand-maintained.",Keep only with generator/provenance policy.,3045,97,valid-json,058a4d3486c6
frontend/public/data/cases/company-4-34143c6a-6a1b-4864-a68e-0d38c967b901-479734.json,KEEP_GENERATED_REVIEW,NO_IF_STATIC_MODE,"Valid static case shard; useful for public/offline results mode but should be generated, not hand-maintained.",Keep only with generator/provenance policy.,3059,97,valid-json,0f3114ec576c
frontend/public/data/cases/company-4-34143c6a-6a1b-4864-a68e-0d38c967b901-479744.json,KEEP_GENERATED_REVIEW,NO_IF_STATIC_MODE,"Valid static case shard; useful for public/offline results mode but should be generated, not hand-maintained.",Keep only with generator/provenance policy.,3041,97,valid-json,2560b0a930a5
frontend/public/data/cases/company-4-34143c6a-6a1b-4864-a68e-0d38c967b901-479745.json,KEEP_GENERATED_REVIEW,NO_IF_STATIC_MODE,"Valid static case shard; useful for public/offline results mode but should be generated, not hand-maintained.",Keep only with generator/provenance policy.,3071,97,valid-json,98e779d4d623
frontend/public/data/cases/company-4-34143c6a-6a1b-4864-a68e-0d38c967b901-479775.json,KEEP_GENERATED_REVIEW,NO_IF_STATIC_MODE,"Valid static case shard; useful for public/offline results mode but should be generated, not hand-maintained.",Keep only with generator/provenance policy.,3051,97,valid-json,f54c490a27d8
frontend/public/data/cases/company-4-34143c6a-6a1b-4864-a68e-0d38c967b901-479777.json,KEEP_GENERATED_REVIEW,NO_IF_STATIC_MODE,"Valid static case shard; useful for public/offline results mode but should be generated, not hand-maintained.",Keep only with generator/provenance policy.,3049,97,valid-json,b1d65c3f74aa
frontend/public/data/cases/company-4-34143c6a-6a1b-4864-a68e-0d38c967b901-479778.json,KEEP_GENERATED_REVIEW,NO_IF_STATIC_MODE,"Valid static case shard; useful for public/offline results mode but should be generated, not hand-maintained.",Keep only with generator/provenance policy.,3055,97,valid-json,9b816fd9629c
frontend/public/data/cases/company-4-34143c6a-6a1b-4864-a68e-0d38c967b901-479799.json,KEEP_GENERATED_REVIEW,NO_IF_STATIC_MODE,"Valid static case shard; useful for public/offline results mode but should be generated, not hand-maintained.",Keep only with generator/provenance policy.,3065,97,valid-json,242550d8142f
frontend/public/data/cases/company-4-34143c6a-6a1b-4864-a68e-0d38c967b901-479801.json,KEEP_GENERATED_REVIEW,NO_IF_STATIC_MODE,"Valid static case shard; useful for public/offline results mode but should be generated, not hand-maintained.",Keep only with generator/provenance policy.,3050,97,valid-json,1e9761164122
frontend/public/data/cases/company-4-34143c6a-6a1b-4864-a68e-0d38c967b901-479821.json,KEEP_GENERATED_REVIEW,NO_IF_STATIC_MODE,"Valid static case shard; useful for public/offline results mode but should be generated, not hand-maintained.",Keep only with generator/provenance policy.,3037,97,valid-json,cf52fd5d7d58
frontend/public/data/cases/company-4-34143c6a-6a1b-4864-a68e-0d38c967b901-479825.json,KEEP_GENERATED_REVIEW,NO_IF_STATIC_MODE,"Valid static case shard; useful for public/offline results mode but should be generated, not hand-maintained.",Keep only with generator/provenance policy.,3061,97,valid-json,073387208739
frontend/public/data/cases/company-4-34143c6a-6a1b-4864-a68e-0d38c967b901-479828.json,KEEP_GENERATED_REVIEW,NO_IF_STATIC_MODE,"Valid static case shard; useful for public/offline results mode but should be generated, not hand-maintained.",Keep only with generator/provenance policy.,3054,97,valid-json,3a90f1b31706
frontend/public/data/cases/company-4-34143c6a-6a1b-4864-a68e-0d38c967b901-479834.json,KEEP_GENERATED_REVIEW,NO_IF_STATIC_MODE,"Valid static case shard; useful for public/offline results mode but should be generated, not hand-maintained.",Keep only with generator/provenance policy.,3055,97,valid-json,b92ef2035989
frontend/public/data/cases/company-4-34143c6a-6a1b-4864-a68e-0d38c967b901-479847.json,KEEP_GENERATED_REVIEW,NO_IF_STATIC_MODE,"Valid static case shard; useful for public/offline results mode but should be generated, not hand-maintained.",Keep only with generator/provenance policy.,3066,97,valid-json,4059d556dd99
frontend/public/data/cases/company-4-34143c6a-6a1b-4864-a68e-0d38c967b901-479850.json,KEEP_GENERATED_REVIEW,NO_IF_STATIC_MODE,"Valid static case shard; useful for public/offline results mode but should be generated, not hand-maintained.",Keep only with generator/provenance policy.,3017,97,valid-json,7bd8a4a5d11d
frontend/public/data/cases/company-4-34143c6a-6a1b-4864-a68e-0d38c967b901-479852.json,KEEP_GENERATED_REVIEW,NO_IF_STATIC_MODE,"Valid static case shard; useful for public/offline results mode but should be generated, not hand-maintained.",Keep only with generator/provenance policy.,3040,97,valid-json,e68c9d0bfd5c
frontend/public/data/cases/company-4-34143c6a-6a1b-4864-a68e-0d38c967b901-479853.json,KEEP_GENERATED_REVIEW,NO_IF_STATIC_MODE,"Valid static case shard; useful for public/offline results mode but should be generated, not hand-maintained.",Keep only with generator/provenance policy.,3045,97,valid-json,e3463e6eecf1
frontend/public/data/cases/company-4-34143c6a-6a1b-4864-a68e-0d38c967b901-479892.json,KEEP_GENERATED_REVIEW,NO_IF_STATIC_MODE,"Valid static case shard; useful for public/offline results mode but should be generated, not hand-maintained.",Keep only with generator/provenance policy.,3044,97,valid-json,cdb6c95dbb5f
frontend/public/data/cases/company-4-34143c6a-6a1b-4864-a68e-0d38c967b901-479900.json,KEEP_GENERATED_REVIEW,NO_IF_STATIC_MODE,"Valid static case shard; useful for public/offline results mode but should be generated, not hand-maintained.",Keep only with generator/provenance policy.,3053,97,valid-json,3341412994ca
frontend/public/data/cases/company-4-34143c6a-6a1b-4864-a68e-0d38c967b901-479906.json,KEEP_GENERATED_REVIEW,NO_IF_STATIC_MODE,"Valid static case shard; useful for public/offline results mode but should be generated, not hand-maintained.",Keep only with generator/provenance policy.,3050,97,valid-json,9b9753c86a49
frontend/public/data/cases/company-4-34143c6a-6a1b-4864-a68e-0d38c967b901-479909.json,KEEP_GENERATED_REVIEW,NO_IF_STATIC_MODE,"Valid static case shard; useful for public/offline results mode but should be generated, not hand-maintained.",Keep only with generator/provenance policy.,3041,97,valid-json,8379ae195fa1
frontend/public/data/cases/company-4-34143c6a-6a1b-4864-a68e-0d38c967b901-479910.json,KEEP_GENERATED_REVIEW,NO_IF_STATIC_MODE,"Valid static case shard; useful for public/offline results mode but should be generated, not hand-maintained.",Keep only with generator/provenance policy.,3080,97,valid-json,d77eebf5603b
frontend/public/data/cases/company-4-34143c6a-6a1b-4864-a68e-0d38c967b901-479920.json,KEEP_GENERATED_REVIEW,NO_IF_STATIC_MODE,"Valid static case shard; useful for public/offline results mode but should be generated, not hand-maintained.",Keep only with generator/provenance policy.,3055,97,valid-json,87de8c5e1f82
frontend/public/data/cases/company-4-34143c6a-6a1b-4864-a68e-0d38c967b901-482535.json,KEEP_GENERATED_REVIEW,NO_IF_STATIC_MODE,"Valid static case shard; useful for public/offline results mode but should be generated, not hand-maintained.",Keep only with generator/provenance policy.,2233,74,valid-json,2c9668e3dcda
frontend/public/data/cases/company-4-34143c6a-6a1b-4864-a68e-0d38c967b901-50288.json,KEEP_GENERATED_REVIEW,NO_IF_STATIC_MODE,"Valid static case shard; useful for public/offline results mode but should be generated, not hand-maintained.",Keep only with generator/provenance policy.,3040,95,valid-json,e38de6461379
frontend/public/data/cases/company-4-34143c6a-6a1b-4864-a68e-0d38c967b901-51281.json,KEEP_GENERATED_REVIEW,NO_IF_STATIC_MODE,"Valid static case shard; useful for public/offline results mode but should be generated, not hand-maintained.",Keep only with generator/provenance policy.,2296,72,valid-json,122146f84383
frontend/public/data/cases/company-4-34143c6a-6a1b-4864-a68e-0d38c967b901-55208.json,KEEP_GENERATED_REVIEW,NO_IF_STATIC_MODE,"Valid static case shard; useful for public/offline results mode but should be generated, not hand-maintained.",Keep only with generator/provenance policy.,3064,95,valid-json,de357eae2b3a
frontend/public/data/cases/company-4-34143c6a-6a1b-4864-a68e-0d38c967b901-55412.json,KEEP_GENERATED_REVIEW,NO_IF_STATIC_MODE,"Valid static case shard; useful for public/offline results mode but should be generated, not hand-maintained.",Keep only with generator/provenance policy.,2280,72,valid-json,eb5ef4e925a6
frontend/public/data/cases/company-4-34143c6a-6a1b-4864-a68e-0d38c967b901-55519.json,KEEP_GENERATED_REVIEW,NO_IF_STATIC_MODE,"Valid static case shard; useful for public/offline results mode but should be generated, not hand-maintained.",Keep only with generator/provenance policy.,3026,95,valid-json,0127bdf61641
frontend/public/data/cases/company-4-34143c6a-6a1b-4864-a68e-0d38c967b901-55910.json,KEEP_GENERATED_REVIEW,NO_IF_STATIC_MODE,"Valid static case shard; useful for public/offline results mode but should be generated, not hand-maintained.",Keep only with generator/provenance policy.,3041,95,valid-json,5d1a82139d10
frontend/public/data/cases/company-4-34143c6a-6a1b-4864-a68e-0d38c967b901-55912.json,KEEP_GENERATED_REVIEW,NO_IF_STATIC_MODE,"Valid static case shard; useful for public/offline results mode but should be generated, not hand-maintained.",Keep only with generator/provenance policy.,3024,95,valid-json,a4257d619d6a
frontend/public/data/cases/company-4-34143c6a-6a1b-4864-a68e-0d38c967b901-55993.json,KEEP_GENERATED_REVIEW,NO_IF_STATIC_MODE,"Valid static case shard; useful for public/offline results mode but should be generated, not hand-maintained.",Keep only with generator/provenance policy.,3044,95,valid-json,f37319c5b306
frontend/public/data/cases/company-4-34143c6a-6a1b-4864-a68e-0d38c967b901-56089.json,KEEP_GENERATED_REVIEW,NO_IF_STATIC_MODE,"Valid static case shard; useful for public/offline results mode but should be generated, not hand-maintained.",Keep only with generator/provenance policy.,3032,95,valid-json,08a608db51c5
frontend/public/data/cases/company-4-34143c6a-6a1b-4864-a68e-0d38c967b901-57997.json,KEEP_GENERATED_REVIEW,NO_IF_STATIC_MODE,"Valid static case shard; useful for public/offline results mode but should be generated, not hand-maintained.",Keep only with generator/provenance policy.,3021,95,valid-json,68c491552153
frontend/public/data/cases/company-4-34143c6a-6a1b-4864-a68e-0d38c967b901-58324.json,KEEP_GENERATED_REVIEW,NO_IF_STATIC_MODE,"Valid static case shard; useful for public/offline results mode but should be generated, not hand-maintained.",Keep only with generator/provenance policy.,2276,72,valid-json,afee0caef023
frontend/public/data/cases/company-4-34143c6a-6a1b-4864-a68e-0d38c967b901-58455.json,KEEP_GENERATED_REVIEW,NO_IF_STATIC_MODE,"Valid static case shard; useful for public/offline results mode but should be generated, not hand-maintained.",Keep only with generator/provenance policy.,3041,95,valid-json,4c0705b41dc7
frontend/public/data/cases/company-4-34143c6a-6a1b-4864-a68e-0d38c967b901-58505.json,KEEP_GENERATED_REVIEW,NO_IF_STATIC_MODE,"Valid static case shard; useful for public/offline results mode but should be generated, not hand-maintained.",Keep only with generator/provenance policy.,3001,95,valid-json,12cdb4706322
frontend/public/data/cases/company-4-34143c6a-6a1b-4864-a68e-0d38c967b901-59831.json,KEEP_GENERATED_REVIEW,NO_IF_STATIC_MODE,"Valid static case shard; useful for public/offline results mode but should be generated, not hand-maintained.",Keep only with generator/provenance policy.,3053,97,valid-json,fb2ec7c9d793
frontend/public/data/cases/company-4-34143c6a-6a1b-4864-a68e-0d38c967b901-62129.json,KEEP_GENERATED_REVIEW,NO_IF_STATIC_MODE,"Valid static case shard; useful for public/offline results mode but should be generated, not hand-maintained.",Keep only with generator/provenance policy.,3805,120,valid-json,2775deb2c537
frontend/public/data/cases/company-4-34143c6a-6a1b-4864-a68e-0d38c967b901-62490.json,KEEP_GENERATED_REVIEW,NO_IF_STATIC_MODE,"Valid static case shard; useful for public/offline results mode but should be generated, not hand-maintained.",Keep only with generator/provenance policy.,3040,95,valid-json,e5e6b8b69961
frontend/public/data/cases/company-4-34143c6a-6a1b-4864-a68e-0d38c967b901-62990.json,KEEP_GENERATED_REVIEW,NO_IF_STATIC_MODE,"Valid static case shard; useful for public/offline results mode but should be generated, not hand-maintained.",Keep only with generator/provenance policy.,3797,120,valid-json,949c589396f3
frontend/public/data/cases/company-4-34143c6a-6a1b-4864-a68e-0d38c967b901-63007.json,KEEP_GENERATED_REVIEW,NO_IF_STATIC_MODE,"Valid static case shard; useful for public/offline results mode but should be generated, not hand-maintained.",Keep only with generator/provenance policy.,3042,95,valid-json,8afcf3afc266
frontend/public/data/cases/company-4-34143c6a-6a1b-4864-a68e-0d38c967b901-63442.json,KEEP_GENERATED_REVIEW,NO_IF_STATIC_MODE,"Valid static case shard; useful for public/offline results mode but should be generated, not hand-maintained.",Keep only with generator/provenance policy.,2242,72,valid-json,659b3c06fddb
frontend/public/data/cases/company-4-34143c6a-6a1b-4864-a68e-0d38c967b901-63924.json,KEEP_GENERATED_REVIEW,NO_IF_STATIC_MODE,"Valid static case shard; useful for public/offline results mode but should be generated, not hand-maintained.",Keep only with generator/provenance policy.,2257,72,valid-json,f18c0ff80017
frontend/public/data/cases/company-4-34143c6a-6a1b-4864-a68e-0d38c967b901-64097.json,KEEP_GENERATED_REVIEW,NO_IF_STATIC_MODE,"Valid static case shard; useful for public/offline results mode but should be generated, not hand-maintained.",Keep only with generator/provenance policy.,2286,72,valid-json,e584cdb0a0fd
frontend/public/data/cases/company-4-34143c6a-6a1b-4864-a68e-0d38c967b901-64659.json,KEEP_GENERATED_REVIEW,NO_IF_STATIC_MODE,"Valid static case shard; useful for public/offline results mode but should be generated, not hand-maintained.",Keep only with generator/provenance policy.,2255,72,valid-json,d6449f0b47fd
frontend/public/data/cases/company-4-34143c6a-6a1b-4864-a68e-0d38c967b901-65035.json,KEEP_GENERATED_REVIEW,NO_IF_STATIC_MODE,"Valid static case shard; useful for public/offline results mode but should be generated, not hand-maintained.",Keep only with generator/provenance policy.,3070,95,valid-json,82e8c82637c7
frontend/public/data/cases/company-4-34143c6a-6a1b-4864-a68e-0d38c967b901-65369.json,KEEP_GENERATED_REVIEW,NO_IF_STATIC_MODE,"Valid static case shard; useful for public/offline results mode but should be generated, not hand-maintained.",Keep only with generator/provenance policy.,2260,72,valid-json,d2a11998a6cc
frontend/public/data/cases/company-4-34143c6a-6a1b-4864-a68e-0d38c967b901-65639.json,KEEP_GENERATED_REVIEW,NO_IF_STATIC_MODE,"Valid static case shard; useful for public/offline results mode but should be generated, not hand-maintained.",Keep only with generator/provenance policy.,3826,120,valid-json,3595c957dbbb
frontend/public/data/cases/company-4-34143c6a-6a1b-4864-a68e-0d38c967b901-66376.json,KEEP_GENERATED_REVIEW,NO_IF_STATIC_MODE,"Valid static case shard; useful for public/offline results mode but should be generated, not hand-maintained.",Keep only with generator/provenance policy.,3056,95,valid-json,883a9ab1f306
frontend/public/data/cases/company-4-34143c6a-6a1b-4864-a68e-0d38c967b901-67192.json,KEEP_GENERATED_REVIEW,NO_IF_STATIC_MODE,"Valid static case shard; useful for public/offline results mode but should be generated, not hand-maintained.",Keep only with generator/provenance policy.,3024,95,valid-json,a392e324e1a1
frontend/public/data/cases/company-4-34143c6a-6a1b-4864-a68e-0d38c967b901-75864.json,KEEP_GENERATED_REVIEW,NO_IF_STATIC_MODE,"Valid static case shard; useful for public/offline results mode but should be generated, not hand-maintained.",Keep only with generator/provenance policy.,3087,98,valid-json,285da2598894
frontend/public/data/cases/company-4-34143c6a-6a1b-4864-a68e-0d38c967b901-76491.json,KEEP_GENERATED_REVIEW,NO_IF_STATIC_MODE,"Valid static case shard; useful for public/offline results mode but should be generated, not hand-maintained.",Keep only with generator/provenance policy.,2324,73,valid-json,3f80fdab896d
frontend/public/data/cases/company-4-34143c6a-6a1b-4864-a68e-0d38c967b901-76526.json,KEEP_GENERATED_REVIEW,NO_IF_STATIC_MODE,"Valid static case shard; useful for public/offline results mode but should be generated, not hand-maintained.",Keep only with generator/provenance policy.,3065,97,valid-json,5417c929b4b5
frontend/public/data/cases/company-4-34143c6a-6a1b-4864-a68e-0d38c967b901-76597.json,KEEP_GENERATED_REVIEW,NO_IF_STATIC_MODE,"Valid static case shard; useful for public/offline results mode but should be generated, not hand-maintained.",Keep only with generator/provenance policy.,3476,108,valid-json,ea008ab88804
frontend/public/data/cases/company-4-34143c6a-6a1b-4864-a68e-0d38c967b901-868403.json,KEEP_GENERATED_REVIEW,NO_IF_STATIC_MODE,"Valid static case shard; useful for public/offline results mode but should be generated, not hand-maintained.",Keep only with generator/provenance policy.,2355,76,valid-json,0f37b0fdc4c2
frontend/public/data/cases/company-4-34143c6a-6a1b-4864-a68e-0d38c967b901-973647.json,KEEP_GENERATED_REVIEW,NO_IF_STATIC_MODE,"Valid static case shard; useful for public/offline results mode but should be generated, not hand-maintained.",Keep only with generator/provenance policy.,2392,76,valid-json,5421bdd03c54
frontend/public/data/cases/person-4-34143c6a-6a1b-4864-a68e-0d38c967b901-100147.json,KEEP_GENERATED_REVIEW,NO_IF_STATIC_MODE,"Valid static case shard; useful for public/offline results mode but should be generated, not hand-maintained.",Keep only with generator/provenance policy.,2821,90,valid-json,583a66a08a88
frontend/public/data/cases/person-4-34143c6a-6a1b-4864-a68e-0d38c967b901-101077.json,KEEP_GENERATED_REVIEW,NO_IF_STATIC_MODE,"Valid static case shard; useful for public/offline results mode but should be generated, not hand-maintained.",Keep only with generator/provenance policy.,2827,90,valid-json,5464b73dec1d
frontend/public/data/cases/person-4-34143c6a-6a1b-4864-a68e-0d38c967b901-102943.json,KEEP_GENERATED_REVIEW,NO_IF_STATIC_MODE,"Valid static case shard; useful for public/offline results mode but should be generated, not hand-maintained.",Keep only with generator/provenance policy.,2823,90,valid-json,d7a235c16aa0
frontend/public/data/cases/person-4-34143c6a-6a1b-4864-a68e-0d38c967b901-160435.json,KEEP_GENERATED_REVIEW,NO_IF_STATIC_MODE,"Valid static case shard; useful for public/offline results mode but should be generated, not hand-maintained.",Keep only with generator/provenance policy.,2753,90,valid-json,ffd100f20b58
frontend/public/data/cases/person-4-34143c6a-6a1b-4864-a68e-0d38c967b901-161610.json,KEEP_GENERATED_REVIEW,NO_IF_STATIC_MODE,"Valid static case shard; useful for public/offline results mode but should be generated, not hand-maintained.",Keep only with generator/provenance policy.,2191,72,valid-json,5aa86d76f29e
frontend/public/data/cases/person-4-34143c6a-6a1b-4864-a68e-0d38c967b901-162006.json,KEEP_GENERATED_REVIEW,NO_IF_STATIC_MODE,"Valid static case shard; useful for public/offline results mode but should be generated, not hand-maintained.",Keep only with generator/provenance policy.,2123,70,valid-json,8e26ee7f8ce5
frontend/public/data/cases/person-4-34143c6a-6a1b-4864-a68e-0d38c967b901-162896.json,KEEP_GENERATED_REVIEW,NO_IF_STATIC_MODE,"Valid static case shard; useful for public/offline results mode but should be generated, not hand-maintained.",Keep only with generator/provenance policy.,2112,70,valid-json,6c4f05083b9a
frontend/public/data/cases/person-4-34143c6a-6a1b-4864-a68e-0d38c967b901-163020.json,KEEP_GENERATED_REVIEW,NO_IF_STATIC_MODE,"Valid static case shard; useful for public/offline results mode but should be generated, not hand-maintained.",Keep only with generator/provenance policy.,2160,70,valid-json,b856383eeeb2
frontend/public/data/cases/person-4-34143c6a-6a1b-4864-a68e-0d38c967b901-6287.json,KEEP_GENERATED_REVIEW,NO_IF_STATIC_MODE,"Valid static case shard; useful for public/offline results mode but should be generated, not hand-maintained.",Keep only with generator/provenance policy.,2888,91,valid-json,2321a088caed
frontend/public/data/cases/person-4-34143c6a-6a1b-4864-a68e-0d38c967b901-6438.json,KEEP_GENERATED_REVIEW,NO_IF_STATIC_MODE,"Valid static case shard; useful for public/offline results mode but should be generated, not hand-maintained.",Keep only with generator/provenance policy.,2196,72,valid-json,c33f8f686393
frontend/public/data/cases/person-4-34143c6a-6a1b-4864-a68e-0d38c967b901-70274.json,KEEP_GENERATED_REVIEW,NO_IF_STATIC_MODE,"Valid static case shard; useful for public/offline results mode but should be generated, not hand-maintained.",Keep only with generator/provenance policy.,2312,72,valid-json,6086066af55a
frontend/public/data/cases/person-4-34143c6a-6a1b-4864-a68e-0d38c967b901-70327.json,KEEP_GENERATED_REVIEW,NO_IF_STATIC_MODE,"Valid static case shard; useful for public/offline results mode but should be generated, not hand-maintained.",Keep only with generator/provenance policy.,2306,72,valid-json,5d5e9d9239ee
frontend/public/data/cases/person-4-34143c6a-6a1b-4864-a68e-0d38c967b901-70346.json,KEEP_GENERATED_REVIEW,NO_IF_STATIC_MODE,"Valid static case shard; useful for public/offline results mode but should be generated, not hand-maintained.",Keep only with generator/provenance policy.,2219,72,valid-json,b33d9c3576b8
frontend/public/data/cases/person-4-34143c6a-6a1b-4864-a68e-0d38c967b901-70379.json,KEEP_GENERATED_REVIEW,NO_IF_STATIC_MODE,"Valid static case shard; useful for public/offline results mode but should be generated, not hand-maintained.",Keep only with generator/provenance policy.,2294,72,valid-json,82dc1f285ba5
frontend/public/data/cases/person-4-34143c6a-6a1b-4864-a68e-0d38c967b901-70433.json,KEEP_GENERATED_REVIEW,NO_IF_STATIC_MODE,"Valid static case shard; useful for public/offline results mode but should be generated, not hand-maintained.",Keep only with generator/provenance policy.,2320,72,valid-json,7052c298fed1
frontend/public/data/cases/person-4-34143c6a-6a1b-4864-a68e-0d38c967b901-70437.json,KEEP_GENERATED_REVIEW,NO_IF_STATIC_MODE,"Valid static case shard; useful for public/offline results mode but should be generated, not hand-maintained.",Keep only with generator/provenance policy.,2316,72,valid-json,c85f9b347b7a
frontend/public/data/cases/person-4-34143c6a-6a1b-4864-a68e-0d38c967b901-70550.json,KEEP_GENERATED_REVIEW,NO_IF_STATIC_MODE,"Valid static case shard; useful for public/offline results mode but should be generated, not hand-maintained.",Keep only with generator/provenance policy.,1429,50,valid-json,897e5d7ebf1c
frontend/public/data/cases/person-4-34143c6a-6a1b-4864-a68e-0d38c967b901-70663.json,KEEP_GENERATED_REVIEW,NO_IF_STATIC_MODE,"Valid static case shard; useful for public/offline results mode but should be generated, not hand-maintained.",Keep only with generator/provenance policy.,2903,93,valid-json,54c49969a4e2
frontend/public/data/cases/person-4-34143c6a-6a1b-4864-a68e-0d38c967b901-70677.json,KEEP_GENERATED_REVIEW,NO_IF_STATIC_MODE,"Valid static case shard; useful for public/offline results mode but should be generated, not hand-maintained.",Keep only with generator/provenance policy.,2318,72,valid-json,405c00f2ccee
frontend/public/data/cases/person-4-34143c6a-6a1b-4864-a68e-0d38c967b901-70839.json,KEEP_GENERATED_REVIEW,NO_IF_STATIC_MODE,"Valid static case shard; useful for public/offline results mode but should be generated, not hand-maintained.",Keep only with generator/provenance policy.,2312,72,valid-json,f961b6a92a58
frontend/public/data/cases/person-4-34143c6a-6a1b-4864-a68e-0d38c967b901-70872.json,KEEP_GENERATED_REVIEW,NO_IF_STATIC_MODE,"Valid static case shard; useful for public/offline results mode but should be generated, not hand-maintained.",Keep only with generator/provenance policy.,2304,72,valid-json,02aa698ce5ec
frontend/public/data/cases/person-4-34143c6a-6a1b-4864-a68e-0d38c967b901-70884.json,KEEP_GENERATED_REVIEW,NO_IF_STATIC_MODE,"Valid static case shard; useful for public/offline results mode but should be generated, not hand-maintained.",Keep only with generator/provenance policy.,2302,72,valid-json,f0c8f9e6e16a
frontend/public/data/cases/person-4-34143c6a-6a1b-4864-a68e-0d38c967b901-70887.json,KEEP_GENERATED_REVIEW,NO_IF_STATIC_MODE,"Valid static case shard; useful for public/offline results mode but should be generated, not hand-maintained.",Keep only with generator/provenance policy.,2917,93,valid-json,b7f4eb6cba33
frontend/public/data/cases/person-4-34143c6a-6a1b-4864-a68e-0d38c967b901-70893.json,KEEP_GENERATED_REVIEW,NO_IF_STATIC_MODE,"Valid static case shard; useful for public/offline results mode but should be generated, not hand-maintained.",Keep only with generator/provenance policy.,2322,72,valid-json,d09644f66a50
frontend/public/data/cases/person-4-34143c6a-6a1b-4864-a68e-0d38c967b901-70942.json,KEEP_GENERATED_REVIEW,NO_IF_STATIC_MODE,"Valid static case shard; useful for public/offline results mode but should be generated, not hand-maintained.",Keep only with generator/provenance policy.,2308,72,valid-json,f8c2afaba255
frontend/public/data/cases/person-4-34143c6a-6a1b-4864-a68e-0d38c967b901-70983.json,KEEP_GENERATED_REVIEW,NO_IF_STATIC_MODE,"Valid static case shard; useful for public/offline results mode but should be generated, not hand-maintained.",Keep only with generator/provenance policy.,2322,72,valid-json,436f9fd6a005
frontend/public/data/cases/person-4-34143c6a-6a1b-4864-a68e-0d38c967b901-71014.json,KEEP_GENERATED_REVIEW,NO_IF_STATIC_MODE,"Valid static case shard; useful for public/offline results mode but should be generated, not hand-maintained.",Keep only with generator/provenance policy.,2298,72,valid-json,6ec1ca94f61e
frontend/public/data/cases/person-4-34143c6a-6a1b-4864-a68e-0d38c967b901-71222.json,KEEP_GENERATED_REVIEW,NO_IF_STATIC_MODE,"Valid static case shard; useful for public/offline results mode but should be generated, not hand-maintained.",Keep only with generator/provenance policy.,2300,72,valid-json,773cb566c4f7
frontend/public/data/cases/person-4-34143c6a-6a1b-4864-a68e-0d38c967b901-71375.json,KEEP_GENERATED_REVIEW,NO_IF_STATIC_MODE,"Valid static case shard; useful for public/offline results mode but should be generated, not hand-maintained.",Keep only with generator/provenance policy.,2304,72,valid-json,a57d6bca682b
frontend/public/data/cases/person-4-34143c6a-6a1b-4864-a68e-0d38c967b901-71444.json,KEEP_GENERATED_REVIEW,NO_IF_STATIC_MODE,"Valid static case shard; useful for public/offline results mode but should be generated, not hand-maintained.",Keep only with generator/provenance policy.,3570,114,valid-json,c7dc3926f3d1
frontend/public/data/cases/person-4-34143c6a-6a1b-4864-a68e-0d38c967b901-71448.json,KEEP_GENERATED_REVIEW,NO_IF_STATIC_MODE,"Valid static case shard; useful for public/offline results mode but should be generated, not hand-maintained.",Keep only with generator/provenance policy.,2910,93,valid-json,ada60f46c920
frontend/public/data/cases/person-4-34143c6a-6a1b-4864-a68e-0d38c967b901-71522.json,KEEP_GENERATED_REVIEW,NO_IF_STATIC_MODE,"Valid static case shard; useful for public/offline results mode but should be generated, not hand-maintained.",Keep only with generator/provenance policy.,2938,93,valid-json,1ce9c199302f
frontend/public/data/cases/person-4-34143c6a-6a1b-4864-a68e-0d38c967b901-71577.json,KEEP_GENERATED_REVIEW,NO_IF_STATIC_MODE,"Valid static case shard; useful for public/offline results mode but should be generated, not hand-maintained.",Keep only with generator/provenance policy.,2290,72,valid-json,5b2c547be647
frontend/public/data/cases/person-4-34143c6a-6a1b-4864-a68e-0d38c967b901-71709.json,KEEP_GENERATED_REVIEW,NO_IF_STATIC_MODE,"Valid static case shard; useful for public/offline results mode but should be generated, not hand-maintained.",Keep only with generator/provenance policy.,2944,93,valid-json,c6c4015f1135
frontend/public/data/cases/person-4-34143c6a-6a1b-4864-a68e-0d38c967b901-71799.json,KEEP_GENERATED_REVIEW,NO_IF_STATIC_MODE,"Valid static case shard; useful for public/offline results mode but should be generated, not hand-maintained.",Keep only with generator/provenance policy.,2294,72,valid-json,b61577185a1a
frontend/public/data/cases/person-4-34143c6a-6a1b-4864-a68e-0d38c967b901-71820.json,KEEP_GENERATED_REVIEW,NO_IF_STATIC_MODE,"Valid static case shard; useful for public/offline results mode but should be generated, not hand-maintained.",Keep only with generator/provenance policy.,2320,72,valid-json,7c7880d6ef9f
frontend/public/data/cases/person-4-34143c6a-6a1b-4864-a68e-0d38c967b901-71900.json,KEEP_GENERATED_REVIEW,NO_IF_STATIC_MODE,"Valid static case shard; useful for public/offline results mode but should be generated, not hand-maintained.",Keep only with generator/provenance policy.,2316,72,valid-json,e48a145b8f5f
frontend/public/data/cases/person-4-34143c6a-6a1b-4864-a68e-0d38c967b901-71979.json,KEEP_GENERATED_REVIEW,NO_IF_STATIC_MODE,"Valid static case shard; useful for public/offline results mode but should be generated, not hand-maintained.",Keep only with generator/provenance policy.,2324,72,valid-json,3c1cc8ccf446
frontend/public/data/cases/person-4-34143c6a-6a1b-4864-a68e-0d38c967b901-72012.json,KEEP_GENERATED_REVIEW,NO_IF_STATIC_MODE,"Valid static case shard; useful for public/offline results mode but should be generated, not hand-maintained.",Keep only with generator/provenance policy.,2298,72,valid-json,ad45771928a1
frontend/public/data/cases/person-4-34143c6a-6a1b-4864-a68e-0d38c967b901-72080.json,KEEP_GENERATED_REVIEW,NO_IF_STATIC_MODE,"Valid static case shard; useful for public/offline results mode but should be generated, not hand-maintained.",Keep only with generator/provenance policy.,2322,72,valid-json,3a5fafcde33d
frontend/public/data/cases/person-4-34143c6a-6a1b-4864-a68e-0d38c967b901-72160.json,KEEP_GENERATED_REVIEW,NO_IF_STATIC_MODE,"Valid static case shard; useful for public/offline results mode but should be generated, not hand-maintained.",Keep only with generator/provenance policy.,2314,72,valid-json,3e249c6a7060
frontend/public/data/cases/person-4-34143c6a-6a1b-4864-a68e-0d38c967b901-72394.json,KEEP_GENERATED_REVIEW,NO_IF_STATIC_MODE,"Valid static case shard; useful for public/offline results mode but should be generated, not hand-maintained.",Keep only with generator/provenance policy.,2871,93,valid-json,0c994c7f2e61
frontend/public/data/cases/person-4-34143c6a-6a1b-4864-a68e-0d38c967b901-72499.json,KEEP_GENERATED_REVIEW,NO_IF_STATIC_MODE,"Valid static case shard; useful for public/offline results mode but should be generated, not hand-maintained.",Keep only with generator/provenance policy.,2322,72,valid-json,6491b1b96440
frontend/public/data/cases/person-4-34143c6a-6a1b-4864-a68e-0d38c967b901-72623.json,KEEP_GENERATED_REVIEW,NO_IF_STATIC_MODE,"Valid static case shard; useful for public/offline results mode but should be generated, not hand-maintained.",Keep only with generator/provenance policy.,2294,72,valid-json,78f139961b08
frontend/public/data/cases/person-4-34143c6a-6a1b-4864-a68e-0d38c967b901-72704.json,KEEP_GENERATED_REVIEW,NO_IF_STATIC_MODE,"Valid static case shard; useful for public/offline results mode but should be generated, not hand-maintained.",Keep only with generator/provenance policy.,2298,72,valid-json,e952f6bcfb48
frontend/public/data/cases/person-4-34143c6a-6a1b-4864-a68e-0d38c967b901-72713.json,KEEP_GENERATED_REVIEW,NO_IF_STATIC_MODE,"Valid static case shard; useful for public/offline results mode but should be generated, not hand-maintained.",Keep only with generator/provenance policy.,2314,72,valid-json,f1996ebcb4ec
frontend/public/data/cases/person-4-34143c6a-6a1b-4864-a68e-0d38c967b901-72738.json,KEEP_GENERATED_REVIEW,NO_IF_STATIC_MODE,"Valid static case shard; useful for public/offline results mode but should be generated, not hand-maintained.",Keep only with generator/provenance policy.,2318,72,valid-json,d1ff08491519
frontend/public/data/cases/person-4-34143c6a-6a1b-4864-a68e-0d38c967b901-72787.json,KEEP_GENERATED_REVIEW,NO_IF_STATIC_MODE,"Valid static case shard; useful for public/offline results mode but should be generated, not hand-maintained.",Keep only with generator/provenance policy.,2324,72,valid-json,c2461be68ecb
frontend/public/data/cases/person-4-34143c6a-6a1b-4864-a68e-0d38c967b901-72817.json,KEEP_GENERATED_REVIEW,NO_IF_STATIC_MODE,"Valid static case shard; useful for public/offline results mode but should be generated, not hand-maintained.",Keep only with generator/provenance policy.,2324,72,valid-json,f05bc00aae22
frontend/public/data/cases/person-4-34143c6a-6a1b-4864-a68e-0d38c967b901-73094.json,KEEP_GENERATED_REVIEW,NO_IF_STATIC_MODE,"Valid static case shard; useful for public/offline results mode but should be generated, not hand-maintained.",Keep only with generator/provenance policy.,2922,93,valid-json,1ca4fe4e7086
frontend/public/data/cases/person-4-34143c6a-6a1b-4864-a68e-0d38c967b901-73196.json,KEEP_GENERATED_REVIEW,NO_IF_STATIC_MODE,"Valid static case shard; useful for public/offline results mode but should be generated, not hand-maintained.",Keep only with generator/provenance policy.,2312,72,valid-json,c4a6ec69bad6
frontend/public/data/cases/person-4-34143c6a-6a1b-4864-a68e-0d38c967b901-73257.json,KEEP_GENERATED_REVIEW,NO_IF_STATIC_MODE,"Valid static case shard; useful for public/offline results mode but should be generated, not hand-maintained.",Keep only with generator/provenance policy.,2322,72,valid-json,bfabae337556
frontend/public/data/cases/person-4-34143c6a-6a1b-4864-a68e-0d38c967b901-73288.json,KEEP_GENERATED_REVIEW,NO_IF_STATIC_MODE,"Valid static case shard; useful for public/offline results mode but should be generated, not hand-maintained.",Keep only with generator/provenance policy.,2304,72,valid-json,f2b335d14e11
frontend/public/data/cases/person-4-34143c6a-6a1b-4864-a68e-0d38c967b901-73404.json,KEEP_GENERATED_REVIEW,NO_IF_STATIC_MODE,"Valid static case shard; useful for public/offline results mode but should be generated, not hand-maintained.",Keep only with generator/provenance policy.,2312,72,valid-json,54cedd1c7273
frontend/public/data/cases/person-4-34143c6a-6a1b-4864-a68e-0d38c967b901-73471.json,KEEP_GENERATED_REVIEW,NO_IF_STATIC_MODE,"Valid static case shard; useful for public/offline results mode but should be generated, not hand-maintained.",Keep only with generator/provenance policy.,2300,72,valid-json,932b46cffc70
frontend/public/data/cases/person-4-34143c6a-6a1b-4864-a68e-0d38c967b901-73565.json,KEEP_GENERATED_REVIEW,NO_IF_STATIC_MODE,"Valid static case shard; useful for public/offline results mode but should be generated, not hand-maintained.",Keep only with generator/provenance policy.,2310,72,valid-json,e9d1a571f955
frontend/public/data/cases/person-4-34143c6a-6a1b-4864-a68e-0d38c967b901-73652.json,KEEP_GENERATED_REVIEW,NO_IF_STATIC_MODE,"Valid static case shard; useful for public/offline results mode but should be generated, not hand-maintained.",Keep only with generator/provenance policy.,2316,72,valid-json,ed96e0e767f6
frontend/public/data/cases/person-4-34143c6a-6a1b-4864-a68e-0d38c967b901-73705.json,KEEP_GENERATED_REVIEW,NO_IF_STATIC_MODE,"Valid static case shard; useful for public/offline results mode but should be generated, not hand-maintained.",Keep only with generator/provenance policy.,2324,72,valid-json,442732846102
frontend/public/data/cases/person-4-34143c6a-6a1b-4864-a68e-0d38c967b901-73718.json,KEEP_GENERATED_REVIEW,NO_IF_STATIC_MODE,"Valid static case shard; useful for public/offline results mode but should be generated, not hand-maintained.",Keep only with generator/provenance policy.,2885,93,valid-json,0f1dd03fd9b1
frontend/public/data/cases/person-4-34143c6a-6a1b-4864-a68e-0d38c967b901-73793.json,KEEP_GENERATED_REVIEW,NO_IF_STATIC_MODE,"Valid static case shard; useful for public/offline results mode but should be generated, not hand-maintained.",Keep only with generator/provenance policy.,2879,93,valid-json,009b4b36219f
frontend/public/data/cases/person-4-34143c6a-6a1b-4864-a68e-0d38c967b901-74106.json,KEEP_GENERATED_REVIEW,NO_IF_STATIC_MODE,"Valid static case shard; useful for public/offline results mode but should be generated, not hand-maintained.",Keep only with generator/provenance policy.,2314,72,valid-json,2ae52337e0b2
frontend/public/data/cases/person-4-34143c6a-6a1b-4864-a68e-0d38c967b901-74109.json,KEEP_GENERATED_REVIEW,NO_IF_STATIC_MODE,"Valid static case shard; useful for public/offline results mode but should be generated, not hand-maintained.",Keep only with generator/provenance policy.,2942,93,valid-json,f35efe24f209
frontend/public/data/cases/person-4-34143c6a-6a1b-4864-a68e-0d38c967b901-74148.json,KEEP_GENERATED_REVIEW,NO_IF_STATIC_MODE,"Valid static case shard; useful for public/offline results mode but should be generated, not hand-maintained.",Keep only with generator/provenance policy.,2300,72,valid-json,6835a9a52541
frontend/public/data/cases/person-4-34143c6a-6a1b-4864-a68e-0d38c967b901-74174.json,KEEP_GENERATED_REVIEW,NO_IF_STATIC_MODE,"Valid static case shard; useful for public/offline results mode but should be generated, not hand-maintained.",Keep only with generator/provenance policy.,2314,72,valid-json,51f2a74b3f3b
frontend/public/data/cases/person-4-34143c6a-6a1b-4864-a68e-0d38c967b901-74232.json,KEEP_GENERATED_REVIEW,NO_IF_STATIC_MODE,"Valid static case shard; useful for public/offline results mode but should be generated, not hand-maintained.",Keep only with generator/provenance policy.,2314,72,valid-json,ee20345318ee
frontend/public/data/cases/person-4-34143c6a-6a1b-4864-a68e-0d38c967b901-74506.json,KEEP_GENERATED_REVIEW,NO_IF_STATIC_MODE,"Valid static case shard; useful for public/offline results mode but should be generated, not hand-maintained.",Keep only with generator/provenance policy.,2306,72,valid-json,a98031c748d9
frontend/public/data/cases/person-4-34143c6a-6a1b-4864-a68e-0d38c967b901-74605.json,KEEP_GENERATED_REVIEW,NO_IF_STATIC_MODE,"Valid static case shard; useful for public/offline results mode but should be generated, not hand-maintained.",Keep only with generator/provenance policy.,2306,72,valid-json,3df324ebf187
frontend/public/data/cases/person-4-34143c6a-6a1b-4864-a68e-0d38c967b901-74683.json,KEEP_GENERATED_REVIEW,NO_IF_STATIC_MODE,"Valid static case shard; useful for public/offline results mode but should be generated, not hand-maintained.",Keep only with generator/provenance policy.,2312,72,valid-json,52f76bfe6009
frontend/public/data/cases/person-4-34143c6a-6a1b-4864-a68e-0d38c967b901-74774.json,KEEP_GENERATED_REVIEW,NO_IF_STATIC_MODE,"Valid static case shard; useful for public/offline results mode but should be generated, not hand-maintained.",Keep only with generator/provenance policy.,2887,93,valid-json,b40a6be82623
frontend/public/data/cases/person-4-34143c6a-6a1b-4864-a68e-0d38c967b901-74854.json,KEEP_GENERATED_REVIEW,NO_IF_STATIC_MODE,"Valid static case shard; useful for public/offline results mode but should be generated, not hand-maintained.",Keep only with generator/provenance policy.,2316,72,valid-json,1b6369f3f23e
frontend/public/data/cases/person-4-34143c6a-6a1b-4864-a68e-0d38c967b901-75008.json,KEEP_GENERATED_REVIEW,NO_IF_STATIC_MODE,"Valid static case shard; useful for public/offline results mode but should be generated, not hand-maintained.",Keep only with generator/provenance policy.,2312,72,valid-json,485de52e620d
frontend/public/data/cases/person-4-34143c6a-6a1b-4864-a68e-0d38c967b901-75059.json,KEEP_GENERATED_REVIEW,NO_IF_STATIC_MODE,"Valid static case shard; useful for public/offline results mode but should be generated, not hand-maintained.",Keep only with generator/provenance policy.,2316,72,valid-json,41cbff9165ae
frontend/public/data/cases/person-4-34143c6a-6a1b-4864-a68e-0d38c967b901-75113.json,KEEP_GENERATED_REVIEW,NO_IF_STATIC_MODE,"Valid static case shard; useful for public/offline results mode but should be generated, not hand-maintained.",Keep only with generator/provenance policy.,2310,72,valid-json,9e757f880d2b
frontend/public/data/cases/person-4-34143c6a-6a1b-4864-a68e-0d38c967b901-75141.json,KEEP_GENERATED_REVIEW,NO_IF_STATIC_MODE,"Valid static case shard; useful for public/offline results mode but should be generated, not hand-maintained.",Keep only with generator/provenance policy.,2308,72,valid-json,65747297528f
frontend/public/data/cases/person-4-34143c6a-6a1b-4864-a68e-0d38c967b901-75157.json,KEEP_GENERATED_REVIEW,NO_IF_STATIC_MODE,"Valid static case shard; useful for public/offline results mode but should be generated, not hand-maintained.",Keep only with generator/provenance policy.,3580,114,valid-json,957ab59ffe76
frontend/public/data/cases/person-4-34143c6a-6a1b-4864-a68e-0d38c967b901-75290.json,KEEP_GENERATED_REVIEW,NO_IF_STATIC_MODE,"Valid static case shard; useful for public/offline results mode but should be generated, not hand-maintained.",Keep only with generator/provenance policy.,2312,72,valid-json,708b3b4be4da
frontend/public/data/cases/person-4-34143c6a-6a1b-4864-a68e-0d38c967b901-75529.json,KEEP_GENERATED_REVIEW,NO_IF_STATIC_MODE,"Valid static case shard; useful for public/offline results mode but should be generated, not hand-maintained.",Keep only with generator/provenance policy.,2314,72,valid-json,ecd21b86be75
frontend/public/data/cases/person-4-34143c6a-6a1b-4864-a68e-0d38c967b901-75552.json,KEEP_GENERATED_REVIEW,NO_IF_STATIC_MODE,"Valid static case shard; useful for public/offline results mode but should be generated, not hand-maintained.",Keep only with generator/provenance policy.,2310,72,valid-json,0f637f9af73a
frontend/public/data/cases/person-4-34143c6a-6a1b-4864-a68e-0d38c967b901-75557.json,KEEP_GENERATED_REVIEW,NO_IF_STATIC_MODE,"Valid static case shard; useful for public/offline results mode but should be generated, not hand-maintained.",Keep only with generator/provenance policy.,2320,72,valid-json,00d85d83a994
frontend/public/data/cases/person-4-34143c6a-6a1b-4864-a68e-0d38c967b901-75615.json,KEEP_GENERATED_REVIEW,NO_IF_STATIC_MODE,"Valid static case shard; useful for public/offline results mode but should be generated, not hand-maintained.",Keep only with generator/provenance policy.,2320,72,valid-json,9abb56ba486c
frontend/public/data/cases/person-4-34143c6a-6a1b-4864-a68e-0d38c967b901-80394.json,KEEP_GENERATED_REVIEW,NO_IF_STATIC_MODE,"Valid static case shard; useful for public/offline results mode but should be generated, not hand-maintained.",Keep only with generator/provenance policy.,2282,72,valid-json,929f8a86113d
frontend/public/data/cases/person-4-34143c6a-6a1b-4864-a68e-0d38c967b901-80932.json,KEEP_GENERATED_REVIEW,NO_IF_STATIC_MODE,"Valid static case shard; useful for public/offline results mode but should be generated, not hand-maintained.",Keep only with generator/provenance policy.,2312,72,valid-json,679183976444
frontend/public/data/cases/person-4-34143c6a-6a1b-4864-a68e-0d38c967b901-80974.json,KEEP_GENERATED_REVIEW,NO_IF_STATIC_MODE,"Valid static case shard; useful for public/offline results mode but should be generated, not hand-maintained.",Keep only with generator/provenance policy.,2956,93,valid-json,19689bc39c77
frontend/public/data/cases/person-4-34143c6a-6a1b-4864-a68e-0d38c967b901-80984.json,KEEP_GENERATED_REVIEW,NO_IF_STATIC_MODE,"Valid static case shard; useful for public/offline results mode but should be generated, not hand-maintained.",Keep only with generator/provenance policy.,2318,72,valid-json,b12599d4681b
frontend/public/data/cases/person-4-34143c6a-6a1b-4864-a68e-0d38c967b901-81008.json,KEEP_GENERATED_REVIEW,NO_IF_STATIC_MODE,"Valid static case shard; useful for public/offline results mode but should be generated, not hand-maintained.",Keep only with generator/provenance policy.,2306,72,valid-json,693770e1206f
frontend/public/data/cases/person-4-34143c6a-6a1b-4864-a68e-0d38c967b901-81018.json,KEEP_GENERATED_REVIEW,NO_IF_STATIC_MODE,"Valid static case shard; useful for public/offline results mode but should be generated, not hand-maintained.",Keep only with generator/provenance policy.,2306,72,valid-json,213b32a743f5
frontend/public/data/cases/person-4-34143c6a-6a1b-4864-a68e-0d38c967b901-81094.json,KEEP_GENERATED_REVIEW,NO_IF_STATIC_MODE,"Valid static case shard; useful for public/offline results mode but should be generated, not hand-maintained.",Keep only with generator/provenance policy.,2324,72,valid-json,8ea29ce0d4a7
frontend/public/data/cases/person-4-34143c6a-6a1b-4864-a68e-0d38c967b901-81572.json,KEEP_GENERATED_REVIEW,NO_IF_STATIC_MODE,"Valid static case shard; useful for public/offline results mode but should be generated, not hand-maintained.",Keep only with generator/provenance policy.,2320,72,valid-json,773e84929b09
frontend/public/data/cases/person-4-34143c6a-6a1b-4864-a68e-0d38c967b901-81577.json,KEEP_GENERATED_REVIEW,NO_IF_STATIC_MODE,"Valid static case shard; useful for public/offline results mode but should be generated, not hand-maintained.",Keep only with generator/provenance policy.,2310,72,valid-json,10ad3c5355b0
frontend/public/data/cases/person-4-34143c6a-6a1b-4864-a68e-0d38c967b901-81662.json,KEEP_GENERATED_REVIEW,NO_IF_STATIC_MODE,"Valid static case shard; useful for public/offline results mode but should be generated, not hand-maintained.",Keep only with generator/provenance policy.,2942,93,valid-json,ced6e68320f1
frontend/public/data/cases/person-4-34143c6a-6a1b-4864-a68e-0d38c967b901-81669.json,KEEP_GENERATED_REVIEW,NO_IF_STATIC_MODE,"Valid static case shard; useful for public/offline results mode but should be generated, not hand-maintained.",Keep only with generator/provenance policy.,2318,72,valid-json,836a04bfd0c6
frontend/public/data/cases/person-4-34143c6a-6a1b-4864-a68e-0d38c967b901-81699.json,KEEP_GENERATED_REVIEW,NO_IF_STATIC_MODE,"Valid static case shard; useful for public/offline results mode but should be generated, not hand-maintained.",Keep only with generator/provenance policy.,2318,72,valid-json,d65769c612a6
frontend/public/data/cases/person-4-34143c6a-6a1b-4864-a68e-0d38c967b901-81701.json,KEEP_GENERATED_REVIEW,NO_IF_STATIC_MODE,"Valid static case shard; useful for public/offline results mode but should be generated, not hand-maintained.",Keep only with generator/provenance policy.,2314,72,valid-json,9fa50b30e7e9
frontend/public/data/cases/person-4-34143c6a-6a1b-4864-a68e-0d38c967b901-81749.json,KEEP_GENERATED_REVIEW,NO_IF_STATIC_MODE,"Valid static case shard; useful for public/offline results mode but should be generated, not hand-maintained.",Keep only with generator/provenance policy.,2308,72,valid-json,5b0d542e2ba0
frontend/public/data/cases/person-4-34143c6a-6a1b-4864-a68e-0d38c967b901-81760.json,KEEP_GENERATED_REVIEW,NO_IF_STATIC_MODE,"Valid static case shard; useful for public/offline results mode but should be generated, not hand-maintained.",Keep only with generator/provenance policy.,2306,72,valid-json,d562b0508837
frontend/public/data/cases/person-4-34143c6a-6a1b-4864-a68e-0d38c967b901-82148.json,KEEP_GENERATED_REVIEW,NO_IF_STATIC_MODE,"Valid static case shard; useful for public/offline results mode but should be generated, not hand-maintained.",Keep only with generator/provenance policy.,2314,72,valid-json,5d379030e4b7
frontend/public/data/cases/person-4-34143c6a-6a1b-4864-a68e-0d38c967b901-82189.json,KEEP_GENERATED_REVIEW,NO_IF_STATIC_MODE,"Valid static case shard; useful for public/offline results mode but should be generated, not hand-maintained.",Keep only with generator/provenance policy.,2320,72,valid-json,24f6a2f4a393
frontend/public/data/cases/person-4-34143c6a-6a1b-4864-a68e-0d38c967b901-82272.json,KEEP_GENERATED_REVIEW,NO_IF_STATIC_MODE,"Valid static case shard; useful for public/offline results mode but should be generated, not hand-maintained.",Keep only with generator/provenance policy.,2308,72,valid-json,b5d98ba4e3f5
frontend/public/data/cases/person-4-34143c6a-6a1b-4864-a68e-0d38c967b901-82365.json,KEEP_GENERATED_REVIEW,NO_IF_STATIC_MODE,"Valid static case shard; useful for public/offline results mode but should be generated, not hand-maintained.",Keep only with generator/provenance policy.,2316,72,valid-json,84316cc00140
frontend/public/data/cases/person-4-34143c6a-6a1b-4864-a68e-0d38c967b901-82491.json,KEEP_GENERATED_REVIEW,NO_IF_STATIC_MODE,"Valid static case shard; useful for public/offline results mode but should be generated, not hand-maintained.",Keep only with generator/provenance policy.,2855,93,valid-json,578bd53d6e1e
frontend/public/data/cases/person-4-34143c6a-6a1b-4864-a68e-0d38c967b901-82800.json,KEEP_GENERATED_REVIEW,NO_IF_STATIC_MODE,"Valid static case shard; useful for public/offline results mode but should be generated, not hand-maintained.",Keep only with generator/provenance policy.,2909,93,valid-json,6c51f656d713
frontend/public/data/cases/person-4-34143c6a-6a1b-4864-a68e-0d38c967b901-82847.json,KEEP_GENERATED_REVIEW,NO_IF_STATIC_MODE,"Valid static case shard; useful for public/offline results mode but should be generated, not hand-maintained.",Keep only with generator/provenance policy.,2304,72,valid-json,094b5c105fda
frontend/public/data/cases/person-4-34143c6a-6a1b-4864-a68e-0d38c967b901-82922.json,KEEP_GENERATED_REVIEW,NO_IF_STATIC_MODE,"Valid static case shard; useful for public/offline results mode but should be generated, not hand-maintained.",Keep only with generator/provenance policy.,2314,72,valid-json,2806bb72addb
frontend/public/data/cases/person-4-34143c6a-6a1b-4864-a68e-0d38c967b901-82933.json,KEEP_GENERATED_REVIEW,NO_IF_STATIC_MODE,"Valid static case shard; useful for public/offline results mode but should be generated, not hand-maintained.",Keep only with generator/provenance policy.,2322,72,valid-json,85b7ff8711df
frontend/public/data/cases/person-4-34143c6a-6a1b-4864-a68e-0d38c967b901-83424.json,KEEP_GENERATED_REVIEW,NO_IF_STATIC_MODE,"Valid static case shard; useful for public/offline results mode but should be generated, not hand-maintained.",Keep only with generator/provenance policy.,2314,72,valid-json,c1b6c350f7a3
frontend/public/data/cases/person-4-34143c6a-6a1b-4864-a68e-0d38c967b901-83436.json,KEEP_GENERATED_REVIEW,NO_IF_STATIC_MODE,"Valid static case shard; useful for public/offline results mode but should be generated, not hand-maintained.",Keep only with generator/provenance policy.,2875,93,valid-json,d8b214fdc2cc
frontend/public/data/cases/person-4-34143c6a-6a1b-4864-a68e-0d38c967b901-83556.json,KEEP_GENERATED_REVIEW,NO_IF_STATIC_MODE,"Valid static case shard; useful for public/offline results mode but should be generated, not hand-maintained.",Keep only with generator/provenance policy.,2308,72,valid-json,5b5d1bf6a15c
frontend/public/data/cases/person-4-34143c6a-6a1b-4864-a68e-0d38c967b901-84092.json,KEEP_GENERATED_REVIEW,NO_IF_STATIC_MODE,"Valid static case shard; useful for public/offline results mode but should be generated, not hand-maintained.",Keep only with generator/provenance policy.,2318,72,valid-json,e38683c37be5
frontend/public/data/cases/person-4-34143c6a-6a1b-4864-a68e-0d38c967b901-84133.json,KEEP_GENERATED_REVIEW,NO_IF_STATIC_MODE,"Valid static case shard; useful for public/offline results mode but should be generated, not hand-maintained.",Keep only with generator/provenance policy.,3586,114,valid-json,87cd72b5dd9a
frontend/public/data/cases/person-4-34143c6a-6a1b-4864-a68e-0d38c967b901-84152.json,KEEP_GENERATED_REVIEW,NO_IF_STATIC_MODE,"Valid static case shard; useful for public/offline results mode but should be generated, not hand-maintained.",Keep only with generator/provenance policy.,3578,114,valid-json,66e2fd11f25f
frontend/public/data/cases/person-4-34143c6a-6a1b-4864-a68e-0d38c967b901-84287.json,KEEP_GENERATED_REVIEW,NO_IF_STATIC_MODE,"Valid static case shard; useful for public/offline results mode but should be generated, not hand-maintained.",Keep only with generator/provenance policy.,2932,93,valid-json,4b6b66b371a7
frontend/public/data/cases/person-4-34143c6a-6a1b-4864-a68e-0d38c967b901-84791.json,KEEP_GENERATED_REVIEW,NO_IF_STATIC_MODE,"Valid static case shard; useful for public/offline results mode but should be generated, not hand-maintained.",Keep only with generator/provenance policy.,2300,72,valid-json,8a829620f8cc
frontend/public/data/cases/person-4-34143c6a-6a1b-4864-a68e-0d38c967b901-84795.json,KEEP_GENERATED_REVIEW,NO_IF_STATIC_MODE,"Valid static case shard; useful for public/offline results mode but should be generated, not hand-maintained.",Keep only with generator/provenance policy.,2318,72,valid-json,b04474e63cd9
frontend/public/data/cases/person-4-34143c6a-6a1b-4864-a68e-0d38c967b901-84948.json,KEEP_GENERATED_REVIEW,NO_IF_STATIC_MODE,"Valid static case shard; useful for public/offline results mode but should be generated, not hand-maintained.",Keep only with generator/provenance policy.,2326,72,valid-json,aaa05eced50b
frontend/public/data/cases/person-4-34143c6a-6a1b-4864-a68e-0d38c967b901-85305.json,KEEP_GENERATED_REVIEW,NO_IF_STATIC_MODE,"Valid static case shard; useful for public/offline results mode but should be generated, not hand-maintained.",Keep only with generator/provenance policy.,3584,114,valid-json,f7c5906d1416
frontend/public/data/cases/person-4-34143c6a-6a1b-4864-a68e-0d38c967b901-85371.json,KEEP_GENERATED_REVIEW,NO_IF_STATIC_MODE,"Valid static case shard; useful for public/offline results mode but should be generated, not hand-maintained.",Keep only with generator/provenance policy.,2314,72,valid-json,187c700b7a9f
frontend/public/data/cases/person-4-34143c6a-6a1b-4864-a68e-0d38c967b901-85487.json,KEEP_GENERATED_REVIEW,NO_IF_STATIC_MODE,"Valid static case shard; useful for public/offline results mode but should be generated, not hand-maintained.",Keep only with generator/provenance policy.,2314,72,valid-json,81322d8daec6
frontend/public/data/cases/person-4-34143c6a-6a1b-4864-a68e-0d38c967b901-85582.json,KEEP_GENERATED_REVIEW,NO_IF_STATIC_MODE,"Valid static case shard; useful for public/offline results mode but should be generated, not hand-maintained.",Keep only with generator/provenance policy.,2883,93,valid-json,76a0d9705e6a
frontend/public/data/cases/person-4-34143c6a-6a1b-4864-a68e-0d38c967b901-85979.json,KEEP_GENERATED_REVIEW,NO_IF_STATIC_MODE,"Valid static case shard; useful for public/offline results mode but should be generated, not hand-maintained.",Keep only with generator/provenance policy.,2237,72,valid-json,dffd8f8b06c9
frontend/public/data/cases/person-4-34143c6a-6a1b-4864-a68e-0d38c967b901-86043.json,KEEP_GENERATED_REVIEW,NO_IF_STATIC_MODE,"Valid static case shard; useful for public/offline results mode but should be generated, not hand-maintained.",Keep only with generator/provenance policy.,2314,72,valid-json,da8b1f96c0e0
frontend/public/data/cases/person-4-34143c6a-6a1b-4864-a68e-0d38c967b901-86054.json,KEEP_GENERATED_REVIEW,NO_IF_STATIC_MODE,"Valid static case shard; useful for public/offline results mode but should be generated, not hand-maintained.",Keep only with generator/provenance policy.,3574,114,valid-json,d1c7f334be14
frontend/public/data/cases/person-4-34143c6a-6a1b-4864-a68e-0d38c967b901-86095.json,KEEP_GENERATED_REVIEW,NO_IF_STATIC_MODE,"Valid static case shard; useful for public/offline results mode but should be generated, not hand-maintained.",Keep only with generator/provenance policy.,2306,72,valid-json,9cbb9a72e44f
frontend/public/data/cases/person-4-34143c6a-6a1b-4864-a68e-0d38c967b901-86165.json,KEEP_GENERATED_REVIEW,NO_IF_STATIC_MODE,"Valid static case shard; useful for public/offline results mode but should be generated, not hand-maintained.",Keep only with generator/provenance policy.,2306,72,valid-json,deafab92462e
frontend/public/data/cases/person-4-34143c6a-6a1b-4864-a68e-0d38c967b901-86169.json,KEEP_GENERATED_REVIEW,NO_IF_STATIC_MODE,"Valid static case shard; useful for public/offline results mode but should be generated, not hand-maintained.",Keep only with generator/provenance policy.,2322,72,valid-json,153dc7a980b9
frontend/public/data/cases/person-4-34143c6a-6a1b-4864-a68e-0d38c967b901-86558.json,KEEP_GENERATED_REVIEW,NO_IF_STATIC_MODE,"Valid static case shard; useful for public/offline results mode but should be generated, not hand-maintained.",Keep only with generator/provenance policy.,2322,72,valid-json,7c1b73c564a7
frontend/public/data/cases/person-4-34143c6a-6a1b-4864-a68e-0d38c967b901-86640.json,KEEP_GENERATED_REVIEW,NO_IF_STATIC_MODE,"Valid static case shard; useful for public/offline results mode but should be generated, not hand-maintained.",Keep only with generator/provenance policy.,2306,72,valid-json,140297dac058
frontend/public/data/cases/person-4-34143c6a-6a1b-4864-a68e-0d38c967b901-86917.json,KEEP_GENERATED_REVIEW,NO_IF_STATIC_MODE,"Valid static case shard; useful for public/offline results mode but should be generated, not hand-maintained.",Keep only with generator/provenance policy.,2881,93,valid-json,0636ece18629
frontend/public/data/cases/person-4-34143c6a-6a1b-4864-a68e-0d38c967b901-87104.json,KEEP_GENERATED_REVIEW,NO_IF_STATIC_MODE,"Valid static case shard; useful for public/offline results mode but should be generated, not hand-maintained.",Keep only with generator/provenance policy.,2306,72,valid-json,c99245e0fa71
frontend/public/data/cases/person-4-34143c6a-6a1b-4864-a68e-0d38c967b901-87229.json,KEEP_GENERATED_REVIEW,NO_IF_STATIC_MODE,"Valid static case shard; useful for public/offline results mode but should be generated, not hand-maintained.",Keep only with generator/provenance policy.,2308,72,valid-json,c0ac65f9a954
frontend/public/data/cases/person-4-34143c6a-6a1b-4864-a68e-0d38c967b901-87273.json,KEEP_GENERATED_REVIEW,NO_IF_STATIC_MODE,"Valid static case shard; useful for public/offline results mode but should be generated, not hand-maintained.",Keep only with generator/provenance policy.,2310,72,valid-json,fd518a01ed9a
frontend/public/data/cases/person-4-34143c6a-6a1b-4864-a68e-0d38c967b901-87667.json,KEEP_GENERATED_REVIEW,NO_IF_STATIC_MODE,"Valid static case shard; useful for public/offline results mode but should be generated, not hand-maintained.",Keep only with generator/provenance policy.,2312,72,valid-json,020cf9e997a4
frontend/public/data/cases/person-4-34143c6a-6a1b-4864-a68e-0d38c967b901-87692.json,KEEP_GENERATED_REVIEW,NO_IF_STATIC_MODE,"Valid static case shard; useful for public/offline results mode but should be generated, not hand-maintained.",Keep only with generator/provenance policy.,2312,72,valid-json,cf9169e6d09e
frontend/public/data/cases/person-4-34143c6a-6a1b-4864-a68e-0d38c967b901-87697.json,KEEP_GENERATED_REVIEW,NO_IF_STATIC_MODE,"Valid static case shard; useful for public/offline results mode but should be generated, not hand-maintained.",Keep only with generator/provenance policy.,2304,72,valid-json,2d831c01e49b
frontend/public/data/cases/person-4-34143c6a-6a1b-4864-a68e-0d38c967b901-87732.json,KEEP_GENERATED_REVIEW,NO_IF_STATIC_MODE,"Valid static case shard; useful for public/offline results mode but should be generated, not hand-maintained.",Keep only with generator/provenance policy.,2318,72,valid-json,0ba7ac9974bb
frontend/public/data/cases/person-4-34143c6a-6a1b-4864-a68e-0d38c967b901-87734.json,KEEP_GENERATED_REVIEW,NO_IF_STATIC_MODE,"Valid static case shard; useful for public/offline results mode but should be generated, not hand-maintained.",Keep only with generator/provenance policy.,2294,72,valid-json,148c1dc5730a
frontend/public/data/cases/person-4-34143c6a-6a1b-4864-a68e-0d38c967b901-87812.json,KEEP_GENERATED_REVIEW,NO_IF_STATIC_MODE,"Valid static case shard; useful for public/offline results mode but should be generated, not hand-maintained.",Keep only with generator/provenance policy.,2312,72,valid-json,45bf7ad69ef6
frontend/public/data/cases/person-4-34143c6a-6a1b-4864-a68e-0d38c967b901-87894.json,KEEP_GENERATED_REVIEW,NO_IF_STATIC_MODE,"Valid static case shard; useful for public/offline results mode but should be generated, not hand-maintained.",Keep only with generator/provenance policy.,2320,72,valid-json,4153bea48c31
frontend/public/data/cases/person-4-34143c6a-6a1b-4864-a68e-0d38c967b901-87957.json,KEEP_GENERATED_REVIEW,NO_IF_STATIC_MODE,"Valid static case shard; useful for public/offline results mode but should be generated, not hand-maintained.",Keep only with generator/provenance policy.,2312,72,valid-json,bdf2159f70a4
frontend/public/data/cases/person-4-34143c6a-6a1b-4864-a68e-0d38c967b901-88374.json,KEEP_GENERATED_REVIEW,NO_IF_STATIC_MODE,"Valid static case shard; useful for public/offline results mode but should be generated, not hand-maintained.",Keep only with generator/provenance policy.,2314,72,valid-json,98df84b577f7
frontend/public/data/cases/person-4-34143c6a-6a1b-4864-a68e-0d38c967b901-88516.json,KEEP_GENERATED_REVIEW,NO_IF_STATIC_MODE,"Valid static case shard; useful for public/offline results mode but should be generated, not hand-maintained.",Keep only with generator/provenance policy.,2332,72,valid-json,d0ec089749a2
frontend/public/data/cases/person-4-34143c6a-6a1b-4864-a68e-0d38c967b901-89032.json,KEEP_GENERATED_REVIEW,NO_IF_STATIC_MODE,"Valid static case shard; useful for public/offline results mode but should be generated, not hand-maintained.",Keep only with generator/provenance policy.,2306,72,valid-json,64d5e9f2d04c
frontend/public/data/cases/person-4-34143c6a-6a1b-4864-a68e-0d38c967b901-89107.json,KEEP_GENERATED_REVIEW,NO_IF_STATIC_MODE,"Valid static case shard; useful for public/offline results mode but should be generated, not hand-maintained.",Keep only with generator/provenance policy.,2306,72,valid-json,47696273f17d
frontend/public/data/cases/person-4-34143c6a-6a1b-4864-a68e-0d38c967b901-89423.json,KEEP_GENERATED_REVIEW,NO_IF_STATIC_MODE,"Valid static case shard; useful for public/offline results mode but should be generated, not hand-maintained.",Keep only with generator/provenance policy.,2320,72,valid-json,5a520f23c427
frontend/public/data/cases/person-4-34143c6a-6a1b-4864-a68e-0d38c967b901-89449.json,KEEP_GENERATED_REVIEW,NO_IF_STATIC_MODE,"Valid static case shard; useful for public/offline results mode but should be generated, not hand-maintained.",Keep only with generator/provenance policy.,2306,72,valid-json,1f151e20f821
frontend/public/data/cases/person-4-34143c6a-6a1b-4864-a68e-0d38c967b901-89458.json,KEEP_GENERATED_REVIEW,NO_IF_STATIC_MODE,"Valid static case shard; useful for public/offline results mode but should be generated, not hand-maintained.",Keep only with generator/provenance policy.,2314,72,valid-json,1e675b45b2d3
frontend/public/data/cases/person-4-34143c6a-6a1b-4864-a68e-0d38c967b901-89504.json,KEEP_GENERATED_REVIEW,NO_IF_STATIC_MODE,"Valid static case shard; useful for public/offline results mode but should be generated, not hand-maintained.",Keep only with generator/provenance policy.,2314,72,valid-json,5f9f8e9d3fe4
frontend/public/data/cases/person-4-34143c6a-6a1b-4864-a68e-0d38c967b901-89538.json,KEEP_GENERATED_REVIEW,NO_IF_STATIC_MODE,"Valid static case shard; useful for public/offline results mode but should be generated, not hand-maintained.",Keep only with generator/provenance policy.,2316,72,valid-json,a33c5b5ae408
frontend/public/data/cases/person-4-34143c6a-6a1b-4864-a68e-0d38c967b901-89645.json,KEEP_GENERATED_REVIEW,NO_IF_STATIC_MODE,"Valid static case shard; useful for public/offline results mode but should be generated, not hand-maintained.",Keep only with generator/provenance policy.,2915,93,valid-json,606ff169a71d
frontend/public/data/cases/person-4-34143c6a-6a1b-4864-a68e-0d38c967b901-89701.json,KEEP_GENERATED_REVIEW,NO_IF_STATIC_MODE,"Valid static case shard; useful for public/offline results mode but should be generated, not hand-maintained.",Keep only with generator/provenance policy.,2958,93,valid-json,64ae8296db1c
frontend/public/data/cases/person-4-34143c6a-6a1b-4864-a68e-0d38c967b901-89711.json,KEEP_GENERATED_REVIEW,NO_IF_STATIC_MODE,"Valid static case shard; useful for public/offline results mode but should be generated, not hand-maintained.",Keep only with generator/provenance policy.,2316,72,valid-json,52538946a32d
frontend/public/data/cases/person-4-34143c6a-6a1b-4864-a68e-0d38c967b901-89824.json,KEEP_GENERATED_REVIEW,NO_IF_STATIC_MODE,"Valid static case shard; useful for public/offline results mode but should be generated, not hand-maintained.",Keep only with generator/provenance policy.,2328,72,valid-json,21736dd19651
frontend/public/data/cases/person-4-34143c6a-6a1b-4864-a68e-0d38c967b901-90054.json,KEEP_GENERATED_REVIEW,NO_IF_STATIC_MODE,"Valid static case shard; useful for public/offline results mode but should be generated, not hand-maintained.",Keep only with generator/provenance policy.,2314,72,valid-json,7a2084b9399d
frontend/public/data/cases/person-4-34143c6a-6a1b-4864-a68e-0d38c967b901-90078.json,KEEP_GENERATED_REVIEW,NO_IF_STATIC_MODE,"Valid static case shard; useful for public/offline results mode but should be generated, not hand-maintained.",Keep only with generator/provenance policy.,2320,72,valid-json,39fd3c36d852
frontend/public/data/cases/person-4-34143c6a-6a1b-4864-a68e-0d38c967b901-90125.json,KEEP_GENERATED_REVIEW,NO_IF_STATIC_MODE,"Valid static case shard; useful for public/offline results mode but should be generated, not hand-maintained.",Keep only with generator/provenance policy.,2290,72,valid-json,074c0544837a
frontend/public/data/cases/person-4-34143c6a-6a1b-4864-a68e-0d38c967b901-90160.json,KEEP_GENERATED_REVIEW,NO_IF_STATIC_MODE,"Valid static case shard; useful for public/offline results mode but should be generated, not hand-maintained.",Keep only with generator/provenance policy.,2885,93,valid-json,c66d9ca1d84a
frontend/public/data/cases/person-4-34143c6a-6a1b-4864-a68e-0d38c967b901-90168.json,KEEP_GENERATED_REVIEW,NO_IF_STATIC_MODE,"Valid static case shard; useful for public/offline results mode but should be generated, not hand-maintained.",Keep only with generator/provenance policy.,2936,93,valid-json,155f39410196
frontend/public/data/cases/person-4-34143c6a-6a1b-4864-a68e-0d38c967b901-90198.json,KEEP_GENERATED_REVIEW,NO_IF_STATIC_MODE,"Valid static case shard; useful for public/offline results mode but should be generated, not hand-maintained.",Keep only with generator/provenance policy.,2294,72,valid-json,ead52b2cd243
frontend/public/data/cases/person-4-34143c6a-6a1b-4864-a68e-0d38c967b901-90580.json,KEEP_GENERATED_REVIEW,NO_IF_STATIC_MODE,"Valid static case shard; useful for public/offline results mode but should be generated, not hand-maintained.",Keep only with generator/provenance policy.,2925,93,valid-json,f37b5a693ede
frontend/public/data/cases/person-4-34143c6a-6a1b-4864-a68e-0d38c967b901-90613.json,KEEP_GENERATED_REVIEW,NO_IF_STATIC_MODE,"Valid static case shard; useful for public/offline results mode but should be generated, not hand-maintained.",Keep only with generator/provenance policy.,2318,72,valid-json,e06252f7bf29
frontend/public/data/cases/person-4-34143c6a-6a1b-4864-a68e-0d38c967b901-90622.json,KEEP_GENERATED_REVIEW,NO_IF_STATIC_MODE,"Valid static case shard; useful for public/offline results mode but should be generated, not hand-maintained.",Keep only with generator/provenance policy.,2320,72,valid-json,29face333d7f
frontend/public/data/cases/person-4-34143c6a-6a1b-4864-a68e-0d38c967b901-90639.json,KEEP_GENERATED_REVIEW,NO_IF_STATIC_MODE,"Valid static case shard; useful for public/offline results mode but should be generated, not hand-maintained.",Keep only with generator/provenance policy.,2320,72,valid-json,7f374f02d0c5
frontend/public/data/cases/person-4-34143c6a-6a1b-4864-a68e-0d38c967b901-90823.json,KEEP_GENERATED_REVIEW,NO_IF_STATIC_MODE,"Valid static case shard; useful for public/offline results mode but should be generated, not hand-maintained.",Keep only with generator/provenance policy.,2320,72,valid-json,2286ba5151a4
frontend/public/data/cases/person-4-34143c6a-6a1b-4864-a68e-0d38c967b901-91199.json,KEEP_GENERATED_REVIEW,NO_IF_STATIC_MODE,"Valid static case shard; useful for public/offline results mode but should be generated, not hand-maintained.",Keep only with generator/provenance policy.,2312,72,valid-json,556129d26b89
frontend/public/data/cases/person-4-34143c6a-6a1b-4864-a68e-0d38c967b901-91208.json,KEEP_GENERATED_REVIEW,NO_IF_STATIC_MODE,"Valid static case shard; useful for public/offline results mode but should be generated, not hand-maintained.",Keep only with generator/provenance policy.,2326,72,valid-json,e9551e21c7fd
frontend/public/data/cases/person-4-34143c6a-6a1b-4864-a68e-0d38c967b901-91292.json,KEEP_GENERATED_REVIEW,NO_IF_STATIC_MODE,"Valid static case shard; useful for public/offline results mode but should be generated, not hand-maintained.",Keep only with generator/provenance policy.,2918,93,valid-json,115e3a07762f
frontend/public/data/cases/person-4-34143c6a-6a1b-4864-a68e-0d38c967b901-91310.json,KEEP_GENERATED_REVIEW,NO_IF_STATIC_MODE,"Valid static case shard; useful for public/offline results mode but should be generated, not hand-maintained.",Keep only with generator/provenance policy.,2326,72,valid-json,c9a5cbc2980e
frontend/public/data/cases/person-4-34143c6a-6a1b-4864-a68e-0d38c967b901-91319.json,KEEP_GENERATED_REVIEW,NO_IF_STATIC_MODE,"Valid static case shard; useful for public/offline results mode but should be generated, not hand-maintained.",Keep only with generator/provenance policy.,2300,72,valid-json,299529d645af
frontend/public/data/cases/person-4-34143c6a-6a1b-4864-a68e-0d38c967b901-91323.json,KEEP_GENERATED_REVIEW,NO_IF_STATIC_MODE,"Valid static case shard; useful for public/offline results mode but should be generated, not hand-maintained.",Keep only with generator/provenance policy.,2322,72,valid-json,ca26bd88eef2
frontend/public/data/cases/person-4-34143c6a-6a1b-4864-a68e-0d38c967b901-91362.json,KEEP_GENERATED_REVIEW,NO_IF_STATIC_MODE,"Valid static case shard; useful for public/offline results mode but should be generated, not hand-maintained.",Keep only with generator/provenance policy.,2314,72,valid-json,941b547f12db
frontend/public/data/cases/person-4-34143c6a-6a1b-4864-a68e-0d38c967b901-91401.json,KEEP_GENERATED_REVIEW,NO_IF_STATIC_MODE,"Valid static case shard; useful for public/offline results mode but should be generated, not hand-maintained.",Keep only with generator/provenance policy.,2318,72,valid-json,7fdb66bbfcf4
frontend/public/data/cases/person-4-34143c6a-6a1b-4864-a68e-0d38c967b901-91417.json,KEEP_GENERATED_REVIEW,NO_IF_STATIC_MODE,"Valid static case shard; useful for public/offline results mode but should be generated, not hand-maintained.",Keep only with generator/provenance policy.,2318,72,valid-json,821fef17c789
frontend/public/data/cases/person-4-34143c6a-6a1b-4864-a68e-0d38c967b901-91925.json,KEEP_GENERATED_REVIEW,NO_IF_STATIC_MODE,"Valid static case shard; useful for public/offline results mode but should be generated, not hand-maintained.",Keep only with generator/provenance policy.,2310,72,valid-json,e5c95352d10c
frontend/public/data/cases/person-4-34143c6a-6a1b-4864-a68e-0d38c967b901-95428.json,KEEP_GENERATED_REVIEW,NO_IF_STATIC_MODE,"Valid static case shard; useful for public/offline results mode but should be generated, not hand-maintained.",Keep only with generator/provenance policy.,2310,72,valid-json,6ec69d46aec4
frontend/public/data/cases/person-4-34143c6a-6a1b-4864-a68e-0d38c967b901-95563.json,KEEP_GENERATED_REVIEW,NO_IF_STATIC_MODE,"Valid static case shard; useful for public/offline results mode but should be generated, not hand-maintained.",Keep only with generator/provenance policy.,2314,72,valid-json,f8ec3f37b11f
frontend/public/data/cases/person-4-34143c6a-6a1b-4864-a68e-0d38c967b901-95577.json,KEEP_GENERATED_REVIEW,NO_IF_STATIC_MODE,"Valid static case shard; useful for public/offline results mode but should be generated, not hand-maintained.",Keep only with generator/provenance policy.,3586,114,valid-json,942ded06303c
frontend/public/data/cases/person-4-34143c6a-6a1b-4864-a68e-0d38c967b901-95611.json,KEEP_GENERATED_REVIEW,NO_IF_STATIC_MODE,"Valid static case shard; useful for public/offline results mode but should be generated, not hand-maintained.",Keep only with generator/provenance policy.,2306,72,valid-json,608da12e5de2
frontend/public/data/cases/person-4-34143c6a-6a1b-4864-a68e-0d38c967b901-95616.json,KEEP_GENERATED_REVIEW,NO_IF_STATIC_MODE,"Valid static case shard; useful for public/offline results mode but should be generated, not hand-maintained.",Keep only with generator/provenance policy.,2314,72,valid-json,6153ade23cd8
frontend/public/data/cases/person-4-34143c6a-6a1b-4864-a68e-0d38c967b901-95621.json,KEEP_GENERATED_REVIEW,NO_IF_STATIC_MODE,"Valid static case shard; useful for public/offline results mode but should be generated, not hand-maintained.",Keep only with generator/provenance policy.,2865,93,valid-json,890b307a5f8c
frontend/public/data/cases/person-4-34143c6a-6a1b-4864-a68e-0d38c967b901-95656.json,KEEP_GENERATED_REVIEW,NO_IF_STATIC_MODE,"Valid static case shard; useful for public/offline results mode but should be generated, not hand-maintained.",Keep only with generator/provenance policy.,2312,72,valid-json,ff3d18fba16f
frontend/public/data/cases/person-4-34143c6a-6a1b-4864-a68e-0d38c967b901-95665.json,KEEP_GENERATED_REVIEW,NO_IF_STATIC_MODE,"Valid static case shard; useful for public/offline results mode but should be generated, not hand-maintained.",Keep only with generator/provenance policy.,3584,114,valid-json,8c6b8ca67596
frontend/public/data/cases/person-4-34143c6a-6a1b-4864-a68e-0d38c967b901-96182.json,KEEP_GENERATED_REVIEW,NO_IF_STATIC_MODE,"Valid static case shard; useful for public/offline results mode but should be generated, not hand-maintained.",Keep only with generator/provenance policy.,2310,72,valid-json,a6d37fcda107
frontend/public/data/cases/person-4-34143c6a-6a1b-4864-a68e-0d38c967b901-96196.json,KEEP_GENERATED_REVIEW,NO_IF_STATIC_MODE,"Valid static case shard; useful for public/offline results mode but should be generated, not hand-maintained.",Keep only with generator/provenance policy.,2312,72,valid-json,d4a541f74c65
frontend/public/data/cases/person-4-34143c6a-6a1b-4864-a68e-0d38c967b901-96591.json,KEEP_GENERATED_REVIEW,NO_IF_STATIC_MODE,"Valid static case shard; useful for public/offline results mode but should be generated, not hand-maintained.",Keep only with generator/provenance policy.,2312,72,valid-json,f1dfd552463f
frontend/public/data/cases/person-4-34143c6a-6a1b-4864-a68e-0d38c967b901-96717.json,KEEP_GENERATED_REVIEW,NO_IF_STATIC_MODE,"Valid static case shard; useful for public/offline results mode but should be generated, not hand-maintained.",Keep only with generator/provenance policy.,2296,72,valid-json,2f4740e1fb06
frontend/public/data/cases/person-4-34143c6a-6a1b-4864-a68e-0d38c967b901-96738.json,KEEP_GENERATED_REVIEW,NO_IF_STATIC_MODE,"Valid static case shard; useful for public/offline results mode but should be generated, not hand-maintained.",Keep only with generator/provenance policy.,2302,72,valid-json,964e79e220ed
frontend/public/data/cases/person-4-34143c6a-6a1b-4864-a68e-0d38c967b901-96741.json,KEEP_GENERATED_REVIEW,NO_IF_STATIC_MODE,"Valid static case shard; useful for public/offline results mode but should be generated, not hand-maintained.",Keep only with generator/provenance policy.,2316,72,valid-json,a1106807cc4f
frontend/public/data/cases/person-4-34143c6a-6a1b-4864-a68e-0d38c967b901-96783.json,KEEP_GENERATED_REVIEW,NO_IF_STATIC_MODE,"Valid static case shard; useful for public/offline results mode but should be generated, not hand-maintained.",Keep only with generator/provenance policy.,2312,72,valid-json,3e4994ff1816
frontend/public/data/cases/person-4-34143c6a-6a1b-4864-a68e-0d38c967b901-97270.json,KEEP_GENERATED_REVIEW,NO_IF_STATIC_MODE,"Valid static case shard; useful for public/offline results mode but should be generated, not hand-maintained.",Keep only with generator/provenance policy.,2320,72,valid-json,87920f9cfaa4
frontend/public/data/cases/person-4-34143c6a-6a1b-4864-a68e-0d38c967b901-97315.json,KEEP_GENERATED_REVIEW,NO_IF_STATIC_MODE,"Valid static case shard; useful for public/offline results mode but should be generated, not hand-maintained.",Keep only with generator/provenance policy.,2296,72,valid-json,d263717ccd27
frontend/public/data/cases/person-4-34143c6a-6a1b-4864-a68e-0d38c967b901-97353.json,KEEP_GENERATED_REVIEW,NO_IF_STATIC_MODE,"Valid static case shard; useful for public/offline results mode but should be generated, not hand-maintained.",Keep only with generator/provenance policy.,2318,72,valid-json,c6c0f1b59fc8
frontend/public/data/cases/person-4-34143c6a-6a1b-4864-a68e-0d38c967b901-97400.json,KEEP_GENERATED_REVIEW,NO_IF_STATIC_MODE,"Valid static case shard; useful for public/offline results mode but should be generated, not hand-maintained.",Keep only with generator/provenance policy.,2310,72,valid-json,5dc1a7ea7522
frontend/public/data/cases/person-4-34143c6a-6a1b-4864-a68e-0d38c967b901-97401.json,KEEP_GENERATED_REVIEW,NO_IF_STATIC_MODE,"Valid static case shard; useful for public/offline results mode but should be generated, not hand-maintained.",Keep only with generator/provenance policy.,2302,72,valid-json,175186786ad0
frontend/public/data/cases/person-4-34143c6a-6a1b-4864-a68e-0d38c967b901-97762.json,KEEP_GENERATED_REVIEW,NO_IF_STATIC_MODE,"Valid static case shard; useful for public/offline results mode but should be generated, not hand-maintained.",Keep only with generator/provenance policy.,2253,70,valid-json,daea732bafcf
frontend/public/data/cases/person-4-34143c6a-6a1b-4864-a68e-0d38c967b901-98016.json,KEEP_GENERATED_REVIEW,NO_IF_STATIC_MODE,"Valid static case shard; useful for public/offline results mode but should be generated, not hand-maintained.",Keep only with generator/provenance policy.,2947,93,valid-json,9e793c0010bd
frontend/public/data/cases/person-4-34143c6a-6a1b-4864-a68e-0d38c967b901-98035.json,KEEP_GENERATED_REVIEW,NO_IF_STATIC_MODE,"Valid static case shard; useful for public/offline results mode but should be generated, not hand-maintained.",Keep only with generator/provenance policy.,2312,72,valid-json,44067e2766ff
frontend/public/data/cases/person-4-34143c6a-6a1b-4864-a68e-0d38c967b901-98383.json,KEEP_GENERATED_REVIEW,NO_IF_STATIC_MODE,"Valid static case shard; useful for public/offline results mode but should be generated, not hand-maintained.",Keep only with generator/provenance policy.,2229,70,valid-json,274ac613187b
frontend/public/data/cases/person-4-34143c6a-6a1b-4864-a68e-0d38c967b901-99286.json,KEEP_GENERATED_REVIEW,NO_IF_STATIC_MODE,"Valid static case shard; useful for public/offline results mode but should be generated, not hand-maintained.",Keep only with generator/provenance policy.,2308,72,valid-json,318e2544083f
frontend/public/data/cases/person-4-34143c6a-6a1b-4864-a68e-0d38c967b901-99332.json,KEEP_GENERATED_REVIEW,NO_IF_STATIC_MODE,"Valid static case shard; useful for public/offline results mode but should be generated, not hand-maintained.",Keep only with generator/provenance policy.,2874,91,valid-json,a51e310486fd
frontend/public/data/cases/person-4-34143c6a-6a1b-4864-a68e-0d38c967b901-99504.json,KEEP_GENERATED_REVIEW,NO_IF_STATIC_MODE,"Valid static case shard; useful for public/offline results mode but should be generated, not hand-maintained.",Keep only with generator/provenance policy.,2227,70,valid-json,3dedb20b3fcf
frontend/public/data/cases/person-4-34143c6a-6a1b-4864-a68e-0d38c967b901-99851.json,KEEP_GENERATED_REVIEW,NO_IF_STATIC_MODE,"Valid static case shard; useful for public/offline results mode but should be generated, not hand-maintained.",Keep only with generator/provenance policy.,2815,90,valid-json,1d2b20d71403
frontend/public/data/materialized-results.json,KEEP_GENERATED_REVIEW,NO_IF_STATIC_MODE,Static materialized results pack consumed by frontend public mode.,Keep only with generator/provenance policy.,10130067,237008,valid-json,d644798f0761
frontend/public/favicon.svg,KEEP,NO,Frontend public asset.,Keep.,248,4,text-read,708740886bfe
frontend/public/fonts/IBMPlexMono-Bold.woff2,KEEP,NO,Frontend public asset.,Keep.,46684,0,binary,5788454f0ba4
frontend/public/fonts/IBMPlexMono-Medium.woff2,KEEP,NO,Frontend public asset.,Keep.,46724,0,binary,8c2c290cbd99
frontend/public/fonts/IBMPlexMono-Regular.woff2,KEEP,NO,Frontend public asset.,Keep.,45640,0,binary,49ce58b41a0e
frontend/public/fonts/IBMPlexMono-SemiBold.woff2,KEEP,NO,Frontend public asset.,Keep.,47016,0,binary,ed5eaca75223
frontend/public/fonts/IBMPlexSans-Bold.woff2,KEEP,NO,Frontend public asset.,Keep.,63012,0,binary,fa7130d854a6
frontend/public/fonts/IBMPlexSans-Medium.woff2,KEEP,NO,Frontend public asset.,Keep.,66740,0,binary,5660f8a658f8
frontend/public/fonts/IBMPlexSans-Regular.woff2,KEEP,NO,Frontend public asset.,Keep.,63020,0,binary,ba711a3085ff
frontend/public/fonts/IBMPlexSans-SemiBold.woff2,KEEP,NO,Frontend public asset.,Keep.,67060,0,binary,f78048030eab
frontend/src/App.test.tsx,KEEP,NO,Active frontend source/test/style file; frontend tests/lint/type/build pass.,Keep.,1452,58,text-read,55ffb39c5b8f
frontend/src/App.tsx,KEEP,NO,Active frontend source/test/style file; frontend tests/lint/type/build pass.,Keep.,6581,126,text-read,45fe0d810128
frontend/src/actions/registry.ts,KEEP,NO,Active frontend source/test/style file; frontend tests/lint/type/build pass.,Keep.,467,24,text-read,119e8a1302a7
frontend/src/api/client.ts,KEEP,NO,Active frontend source/test/style file; frontend tests/lint/type/build pass.,Keep.,23599,896,text-read,2eac65c94b75
frontend/src/components/analysis/AnalysisNav.module.css,KEEP,NO,Active frontend source/test/style file; frontend tests/lint/type/build pass.,Keep.,879,44,text-read,7a69896a7cf6
frontend/src/components/analysis/AnalysisNav.tsx,KEEP,NO,Active frontend source/test/style file; frontend tests/lint/type/build pass.,Keep.,1513,44,text-read,bd3d46869aa7
frontend/src/components/analysis/CaseSummary.module.css,KEEP,NO,Active frontend source/test/style file; frontend tests/lint/type/build pass.,Keep.,3359,173,text-read,1d801c2d9812
frontend/src/components/analysis/CaseSummary.tsx,KEEP,NO,Active frontend source/test/style file; frontend tests/lint/type/build pass.,Keep.,7733,222,text-read,5570029e7ac4
frontend/src/components/analysis/ConnectionsList.module.css,KEEP,NO,Active frontend source/test/style file; frontend tests/lint/type/build pass.,Keep.,2343,137,text-read,bdc31065148a
frontend/src/components/analysis/ConnectionsList.test.tsx,KEEP,NO,Active frontend source/test/style file; frontend tests/lint/type/build pass.,Keep.,3614,135,text-read,43b8b9040f78
frontend/src/components/analysis/ConnectionsList.tsx,KEEP,NO,Active frontend source/test/style file; frontend tests/lint/type/build pass.,Keep.,4763,150,text-read,eda66bb35d5c
frontend/src/components/analysis/EntityHeader.module.css,KEEP,NO,Active frontend source/test/style file; frontend tests/lint/type/build pass.,Keep.,2267,115,text-read,e683479eb5ae
frontend/src/components/analysis/EntityHeader.test.tsx,KEEP,NO,Active frontend source/test/style file; frontend tests/lint/type/build pass.,Keep.,2663,106,text-read,50b062c89220
frontend/src/components/analysis/EntityHeader.tsx,KEEP,NO,Active frontend source/test/style file; frontend tests/lint/type/build pass.,Keep.,3223,114,text-read,ff6b9e41b8e0
frontend/src/components/analysis/EntitySignalsView.module.css,KEEP,NO,Active frontend source/test/style file; frontend tests/lint/type/build pass.,Keep.,7172,351,text-read,2a0997f0955e
frontend/src/components/analysis/EntitySignalsView.test.tsx,KEEP,NO,Active frontend source/test/style file; frontend tests/lint/type/build pass.,Keep.,3261,110,text-read,d5f8d5d5c29f
frontend/src/components/analysis/EntitySignalsView.tsx,KEEP,NO,Active frontend source/test/style file; frontend tests/lint/type/build pass.,Keep.,9531,235,text-read,ed627b95ea9d
frontend/src/components/analysis/ExportView.module.css,KEEP,NO,Active frontend source/test/style file; frontend tests/lint/type/build pass.,Keep.,1357,72,text-read,438cf4f57397
frontend/src/components/analysis/ExportView.tsx,KEEP,NO,Active frontend source/test/style file; frontend tests/lint/type/build pass.,Keep.,1829,60,text-read,19e2318581a5
frontend/src/components/analysis/InsightCard.module.css,KEEP,NO,Active frontend source/test/style file; frontend tests/lint/type/build pass.,Keep.,1907,109,text-read,fe695e5879b2
frontend/src/components/analysis/InsightCard.tsx,KEEP,NO,Active frontend source/test/style file; frontend tests/lint/type/build pass.,Keep.,2350,79,text-read,a03ac1f1dd21
frontend/src/components/analysis/InsightsPanel.module.css,KEEP,NO,Active frontend source/test/style file; frontend tests/lint/type/build pass.,Keep.,4897,285,text-read,4273c3211df3
frontend/src/components/analysis/InsightsPanel.tsx,KEEP,NO,Active frontend source/test/style file; frontend tests/lint/type/build pass.,Keep.,7054,227,text-read,32e0a1e2840f
frontend/src/components/analysis/ScoreRing.module.css,KEEP,NO,Active frontend source/test/style file; frontend tests/lint/type/build pass.,Keep.,440,25,text-read,826603c93459
frontend/src/components/analysis/ScoreRing.test.tsx,KEEP,NO,Active frontend source/test/style file; frontend tests/lint/type/build pass.,Keep.,1358,45,text-read,f45b6623f12d
frontend/src/components/analysis/ScoreRing.tsx,KEEP,NO,Active frontend source/test/style file; frontend tests/lint/type/build pass.,Keep.,1835,64,text-read,fbdb8bfdc7a1
frontend/src/components/analysis/TimelineView.module.css,KEEP,NO,Active frontend source/test/style file; frontend tests/lint/type/build pass.,Keep.,2623,161,text-read,372ae3c0a74f
frontend/src/components/analysis/TimelineView.tsx,KEEP,NO,Active frontend source/test/style file; frontend tests/lint/type/build pass.,Keep.,3568,122,text-read,e4f2103d3f2c
frontend/src/components/charts/SectorBreakdown.tsx,KEEP,NO,Active frontend source/test/style file; frontend tests/lint/type/build pass.,Keep.,766,28,text-read,7acf5b2dae6f
frontend/src/components/charts/SeverityDonut.tsx,KEEP,NO,Active frontend source/test/style file; frontend tests/lint/type/build pass.,Keep.,803,28,text-read,37c767cc094d
frontend/src/components/common/AppShell.module.css,KEEP,NO,Active frontend source/test/style file; frontend tests/lint/type/build pass.,Keep.,3886,191,text-read,c96bfb018129
frontend/src/components/common/AppShell.tsx,KEEP,NO,Active frontend source/test/style file; frontend tests/lint/type/build pass.,Keep.,7285,188,text-read,44720d7a10ce
frontend/src/components/common/Button.module.css,KEEP,NO,Active frontend source/test/style file; frontend tests/lint/type/build pass.,Keep.,2181,133,text-read,0286697e8fb7
frontend/src/components/common/Button.test.tsx,KEEP,NO,Active frontend source/test/style file; frontend tests/lint/type/build pass.,Keep.,3407,101,text-read,3dc34204ada7
frontend/src/components/common/Button.tsx,KEEP,NO,Active frontend source/test/style file; frontend tests/lint/type/build pass.,Keep.,1412,65,text-read,104e28a536f4
frontend/src/components/common/CommandPalette.module.css,KEEP,NO,Active frontend source/test/style file; frontend tests/lint/type/build pass.,Keep.,2149,122,text-read,f7e6cf6ba1eb
frontend/src/components/common/CommandPalette.tsx,KEEP,NO,Active frontend source/test/style file; frontend tests/lint/type/build pass.,Keep.,2953,95,text-read,bd375c5496e2
frontend/src/components/common/ConfidenceBadge.module.css,KEEP,NO,Active frontend source/test/style file; frontend tests/lint/type/build pass.,Keep.,338,17,text-read,8fdae051001f
frontend/src/components/common/ConfidenceBadge.tsx,KEEP,NO,Active frontend source/test/style file; frontend tests/lint/type/build pass.,Keep.,540,22,text-read,73f2f015d792
frontend/src/components/common/Disclaimer.module.css,KEEP,NO,Active frontend source/test/style file; frontend tests/lint/type/build pass.,Keep.,150,7,text-read,b3d2ec321e66
frontend/src/components/common/Disclaimer.tsx,KEEP,NO,Active frontend source/test/style file; frontend tests/lint/type/build pass.,Keep.,233,9,text-read,4e774b69e546
frontend/src/components/common/ErrorBoundary.module.css,KEEP,NO,Active frontend source/test/style file; frontend tests/lint/type/build pass.,Keep.,850,43,text-read,fbffb62d3b8d
frontend/src/components/common/ErrorBoundary.tsx,KEEP,NO,Active frontend source/test/style file; frontend tests/lint/type/build pass.,Keep.,1134,46,text-read,b8c43071c0d4
frontend/src/components/common/Kbd.module.css,KEEP,NO,Active frontend source/test/style file; frontend tests/lint/type/build pass.,Keep.,392,15,text-read,b07a1e1fc248
frontend/src/components/common/Kbd.tsx,KEEP,NO,Active frontend source/test/style file; frontend tests/lint/type/build pass.,Keep.,231,11,text-read,ebf7a475cbd5
frontend/src/components/common/KeyboardShortcutsHelp.module.css,KEEP,NO,Active frontend source/test/style file; frontend tests/lint/type/build pass.,Keep.,2026,119,text-read,cdddf945056c
frontend/src/components/common/KeyboardShortcutsHelp.tsx,KEEP,NO,Active frontend source/test/style file; frontend tests/lint/type/build pass.,Keep.,2407,86,text-read,4225d12b0342
frontend/src/components/common/MoneyLabel.module.css,KEEP,NO,Active frontend source/test/style file; frontend tests/lint/type/build pass.,Keep.,113,5,text-read,c64909cba6e8
frontend/src/components/common/MoneyLabel.test.tsx,KEEP,NO,Active frontend source/test/style file; frontend tests/lint/type/build pass.,Keep.,875,30,text-read,2c1bd777781f
frontend/src/components/common/MoneyLabel.tsx,KEEP,NO,Active frontend source/test/style file; frontend tests/lint/type/build pass.,Keep.,404,16,text-read,4b9343e93d2e
frontend/src/components/common/PublicShell.module.css,KEEP,NO,Active frontend source/test/style file; frontend tests/lint/type/build pass.,Keep.,2084,117,text-read,c9c171ac90d9
frontend/src/components/common/PublicShell.tsx,KEEP,NO,Active frontend source/test/style file; frontend tests/lint/type/build pass.,Keep.,1554,55,text-read,864274aff044
frontend/src/components/common/Skeleton.module.css,KEEP,NO,Active frontend source/test/style file; frontend tests/lint/type/build pass.,Keep.,376,28,text-read,43dd1aa0fa62
frontend/src/components/common/Skeleton.tsx,KEEP,NO,Active frontend source/test/style file; frontend tests/lint/type/build pass.,Keep.,754,38,text-read,e4e7cd494dcd
frontend/src/components/common/SourceBadge.module.css,KEEP,NO,Active frontend source/test/style file; frontend tests/lint/type/build pass.,Keep.,338,12,text-read,25b6b338f7fd
frontend/src/components/common/SourceBadge.test.tsx,KEEP,NO,Active frontend source/test/style file; frontend tests/lint/type/build pass.,Keep.,588,16,text-read,cfbe2b430c44
frontend/src/components/common/SourceBadge.tsx,KEEP,NO,Active frontend source/test/style file; frontend tests/lint/type/build pass.,Keep.,286,11,text-read,100aa1269815
frontend/src/components/common/Spinner.module.css,KEEP,NO,Active frontend source/test/style file; frontend tests/lint/type/build pass.,Keep.,847,61,text-read,b5ed217418ab
frontend/src/components/common/Spinner.tsx,KEEP,NO,Active frontend source/test/style file; frontend tests/lint/type/build pass.,Keep.,400,13,text-read,4771bcfe14b2
frontend/src/components/common/StatusBar.module.css,KEEP,NO,Active frontend source/test/style file; frontend tests/lint/type/build pass.,Keep.,1051,67,text-read,b611f1b75bfc
frontend/src/components/common/StatusBar.tsx,KEEP,NO,Active frontend source/test/style file; frontend tests/lint/type/build pass.,Keep.,1976,73,text-read,f9f7e2faa19e
frontend/src/components/common/ToastContainer.module.css,KEEP,NO,Active frontend source/test/style file; frontend tests/lint/type/build pass.,Keep.,1477,82,text-read,2ea8b625f9b6
frontend/src/components/common/ToastContainer.tsx,KEEP,NO,Active frontend source/test/style file; frontend tests/lint/type/build pass.,Keep.,837,31,text-read,0bab5c521e70
frontend/src/components/entity/EntityDetail.module.css,KEEP,NO,Active frontend source/test/style file; frontend tests/lint/type/build pass.,Keep.,2026,117,text-read,4b6146efe63f
frontend/src/components/entity/EntityDetail.test.tsx,KEEP,NO,Active frontend source/test/style file; frontend tests/lint/type/build pass.,Keep.,2982,98,text-read,9fc24dc9c011
frontend/src/components/entity/EntityDetail.tsx,KEEP,NO,Active frontend source/test/style file; frontend tests/lint/type/build pass.,Keep.,3610,119,text-read,32747d9428f1
frontend/src/components/graph/ContextMenu.module.css,KEEP,NO,Active frontend source/test/style file; frontend tests/lint/type/build pass.,Keep.,909,49,text-read,63161fb3d79a
frontend/src/components/graph/ContextMenu.tsx,KEEP,NO,Active frontend source/test/style file; frontend tests/lint/type/build pass.,Keep.,1392,59,text-read,847ed0aa7d79
frontend/src/components/graph/ControlsSidebar.module.css,KEEP,NO,Active frontend source/test/style file; frontend tests/lint/type/build pass.,Keep.,2293,136,text-read,d05d2014cc3e
frontend/src/components/graph/ControlsSidebar.tsx,KEEP,NO,Active frontend source/test/style file; frontend tests/lint/type/build pass.,Keep.,6888,202,text-read,aa5eb8a1f709
frontend/src/components/graph/EdgeDetail.module.css,KEEP,NO,Active frontend source/test/style file; frontend tests/lint/type/build pass.,Keep.,960,58,text-read,3a5c624cc70f
frontend/src/components/graph/EdgeDetail.tsx,KEEP,NO,Active frontend source/test/style file; frontend tests/lint/type/build pass.,Keep.,2237,74,text-read,fb76f8b98053
frontend/src/components/graph/GraphCanvas.module.css,KEEP,NO,Active frontend source/test/style file; frontend tests/lint/type/build pass.,Keep.,462,22,text-read,5e3db64faa17
frontend/src/components/graph/GraphCanvas.test.tsx,KEEP,NO,Active frontend source/test/style file; frontend tests/lint/type/build pass.,Keep.,4034,119,text-read,5cbb6e4fc43a
frontend/src/components/graph/GraphCanvas.tsx,KEEP,NO,Active frontend source/test/style file; frontend tests/lint/type/build pass.,Keep.,17244,513,text-read,5362213da024
frontend/src/components/graph/GraphLegend.module.css,KEEP,NO,Active frontend source/test/style file; frontend tests/lint/type/build pass.,Keep.,822,49,text-read,eab9cc91d028
frontend/src/components/graph/GraphLegend.tsx,KEEP,NO,Active frontend source/test/style file; frontend tests/lint/type/build pass.,Keep.,1024,39,text-read,ff9c132e3cc6
frontend/src/components/graph/GraphMinimap.module.css,KEEP,NO,Active frontend source/test/style file; frontend tests/lint/type/build pass.,Keep.,238,14,text-read,926990ae6685
frontend/src/components/graph/GraphMinimap.tsx,KEEP,NO,Active frontend source/test/style file; frontend tests/lint/type/build pass.,Keep.,2311,97,text-read,6fe75c41602a
frontend/src/components/graph/GraphToolbar.module.css,KEEP,NO,Active frontend source/test/style file; frontend tests/lint/type/build pass.,Keep.,1297,68,text-read,7b5a61843028
frontend/src/components/graph/GraphToolbar.tsx,KEEP,NO,Active frontend source/test/style file; frontend tests/lint/type/build pass.,Keep.,2311,89,text-read,45eba5a448e6
frontend/src/components/graph/NodeTooltip.module.css,KEEP,NO,Active frontend source/test/style file; frontend tests/lint/type/build pass.,Keep.,1028,58,text-read,1313ee0b94cd
frontend/src/components/graph/NodeTooltip.tsx,KEEP,NO,Active frontend source/test/style file; frontend tests/lint/type/build pass.,Keep.,1274,52,text-read,3152ba1eab16
frontend/src/components/graph/ZoomControls.module.css,KEEP,NO,Active frontend source/test/style file; frontend tests/lint/type/build pass.,Keep.,588,30,text-read,db2e05f1ad1c
frontend/src/components/graph/ZoomControls.tsx,KEEP,NO,Active frontend source/test/style file; frontend tests/lint/type/build pass.,Keep.,1251,56,text-read,d6f0c5d8be04
frontend/src/components/graph/graphConstants.ts,KEEP,NO,Active frontend source/test/style file; frontend tests/lint/type/build pass.,Keep.,9862,110,text-read,ddf1e7073260
frontend/src/components/graph/nodeRendering.ts,KEEP,NO,Active frontend source/test/style file; frontend tests/lint/type/build pass.,Keep.,4830,174,text-read,8ee3c331fb78
frontend/src/components/investigation/AnnotationEditor.module.css,KEEP,NO,Active frontend source/test/style file; frontend tests/lint/type/build pass.,Keep.,2286,118,text-read,f4a2a8520d1c
frontend/src/components/investigation/AnnotationEditor.tsx,KEEP,NO,Active frontend source/test/style file; frontend tests/lint/type/build pass.,Keep.,3388,108,text-read,8edcf0db92a9
frontend/src/components/investigation/InvestigationDetail.module.css,KEEP,NO,Active frontend source/test/style file; frontend tests/lint/type/build pass.,Keep.,6276,353,text-read,eae9572cda4b
frontend/src/components/investigation/InvestigationDetail.tsx,KEEP,NO,Active frontend source/test/style file; frontend tests/lint/type/build pass.,Keep.,13377,367,text-read,a7f2ae5481a6
frontend/src/components/investigation/InvestigationPanel.module.css,KEEP,NO,Active frontend source/test/style file; frontend tests/lint/type/build pass.,Keep.,1628,93,text-read,43ae19196888
frontend/src/components/investigation/InvestigationPanel.test.tsx,KEEP,NO,Active frontend source/test/style file; frontend tests/lint/type/build pass.,Keep.,1882,66,text-read,7ea77816c59e
frontend/src/components/investigation/InvestigationPanel.tsx,KEEP,NO,Active frontend source/test/style file; frontend tests/lint/type/build pass.,Keep.,2773,91,text-read,7b45b76f29c4
frontend/src/components/investigation/TagManager.module.css,KEEP,NO,Active frontend source/test/style file; frontend tests/lint/type/build pass.,Keep.,2134,118,text-read,a048b4c714e7
frontend/src/components/investigation/TagManager.tsx,KEEP,NO,Active frontend source/test/style file; frontend tests/lint/type/build pass.,Keep.,2928,99,text-read,70642ff8ab6a
frontend/src/components/investigation/Timeline.module.css,KEEP,NO,Active frontend source/test/style file; frontend tests/lint/type/build pass.,Keep.,1065,63,text-read,b076a76f79de
frontend/src/components/investigation/Timeline.tsx,KEEP,NO,Active frontend source/test/style file; frontend tests/lint/type/build pass.,Keep.,2147,79,text-read,9f12d8cd7c43
frontend/src/components/landing/HeroGraph.module.css,KEEP,NO,Active frontend source/test/style file; frontend tests/lint/type/build pass.,Keep.,2738,162,text-read,62a96009a1d2
frontend/src/components/landing/HeroGraph.tsx,KEEP,NO,Active frontend source/test/style file; frontend tests/lint/type/build pass.,Keep.,3212,102,text-read,bf3c37b183e8
frontend/src/components/landing/NetworkAnimation.module.css,KEEP,NO,Active frontend source/test/style file; frontend tests/lint/type/build pass.,Keep.,696,53,text-read,af66518707b9
frontend/src/components/landing/NetworkAnimation.tsx,KEEP,NO,Active frontend source/test/style file; frontend tests/lint/type/build pass.,Keep.,2576,70,text-read,101d2e143872
frontend/src/components/landing/StatsBar.module.css,KEEP,NO,Active frontend source/test/style file; frontend tests/lint/type/build pass.,Keep.,2012,102,text-read,821d6de3e6fc
frontend/src/components/landing/StatsBar.tsx,KEEP,NO,Active frontend source/test/style file; frontend tests/lint/type/build pass.,Keep.,3204,120,text-read,470522c650a6
frontend/src/components/maps/ChoroplethMunicipal.tsx,KEEP,NO,Active frontend source/test/style file; frontend tests/lint/type/build pass.,Keep.,2470,100,text-read,3c188164abd4
frontend/src/components/maps/HeatmapConcentration.tsx,KEEP,NO,Active frontend source/test/style file; frontend tests/lint/type/build pass.,Keep.,1228,38,text-read,116dc1ac3b6a
frontend/src/components/pattern/PatternCard.module.css,KEEP,NO,Active frontend source/test/style file; frontend tests/lint/type/build pass.,Keep.,927,43,text-read,cf645580a6dc
frontend/src/components/pattern/PatternCard.test.tsx,KEEP,NO,Active frontend source/test/style file; frontend tests/lint/type/build pass.,Keep.,1507,39,text-read,5f8aee2ad35b
frontend/src/components/pattern/PatternCard.tsx,KEEP,NO,Active frontend source/test/style file; frontend tests/lint/type/build pass.,Keep.,932,30,text-read,0c599a851680
frontend/src/components/pattern/PatternResultCard.module.css,KEEP,NO,Active frontend source/test/style file; frontend tests/lint/type/build pass.,Keep.,1468,83,text-read,d64a8a67c1ac
frontend/src/components/pattern/PatternResultCard.tsx,KEEP,NO,Active frontend source/test/style file; frontend tests/lint/type/build pass.,Keep.,1819,55,text-read,fac6862ab1f8
frontend/src/components/search/SearchBar.module.css,KEEP,NO,Active frontend source/test/style file; frontend tests/lint/type/build pass.,Keep.,1307,63,text-read,40af4534af19
frontend/src/components/search/SearchBar.test.tsx,KEEP,NO,Active frontend source/test/style file; frontend tests/lint/type/build pass.,Keep.,1856,56,text-read,72b0803795df
frontend/src/components/search/SearchBar.tsx,KEEP,NO,Active frontend source/test/style file; frontend tests/lint/type/build pass.,Keep.,1580,54,text-read,e53820c7da63
frontend/src/components/search/SearchResults.module.css,KEEP,NO,Active frontend source/test/style file; frontend tests/lint/type/build pass.,Keep.,1356,75,text-read,c04d81ef7faf
frontend/src/components/search/SearchResults.test.tsx,KEEP,NO,Active frontend source/test/style file; frontend tests/lint/type/build pass.,Keep.,2027,71,text-read,7856969caa1c
frontend/src/components/search/SearchResults.tsx,KEEP,NO,Active frontend source/test/style file; frontend tests/lint/type/build pass.,Keep.,1652,51,text-read,41d4fd0d47c7
frontend/src/components/tables/CaseDataTable.tsx,KEEP,NO,Active frontend source/test/style file; frontend tests/lint/type/build pass.,Keep.,1342,53,text-read,a7bfbe3461d8
frontend/src/config/runtime.ts,KEEP,NO,Active frontend source/test/style file; frontend tests/lint/type/build pass.,Keep.,160,2,text-read,fe4b9134c97e
frontend/src/hooks/useBaseline.ts,KEEP,NO,Active frontend source/test/style file; frontend tests/lint/type/build pass.,Keep.,880,32,text-read,29cb449466d9
frontend/src/hooks/useCountUp.ts,KEEP,NO,Active frontend source/test/style file; frontend tests/lint/type/build pass.,Keep.,1368,51,text-read,381956e81781
frontend/src/hooks/useEntityExposure.ts,KEEP,NO,Active frontend source/test/style file; frontend tests/lint/type/build pass.,Keep.,609,20,text-read,e9fa9bd8981e
frontend/src/hooks/useEntityTimeline.ts,KEEP,NO,Active frontend source/test/style file; frontend tests/lint/type/build pass.,Keep.,1524,51,text-read,282f2d988ee1
frontend/src/hooks/useGraphData.test.ts,KEEP,NO,Active frontend source/test/style file; frontend tests/lint/type/build pass.,Keep.,1972,65,text-read,55c7b4f12138
frontend/src/hooks/useGraphData.ts,KEEP,NO,Active frontend source/test/style file; frontend tests/lint/type/build pass.,Keep.,2578,103,text-read,2cb97e3f0669
frontend/src/hooks/useKeyboardShortcuts.ts,KEEP,NO,Active frontend source/test/style file; frontend tests/lint/type/build pass.,Keep.,1607,48,text-read,e31d8099836d
frontend/src/i18n.ts,REFACTOR_LATER,NO,Active frontend file; large enough to be a maintenance risk but tests/build pass.,Refactor after pipeline blockers.,53893,1233,text-read,c24e68427b14
frontend/src/lib/display.test.ts,KEEP,NO,Active frontend source/test/style file; frontend tests/lint/type/build pass.,Keep.,1578,28,text-read,6bec111756ad
frontend/src/lib/display.ts,KEEP,NO,Active frontend source/test/style file; frontend tests/lint/type/build pass.,Keep.,6657,172,text-read,30f42ad2cf7f
frontend/src/lib/evidence.ts,KEEP,NO,Active frontend source/test/style file; frontend tests/lint/type/build pass.,Keep.,8383,198,text-read,4f92e8ebee3a
frontend/src/lib/materialized.ts,KEEP,NO,Active frontend source/test/style file; frontend tests/lint/type/build pass.,Keep.,5610,221,text-read,7e2cd3931932
frontend/src/lib/review.ts,KEEP,NO,Active frontend source/test/style file; frontend tests/lint/type/build pass.,Keep.,6478,157,text-read,98dfa6fb1f2e
frontend/src/lib/validations/auth.ts,KEEP,NO,Active frontend source/test/style file; frontend tests/lint/type/build pass.,Keep.,1816,59,text-read,b3ebea012f64
frontend/src/main.tsx,KEEP,NO,Active frontend source/test/style file; frontend tests/lint/type/build pass.,Keep.,464,18,text-read,48a646334da0
frontend/src/pages/Baseline.module.css,KEEP,NO,Active frontend source/test/style file; frontend tests/lint/type/build pass.,Keep.,1316,86,text-read,71983366b04d
frontend/src/pages/Baseline.test.tsx,KEEP,NO,Active frontend source/test/style file; frontend tests/lint/type/build pass.,Keep.,2345,82,text-read,5c4d5304da60
frontend/src/pages/Baseline.tsx,KEEP,NO,Active frontend source/test/style file; frontend tests/lint/type/build pass.,Keep.,3602,109,text-read,c58c734fbe2b
frontend/src/pages/Cases.module.css,KEEP,NO,Active frontend source/test/style file; frontend tests/lint/type/build pass.,Keep.,5039,287,text-read,fa7de4bbf159
frontend/src/pages/Cases.test.tsx,KEEP,NO,Active frontend source/test/style file; frontend tests/lint/type/build pass.,Keep.,4044,129,text-read,a11b41c8d7c4
frontend/src/pages/Cases.tsx,KEEP,NO,Active frontend source/test/style file; frontend tests/lint/type/build pass.,Keep.,12088,306,text-read,b65c75aa134e
frontend/src/pages/Dashboard.module.css,KEEP,NO,Active frontend source/test/style file; frontend tests/lint/type/build pass.,Keep.,13659,681,text-read,dab4fbb6e19a
frontend/src/pages/Dashboard.test.tsx,KEEP,NO,Active frontend source/test/style file; frontend tests/lint/type/build pass.,Keep.,12082,331,text-read,d16cf40ce1de
frontend/src/pages/Dashboard.tsx,KEEP,NO,Active frontend source/test/style file; frontend tests/lint/type/build pass.,Keep.,37268,930,text-read,b5edacf22bde
frontend/src/pages/EntityAnalysis.module.css,KEEP,NO,Active frontend source/test/style file; frontend tests/lint/type/build pass.,Keep.,3571,209,text-read,8fceae6fba07
frontend/src/pages/EntityAnalysis.test.tsx,KEEP,NO,Active frontend source/test/style file; frontend tests/lint/type/build pass.,Keep.,4903,177,text-read,2eb237b560e4
frontend/src/pages/EntityAnalysis.tsx,KEEP,NO,Active frontend source/test/style file; frontend tests/lint/type/build pass.,Keep.,17412,549,text-read,50b4f7656e71
frontend/src/pages/GraphExplorer.module.css,KEEP,NO,Active frontend source/test/style file; frontend tests/lint/type/build pass.,Keep.,817,48,text-read,c62e1e0781a4
frontend/src/pages/GraphExplorer.test.tsx,KEEP,NO,Active frontend source/test/style file; frontend tests/lint/type/build pass.,Keep.,2866,97,text-read,7e538aaa8896
frontend/src/pages/GraphExplorer.tsx,KEEP,NO,Active frontend source/test/style file; frontend tests/lint/type/build pass.,Keep.,4340,128,text-read,34e36648edfd
frontend/src/pages/InvestigationDossier.module.css,KEEP,NO,Active frontend source/test/style file; frontend tests/lint/type/build pass.,Keep.,14483,777,text-read,a48f9e027972
frontend/src/pages/InvestigationDossier.test.tsx,KEEP,NO,Active frontend source/test/style file; frontend tests/lint/type/build pass.,Keep.,7786,221,text-read,1da9ac8efebb
frontend/src/pages/InvestigationDossier.tsx,KEEP,NO,Active frontend source/test/style file; frontend tests/lint/type/build pass.,Keep.,29123,719,text-read,ebb220b7a20d
frontend/src/pages/Investigations.module.css,KEEP,NO,Active frontend source/test/style file; frontend tests/lint/type/build pass.,Keep.,333,25,text-read,dbb6d621828d
frontend/src/pages/Investigations.test.tsx,KEEP,NO,Active frontend source/test/style file; frontend tests/lint/type/build pass.,Keep.,2578,76,text-read,dd9b63997540
frontend/src/pages/Investigations.tsx,KEEP,NO,Active frontend source/test/style file; frontend tests/lint/type/build pass.,Keep.,1351,39,text-read,4cdf9367a25a
frontend/src/pages/Landing.module.css,KEEP,NO,Active frontend source/test/style file; frontend tests/lint/type/build pass.,Keep.,7957,466,text-read,e6c2825c50d2
frontend/src/pages/Landing.test.tsx,KEEP,NO,Active frontend source/test/style file; frontend tests/lint/type/build pass.,Keep.,6279,215,text-read,33a462975340
frontend/src/pages/Landing.tsx,KEEP,NO,Active frontend source/test/style file; frontend tests/lint/type/build pass.,Keep.,14178,365,text-read,40a9d84c38c2
frontend/src/pages/Login.module.css,KEEP,NO,Active frontend source/test/style file; frontend tests/lint/type/build pass.,Keep.,2566,132,text-read,1ff9e7852a46
frontend/src/pages/Login.test.tsx,KEEP,NO,Active frontend source/test/style file; frontend tests/lint/type/build pass.,Keep.,3515,129,text-read,1b86ed65649c
frontend/src/pages/Login.tsx,KEEP,NO,Active frontend source/test/style file; frontend tests/lint/type/build pass.,Keep.,3266,103,text-read,da9b3e45121a
frontend/src/pages/Patterns.module.css,KEEP,NO,Active frontend source/test/style file; frontend tests/lint/type/build pass.,Keep.,999,68,text-read,528c802628e6
frontend/src/pages/Patterns.test.tsx,KEEP,NO,Active frontend source/test/style file; frontend tests/lint/type/build pass.,Keep.,3837,143,text-read,367c437632f1
frontend/src/pages/Patterns.tsx,KEEP,NO,Active frontend source/test/style file; frontend tests/lint/type/build pass.,Keep.,3119,96,text-read,81de437dd757
frontend/src/pages/Register.module.css,KEEP,NO,Active frontend source/test/style file; frontend tests/lint/type/build pass.,Keep.,2566,132,text-read,1ff9e7852a46
frontend/src/pages/Register.test.tsx,KEEP,NO,Active frontend source/test/style file; frontend tests/lint/type/build pass.,Keep.,3721,130,text-read,de61ab6bddaf
frontend/src/pages/Register.tsx,KEEP,NO,Active frontend source/test/style file; frontend tests/lint/type/build pass.,Keep.,5038,148,text-read,9dea4d69734b
frontend/src/pages/Results.module.css,KEEP,NO,Active frontend source/test/style file; frontend tests/lint/type/build pass.,Keep.,11964,632,text-read,6c34e3799e08
frontend/src/pages/Results.test.tsx,KEEP,NO,Active frontend source/test/style file; frontend tests/lint/type/build pass.,Keep.,16824,496,text-read,eab9fee92492
frontend/src/pages/Results.tsx,REFACTOR_LATER,NO,Active frontend file; large enough to be a maintenance risk but tests/build pass.,Refactor after pipeline blockers.,51838,1358,text-read,1dcb8688becf
frontend/src/pages/Search.module.css,KEEP,NO,Active frontend source/test/style file; frontend tests/lint/type/build pass.,Keep.,293,19,text-read,fe9cf2e9bf22
frontend/src/pages/Search.test.tsx,KEEP,NO,Active frontend source/test/style file; frontend tests/lint/type/build pass.,Keep.,2686,96,text-read,b9d20edc8510
frontend/src/pages/Search.tsx,KEEP,NO,Active frontend source/test/style file; frontend tests/lint/type/build pass.,Keep.,1437,45,text-read,b2678b996d4e
frontend/src/pages/Sector.module.css,KEEP,NO,Active frontend source/test/style file; frontend tests/lint/type/build pass.,Keep.,2724,152,text-read,3e064fb27fef
frontend/src/pages/Sector.tsx,KEEP,NO,Active frontend source/test/style file; frontend tests/lint/type/build pass.,Keep.,5820,169,text-read,6d5ac3d5ec57
frontend/src/pages/SharedInvestigation.module.css,KEEP,NO,Active frontend source/test/style file; frontend tests/lint/type/build pass.,Keep.,2637,125,text-read,1516432af686
frontend/src/pages/SharedInvestigation.test.tsx,KEEP,NO,Active frontend source/test/style file; frontend tests/lint/type/build pass.,Keep.,2090,70,text-read,929ba65a1971
frontend/src/pages/SharedInvestigation.tsx,KEEP,NO,Active frontend source/test/style file; frontend tests/lint/type/build pass.,Keep.,2526,76,text-read,b025b0df177d
frontend/src/pages/Signals.module.css,KEEP,NO,Active frontend source/test/style file; frontend tests/lint/type/build pass.,Keep.,5845,295,text-read,bd0c405451cb
frontend/src/pages/Signals.test.tsx,KEEP,NO,Active frontend source/test/style file; frontend tests/lint/type/build pass.,Keep.,3857,113,text-read,19a277a7f5a4
frontend/src/pages/Signals.tsx,KEEP,NO,Active frontend source/test/style file; frontend tests/lint/type/build pass.,Keep.,11785,286,text-read,a5b9ab0d1c43
frontend/src/stores/auth.test.ts,KEEP,NO,Active frontend source/test/style file; frontend tests/lint/type/build pass.,Keep.,6251,210,text-read,a0e4026dfb8c
frontend/src/stores/auth.ts,KEEP,NO,Active frontend source/test/style file; frontend tests/lint/type/build pass.,Keep.,2796,104,text-read,1248e2c08fd1
frontend/src/stores/entityAnalysis.test.ts,KEEP,NO,Active frontend source/test/style file; frontend tests/lint/type/build pass.,Keep.,2275,66,text-read,633a8f791e4c
frontend/src/stores/entityAnalysis.ts,KEEP,NO,Active frontend source/test/style file; frontend tests/lint/type/build pass.,Keep.,1286,34,text-read,7ba85c122855
frontend/src/stores/graphExplorer.test.ts,KEEP,NO,Active frontend source/test/style file; frontend tests/lint/type/build pass.,Keep.,7041,222,text-read,991104f4c380
frontend/src/stores/graphExplorer.ts,KEEP,NO,Active frontend source/test/style file; frontend tests/lint/type/build pass.,Keep.,4561,202,text-read,84159738931a
frontend/src/stores/investigation.ts,KEEP,NO,Active frontend source/test/style file; frontend tests/lint/type/build pass.,Keep.,4452,131,text-read,700c2d6466ef
frontend/src/stores/toast.test.ts,KEEP,NO,Active frontend source/test/style file; frontend tests/lint/type/build pass.,Keep.,2987,97,text-read,685ada3940f6
frontend/src/stores/toast.ts,KEEP,NO,Active frontend source/test/style file; frontend tests/lint/type/build pass.,Keep.,1081,52,text-read,232724ad62c0
frontend/src/styles/global.css,KEEP,NO,Active frontend source/test/style file; frontend tests/lint/type/build pass.,Keep.,3552,159,text-read,5add3ae803eb
frontend/src/styles/tokens.ts,KEEP,NO,Active frontend source/test/style file; frontend tests/lint/type/build pass.,Keep.,4304,142,text-read,a004775e4d36
frontend/src/test-setup.ts,KEEP,NO,Active frontend source/test/style file; frontend tests/lint/type/build pass.,Keep.,489,18,text-read,c7e9c1f531bf
frontend/src/vite-env.d.ts,KEEP,NO,Active frontend source/test/style file; frontend tests/lint/type/build pass.,Keep.,157,9,text-read,94dfb4eb57ff
frontend/tsconfig.json,KEEP,NO,Frontend build/container/tooling configuration.,Keep.,575,24,valid-json,9fb22aec6070
frontend/vite.config.ts,KEEP,NO,Frontend build/container/tooling configuration.,Keep.,391,21,text-read,cc465f9a5f67
frontend/vitest.config.ts,KEEP,NO,Frontend build/container/tooling configuration.,Keep.,354,17,text-read,28e212e2fbbf
infra/caddy/Caddyfile,KEEP,NO,Deployment/Neo4j/Caddy/backup infrastructure.,Keep; validate once graph loader exists.,402,20,text-read,2d9fd80d611c
infra/docker/docker-compose.prod.images.yml,KEEP,NO,Deployment/Neo4j/Caddy/backup infrastructure.,Keep; validate once graph loader exists.,477,11,valid-yaml,3a6c9fb5251e
infra/docker/docker-compose.prod.yml,KEEP,NO,Deployment/Neo4j/Caddy/backup infrastructure.,Keep; validate once graph loader exists.,1677,74,valid-yaml,9d413ccad33b
infra/neo4j/init.cypher,KEEP,NO,Deployment/Neo4j/Caddy/backup infrastructure.,Keep; validate once graph loader exists.,5351,132,text-read,d77d511f0275
infra/scripts/backup-cron.sh,KEEP,NO,Deployment/Neo4j/Caddy/backup infrastructure.,Keep; validate once graph loader exists.,531,17,text-read,b3513699f43e
infra/scripts/backup-neo4j.sh,KEEP,NO,Deployment/Neo4j/Caddy/backup infrastructure.,Keep; validate once graph loader exists.,575,17,text-read,949b49c90dbf
infra/scripts/deploy.sh,FIX,NO,Deploy script default path conflicts with GitHub workflow.,Unify deploy directory.,3124,96,text-read,898c0033ae08
infra/scripts/healthcheck-cron.sh,KEEP,NO,Deployment/Neo4j/Caddy/backup infrastructure.,Keep; validate once graph loader exists.,1397,42,text-read,e79ba6626862
infra/scripts/seed-dev.cypher,KEEP,NO,Deployment/Neo4j/Caddy/backup infrastructure.,Keep; validate once graph loader exists.,17200,567,text-read,4e967902b6f4
infra/scripts/seed-dev.sh,KEEP,NO,Deployment/Neo4j/Caddy/backup infrastructure.,Keep; validate once graph loader exists.,1268,44,text-read,0e92ac2be938
infra/scripts/snapshot-volume.sh,KEEP,NO,Deployment/Neo4j/Caddy/backup infrastructure.,Keep; validate once graph loader exists.,1466,40,text-read,42808d4e0d44
scripts/capture_fixture.py,KEEP,NO,Utility script still referenced by plans/tests or useful for fixture capture.,Keep.,1599,52,valid-python,557bcd893f23
scripts/check_compliance_pack.py,FIX_OR_RELAX,NO,Security gate is useful but currently fails because expected legal-index/README section are absent.,Add required docs or update gate expectations.,4714,156,valid-python,08a1f1e2619d
scripts/check_open_core_boundary.py,KEEP,NO,Useful public edition boundary gate; currently passes.,Keep.,2064,73,valid-python,1c621e203702
scripts/check_public_privacy.py,KEEP_FIX_INPUTS,NO,Useful public privacy gate; currently catches three public queries with :Person.,Fix queries or policy.,2108,73,valid-python,cfa2706d0ff4
scripts/ci/frontend_quality.sh,KEEP,NO,Repository utility script.,Keep.,386,22,text-read,2ab838cb7a5c
scripts/ci/python_quality.sh,KEEP,NO,Repository utility script.,Keep.,582,27,text-read,d8b8a88a532d
scripts/init_env.sh,KEEP,NO,Repository utility script.,Keep.,1863,57,text-read,5f76afb51a56
scripts/lake_reality.py,REWRITE,NO_BUT_DEFECTIVE,Lake reality gate is still hardcoded and exits green on dirty reports.,Rewrite as catalog-driven failing gate.,9311,278,valid-python,3c0c27b3049c
